company,location,total_laid_off,date,percentage_laid_off,industry,stage,funds_raised,country
Thinkific,"Vancouver, Non-U.S.",96.0,9/23/2026,,Education,Post-IPO,22,Canada
Intel,Sacramento,52.0,9/23/2026,,Hardware,Post-IPO,12,United States
Microsoft,Seattle,500.0,9/22/2026,,Other,Post-IPO,1,United States
Expedia,Seattle,58.0,9/22/2026,,Travel,Post-IPO,3300,United States
Apple,SF Bay Area,,9/21/2026,,Hardware,Post-IPO,1200,United States
Redwood Materials,Carson City,135.0,9/20/2026,0.1,Energy,Series E,4200,United States
Trustly,"Stockholm, Non-U.S.",200.0,9/17/2026,,Finance,Acquired,28,Sweden
Bluevine,"Bengaluru, Non-U.S.",80.0,9/17/2026,,Finance,Unknown,769,India
Pulley,SF Bay Area,,9/15/2026,1.0,Finance,Series B,50,United States
Oracle,SF Bay Area,,9/14/2026,,Other,Post-IPO,,United States
Bitcoin Suisse,"Zurich, Non-U.S.",60.0,9/11/2026,0.5,Crypto,Series A,,Switzerland
Booksy,"Warsaw, Non-U.S.",200.0,9/10/2026,0.2,Consumer,Series B,204,Poland
PhonePe,SF Bay Area,7.0,9/10/2026,,Finance,Acquired,3200,United States
Neo Financial,"Calgary, Non-U.S.",102.0,9/8/2026,0.1,Finance,Series D,544,Canada
Samsung,"Gurugram, Non-U.S.",80.0,9/8/2026,,Hardware,Post-IPO,,India
Harrison.ai,"Melbourne, Non-U.S.",,9/7/2026,,Healthcare,Series C,253,Australia
PayPal,"Tel Aviv, Non-U.S.",70.0,9/6/2026,,Finance,Post-IPO,216,Israel
The Trade Desk,Los Angeles,585.0,9/3/2026,0.15,Marketing,Post-IPO,257,United States
PayPal,SF Bay Area,251.0,9/3/2026,,Finance,Post-IPO,216,United States
Hale,"Berlin, Non-U.S.",,9/3/2026,1.0,Healthcare,Seed,1,Germany
Orionx,"Santiago, Non-U.S.",,9/3/2026,1.0,Crypto,Series A,,Chile
Zscaler,SF Bay Area,,9/3/2026,0.03,Security,Post-IPO,148,United States
Uber,SF Bay Area,3300.0,9/2/2026,0.1,Transportation,Post-IPO,25200,United States
PayPal,"Bengaluru, Non-U.S.",220.0,9/2/2026,,Finance,Post-IPO,216,India
Bizzabo,New York City,,9/2/2026,,Marketing,Series E,194,United States
Wonder,New York City,150.0,9/1/2026,0.07,Food,Series B,850,United States
Amazon,SF Bay Area,148.0,9/1/2026,,Retail,Post-IPO,8100,United States
Synopsys,SF Bay Area,128.0,9/1/2026,,Other,Post-IPO,,United States
Zomato,"Hyderabad, Non-U.S.",250.0,8/31/2026,,Food,Series J,914,India
PayPal,"Dublin, Non-U.S.",164.0,8/31/2026,,Finance,Post-IPO,216,Ireland
Amazon,Seattle,121.0,8/31/2026,,Retail,Post-IPO,8100,United States
Satvacart,"Gurugram, Non-U.S.",,8/31/2026,1.0,Food,Seed,2,India
Cubic3,"Dublin, Non-U.S.",70.0,8/28/2026,,Transportation,Unknown,,Ireland
Even Healthcare,"Bengaluru, Non-U.S.",350.0,8/27/2026,0.3,Healthcare,Series A,91,India
MonieWorld,"Lagos, Non-U.S.",,8/26/2026,1.0,Finance,Unknown,,Nigeria
PagerDuty,SF Bay Area,,8/26/2026,0.15,Product,Post-IPO,173,United States
Laybuy,"Tel Aviv, Non-U.S.",,8/24/2026,1.0,Security,Seed,51,Israel
SanDisk,"Tel Aviv, Non-U.S.",,8/24/2026,,Hardware,Post-IPO,713,Israel
Wi-Charge,"Tel Aviv, Non-U.S.",,8/23/2026,1.0,Manufacturing,Series C,87,Israel
Apple,SF Bay Area,200.0,8/21/2026,,Hardware,Post-IPO,1200,United States
Motive,SF Bay Area,251.0,8/19/2026,0.05,Transportation,Series F,567,United States
Qualtrics,Salt Lake City,117.0,8/19/2026,,Other,Acquired,400,United States
Tiktok,Los Angeles,75.0,8/19/2026,,Consumer,Acquired,,United States
Vast,Los Angeles,46.0,8/19/2026,0.04,Aerospace,Series A,650,United States
BlocPower,New York City,,8/19/2026,1.0,Energy,Unknown,268,United States
Pentera,Boston,60.0,8/17/2026,0.14,Security,Series D,249,United States
Relay,SF Bay Area,,8/17/2026,1.0,Other,Seed,8,United States
Anaconda,Austin,,8/13/2026,0.14,Data,Series C,233,United States
Netflix,SF Bay Area,,8/13/2026,,Media,Post-IPO,121900,United States
Bitwise,SF Bay Area,25.0,8/12/2026,0.14,Crypto,Unknown,154,United States
Convictional,"Waterloo, Non-U.S.",,8/12/2026,1.0,Other,Series B,49,Canada
LinkedIn,"Tel Aviv, Non-U.S.",50.0,8/11/2026,,Recruiting,Acquired,154,Israel
Rapid7,Boston,313.0,8/10/2026,0.12,Security,Post-IPO,89,United States
N-able Technologies,"Toronto, Non-U.S.",120.0,8/10/2026,0.06,Other,Post-IPO,225,Canada
Validient,"Sydney, Non-U.S.",,8/10/2026,1.0,Other,Unknown,,Australia
ClimateAI,SF Bay Area,,8/8/2026,1.0,Other,Series B,38,United States
Salesforce,SF Bay Area,133.0,8/7/2026,,Sales,Post-IPO,65,United States
VideoAmp,Los Angeles,50.0,8/7/2026,0.2,Marketing,Series F,456,United States
TikTok,Nashville,250.0,8/6/2026,,Consumer,Acquired,,United States
Infineon,"Munich, Non-U.S.",98.0,8/6/2026,,Manufacturing,Post-IPO,1500,Germany
Etsy,New York City,220.0,8/5/2026,0.12,Retail,Post-IPO,97,United States
Google,SF Bay Area,52.0,8/5/2026,,Consumer,Post-IPO,26,United States
LegalZoom,Austin,,8/5/2026,0.13,Legal,Post-IPO,952,United States
Proof of Play,New York City,,8/5/2026,1.0,Consumer,Seed,33,United States
Zillow,Seattle,500.0,8/4/2026,0.07,Real Estate,Post-IPO,97,United States
80 Acres Farms,Cincinnati,,8/4/2026,1.0,Food,Unknown,275,United States
jalebi.io,"Dubai, Non-U.S.",,8/4/2026,1.0,Food,Seed,,UAE
Nutanix,SF Bay Area,,8/4/2026,0.05,Infrastructure,Post-IPO,1100,United States
FalconX,SF Bay Area,,8/3/2026,0.1,Crypto,Series D,477,United States
Pump.fun,San Diego,40.0,8/1/2026,,Crypto,Unknown,,United States
Sparkgeo,"Vancouver, Non-U.S.",,8/1/2026,,Data,Unknown,,Canada
Chime,SF Bay Area,150.0,7/31/2026,0.1,Finance,Series G,2300,United States
ChargePoint,SF Bay Area,144.0,7/31/2026,0.1,Manufacturing,Unknown,1400,United States
Lightspeed Commerce,"Montreal, Non-U.S.",100.0,7/31/2026,0.03,Retail,Post-IPO,1200,Canada
Reforged Labs,"Singapore, Non-U.S.",,7/31/2026,1.0,Marketing,Seed,4,Singapore
GoLemon,"Lagos, Non-U.S.",33.0,7/30/2026,1.0,Retail,Unknown,,Nigeria
Krutrim,"Bengaluru, Non-U.S.",20.0,7/28/2026,0.5,AI,Unknown,304,India
Luno,"London, Non-U.S.",,7/28/2026,0.2,Crypto,Acquired,13,United Kingdom
ServiceNow,SF Bay Area,,7/28/2026,,Support,Post-IPO,84,United States
BuzzFeed,New York City,180.0,7/27/2026,0.35,Media,Post-IPO,696,United States
BitMart,New York City,,7/27/2026,1.0,Crypto,Series B,10,United States
Nothing,"London, Non-U.S.",100.0,7/26/2026,0.12,Hardware,Series C,454,United Kingdom
Papaya Gaming,"Tel Aviv, Non-U.S.",30.0,7/26/2026,0.07,Consumer,Unknown,,Israel
Dutch,SF Bay Area,,7/26/2026,,Other,Series B,43,United States
Patreon,SF Bay Area,93.0,7/23/2026,0.2,Media,Series F,413,United States
BitMEX,Non-U.S.,,7/23/2026,1.0,Crypto,Seed,,Seychelles
Amazon,Port St. Lucie,1110.0,7/22/2026,,Retail,Post-IPO,8100,United States
Monday.com,"Tel Aviv, Non-U.S.",630.0,7/22/2026,0.2,Product,Post-IPO,384,Israel
Amazon,Seattle,,7/22/2026,,Retail,Post-IPO,8100,United States
Uber,SF Bay Area,,7/22/2026,,Transportation,Post-IPO,25200,United States
WSC,"Tel Aviv, Non-U.S.",70.0,7/21/2026,0.1,Media,Series D,136,Israel
Movement Labs,New York City,,7/21/2026,1.0,Crypto,Series B,141,United States
Magic Leap,Miami,193.0,7/20/2026,,Consumer,Series E,4100,United States
Intel,Sacramento,,7/20/2026,,Hardware,Post-IPO,12,United States
Samsung,New York City,739.0,7/19/2026,,Hardware,Post-IPO,,United States
Samsung,Dallas,100.0,7/19/2026,,Hardware,Post-IPO,,United States
Polygon,"Cayman Islands, Non-U.S.",,7/16/2026,,Crypto,Unknown,451,Cayman Islands
Sprout Social,Chicago,260.0,7/15/2026,0.2,Marketing,Post-IPO,111,United States
Rapid7,Boston,21.0,7/14/2026,0.01,Security,Post-IPO,89,United States
Redis,SF Bay Area,200.0,7/13/2026,,Data,Series G,357,United States
Gigbanc,"Lagos, Non-U.S.",,7/13/2026,1.0,Finance,Seed,1,Nigeria
Alarum,"Tel Aviv, Non-U.S.",,7/12/2026,,Security,Post-IPO,34,Israel
GoKwik,"New Delhi, Non-U.S.",100.0,7/11/2026,,Finance,Unknown,68,India
OpenText,"Waterloo, Non-U.S.",400.0,7/8/2026,0.02,Data,Post-IPO,1100,Canada
MyHeritage,"Tel Aviv, Non-U.S.",75.0,7/8/2026,0.15,Consumer,Acquired,49,Israel
Mews,"Amsterdam, Non-U.S.",200.0,7/7/2026,0.15,Travel,Series D,817,Netherlands
Darrow,"Tel Aviv, Non-U.S.",60.0,7/7/2026,0.33,Legal,Series B,63,Israel
Billion Hearts,"Bengaluru, Non-U.S.",,7/7/2026,1.0,Consumer,Seed,5,India
PokerStars,"Leeds, Non-U.S.",,7/7/2026,,Consumer,Acquired,,United Kingdom
Microsoft,Seattle,4800.0,7/6/2026,0.02,Other,Post-IPO,1,United States
Amazon,Seattle,57.0,7/6/2026,,Retail,Post-IPO,8100,United States
Yield Guild Games,New York City,35.0,7/6/2026,,Crypto,Unknown,36,United States
Coursera,SF Bay Area,,7/6/2026,,Education,Acquired,458,United States
Hotmart,"Belo Horizonte, Non-U.S.",,7/6/2026,0.1,Marketing,Series C,127,Brazil
CorroHealth,"Kochi, Non-U.S.",800.0,7/3/2026,,Healthcare,Private Equity,376,India
TikTok,"Dublin, Non-U.S.",300.0,7/1/2026,,Consumer,Acquired,,Ireland
Tokopedia,"Jakarta, Non-U.S.",,7/1/2026,0.9,Retail,Acquired,2800,Indonesia
PlaxidityX,"Tel Aviv, Non-U.S.",80.0,6/30/2026,,Security,Acquired,25,Israel
Elementor,"Tel Aviv, Non-U.S.",100.0,6/29/2026,0.3,Media,Series B,65,Israel
Equip Health,San Diego,,6/29/2026,0.04,Healthcare,Unknown,164,United States
SAS,Raleigh,300.0,6/26/2026,,Data,Unknown,,United States
ADP,Jersey City,76.0,6/26/2026,,HR,Post-IPO,,United States
Culture Amp,"Melbourne, Non-U.S.",70.0,6/26/2026,0.09,HR,Series F,257,Australia
CompanyCam,Lincoln,,6/26/2026,,Recruiting,Series C,38,United States
JiviAI,"Gurugram, Non-U.S.",,6/26/2026,1.0,Healthcare,Seed,,India
Bungie,Seattle,292.0,6/25/2026,,Consumer,Acquired,100,United States
BitGo,SF Bay Area,90.0,6/25/2026,0.15,Crypto,Unknown,171,United States
Amperity,Seattle,,6/25/2026,,Marketing,Series D,187,United States
Sonos,Santa Barbara,,6/25/2026,0.03,Consumer,Post-IPO,455.2,United States
Cyberbit,"Tel Aviv, Non-U.S.",,6/24/2026,,Security,Unknown,,Israel
Elastic,SF Bay Area,,6/24/2026,0.07,Data,Post-IPO,162,United States
Snyk,Boston,,6/24/2026,,Security,Series F,849,United States
Oracle,SF Bay Area,21000.0,6/23/2026,0.13,Other,Post-IPO,,United States
Ethereum Foundation,"Zug, Non-U.S.",54.0,6/23/2026,0.2,Crypto,Unknown,18,Switzerland
Lazada Group ,"Singapore, Non-U.S.",,6/23/2026,0.05,Retail,Acquired,7200,Singapore
Lucid Motors,SF Bay Area,1500.0,6/22/2026,0.18,Transportation,Post-IPO,8300,United States
91Trucks,"Gurugram, Non-U.S.",100.0,6/22/2026,0.7,Transportation,Series A,5,India
Tractive,"Vienna, Non-U.S.",,6/22/2026,,Hardware,Acquired,38,Austria
Lastminute,"Amsterdam, Non-U.S.",400.0,6/17/2026,0.25,Travel,Post-IPO,,Netherlands
Optimove,"Tel Aviv, Non-U.S.",,6/17/2026,0.1,Marketing,Series A,20,Israel
Robinhood,SF Bay Area,290.0,6/16/2026,0.1,Finance,Post-IPO,6200,United States
Artlist,"Tel Aviv, Non-U.S.",200.0,6/16/2026,0.4,Media,Unknown,48,Israel
FNZ,"London, Non-U.S.",,6/16/2026,,Finance,Private Equity,3500,United Kingdom
Matter Labs,"Berlin, Non-U.S.",,6/16/2026,,Crypto,Unknown,308,Germany
Rackspace,San Antonio,,6/16/2026,0.15,Data,Acquired,17,United States
Rivian,Detroit,,6/16/2026,0.02,Transportation,Post-IPO,10700,United States
Pleo,"Copenhagen, Non-U.S.",50.0,6/12/2026,,Finance,Series C,428,Denmark
ServiceNow,SF Bay Area,54.0,6/11/2026,,Support,Post-IPO,84,United States
Opendoor,"Bengaluru, Non-U.S.",250.0,6/10/2026,,Real Estate,Post-IPO,1900,India
Veritone,Los Angeles,111.0,6/10/2026,0.25,AI,Post-IPO,514,United States
Shopee,"Singapore, Non-U.S.",,6/10/2026,0.08,Food,Unknown,,Singapore
Paytm,"Noida, Non-U.S.",400.0,6/9/2026,0.01,Finance,Subsidiary,,India
Salesforce,SF Bay Area,86.0,6/9/2026,,Sales,Post-IPO,65,United States
Verily,SF Bay Area,58.0,6/9/2026,,Healthcare,Subsidiary,3500,United States
Hailo,"Tel Aviv, Non-U.S.",110.0,6/8/2026,0.5,Manufacturing,Series C,344,Israel
Tools for Humanity,SF Bay Area,,6/8/2026,,AI,Series C,244,United States
Zencity,"Tel Aviv, Non-U.S.",15.0,6/7/2026,,Other,Unknown,51,Israel
Quizlet,SF Bay Area,79.0,6/5/2026,,Education,Series C,62,United States
FanDuel,New York City,,6/5/2026,,Consumer,Acquired,416,United States
Google,SF Bay Area,,6/4/2026,,Consumer,Post-IPO,26,United States
Dandy,New York City,160.0,6/3/2026,,Healthcare,Series D,172,United States
Skai,"Tel Aviv, Non-U.S.",100.0,6/3/2026,0.2,Marketing,Series E,60,Israel
Uber,SF Bay Area,,6/3/2026,0.01,Transportation,Post-IPO,25200,United States
GitLab,SF Bay Area,350.0,6/2/2026,0.14,Product,Post-IPO,413,United States
Aleph Farms,"Tel Aviv, Non-U.S.",10.0,6/2/2026,,Food,Unknown,119,Israel
Manhattan Associates,Atlanta,,6/2/2026,0.06,Logistics,Post-IPO,,United States
Lightricks,"Jerusalem, Non-U.S.",75.0,6/1/2026,0.17,Consumer,Series D,335,Israel
Credit Karma,SF Bay Area,117.0,5/30/2026,,Finance,Acquired,868,United States
SentinelOne,SF Bay Area,230.0,5/29/2026,0.08,Security,Post-IPO,696,United States
Interview Kickstart,SF Bay Area,50.0,5/29/2026,,Education,Unknown,10,United States
BenchSci,"Toronto, Non-U.S.",68.0,5/28/2026,0.3,Healthcare,Series D,164,Canada
Amdocs,St. Louis,,5/28/2026,0.07,Support,Post-IPO,,United States
Rapyd,"Tel Aviv, Non-U.S.",,5/28/2026,,Finance,Unknown,770,Israel
NetApp,SF Bay Area,77.0,5/27/2026,,Data,Post-IPO,,United States
Webflow,SF Bay Area,,5/27/2026,,Marketing,Series C,335,United States
Groupon,Chicago,400.0,5/26/2026,0.25,Retail,Post-IPO,1400,United States
BigID,New York City,,5/26/2026,0.2,Security,Series E,306,United States
Picnic,Seattle,,5/26/2026,1.0,Food,Unknown,52,United States
Wix,"Tel Aviv, Non-U.S.",1000.0,5/25/2026,0.2,Marketing,Post-IPO,58,Israel
ClickUp,San Diego,,5/21/2026,0.22,Other,Series C,537,United States
Meta,SF Bay Area,8000.0,5/20/2026,0.1,Consumer,Post-IPO,26000,United States
Intuit,SF Bay Area,3000.0,5/20/2026,0.17,Finance,Post-IPO,18,United States
AI21 Labs,"Tel Aviv, Non-U.S.",110.0,5/18/2026,0.61,AI,Series D,626,Israel
Kraken,SF Bay Area,150.0,5/15/2026,,Crypto,Unknown,134,United States
Innovaccer,SF Bay Area,340.0,5/14/2026,,Healthcare,Series E,379,United States
Dune,"Oslo, Non-U.S.",,5/14/2026,0.25,Crypto,Series B,79,Norway
Gambling.com Group,"Dublin, Non-U.S.",,5/14/2026,,Other,Post-IPO,276,Ireland
Cisco,SF Bay Area,4000.0,5/13/2026,0.05,Infrastructure,Post-IPO,2,United States
LinkedIn,SF Bay Area,875.0,5/13/2026,0.05,Recruiting,Acquired,154,United States
Jumia,"Lagos, Non-U.S.",200.0,5/13/2026,,Retail,Post-IPO,1200,Nigeria
Guesty,"Tel Aviv, Non-U.S.",20.0,5/13/2026,0.02,Travel,Series F,411,Israel
Breadfast,"Cairo, Non-U.S.",58.0,5/12/2026,,Food,Series C,89,Egypt
Trend Micro,"Sydney, Non-U.S.",45.0,5/12/2026,,Security,Post-IPO,,Australia
MRI Software,Cleveland,200.0,5/11/2026,,Real Estate,Acquired,16,United States
One Identity,"Dresden, Non-U.S.",41.0,5/11/2026,,Security,Unknown,,Germany
MessageBird,"Amsterdam, Non-U.S.",,5/11/2026,0.2,Other,Series C,1100,Netherlands
ZoomInfo,Portland,600.0,5/10/2026,0.2,Sales,Post-IPO,7,United States
Adda247,"Gurugram, Non-U.S.",200.0,5/10/2026,0.2,Education,Series B,61,India
Parker,New York City,,5/9/2026,1.0,Finance,Series B,57,United States
Staffbase,"Chemnitz, Non-U.S.",176.0,5/8/2026,0.22,Other,Series E,306,Germany
Cloudflare,SF Bay Area,1100.0,5/7/2026,0.2,Security,Post-IPO,332,United States
Bill.com,SF Bay Area,709.0,5/7/2026,0.3,Finance,Post-IPO,280,United States
Ticketmaster,Los Angeles,350.0,5/7/2026,0.08,Consumer,Acquired,,United States
DeepL,"Cologne, Non-U.S.",250.0,5/7/2026,0.21,AI,Unknown,400,Germany
Upwork,SF Bay Area,151.0,5/7/2026,0.24,Other,Post-IPO,168,United States
Truecaller,"Stockholm, Non-U.S.",70.0,5/7/2026,,Consumer,Post-IPO,101,Sweden
Arctic Wolf,Minneapolis,250.0,5/6/2026,0.1,Security,Unknown,899,United States
Pocket FM,"Bengaluru, Non-U.S.",100.0,5/6/2026,0.1,Media,Series D,212,India
LSports,"Tel Aviv, Non-U.S.",40.0,5/6/2026,0.2,Data,Unknown,,Israel
ApnaMart,"Bengaluru, Non-U.S.",35.0,5/6/2026,0.1,Food,Series B,40,India
reAlpha,Columbus,,5/6/2026,0.25,Real Estate,Post-IPO,229,United States
Coinbase,SF Bay Area,700.0,5/5/2026,0.14,Crypto,Post-IPO,549,United States
Freshworks,SF Bay Area,500.0,5/5/2026,0.11,Support,Post-IPO,484,United States
0G,SF Bay Area,,5/5/2026,0.25,Crypto,Unknown,,United States
Careem,"Dubai, Non-U.S.",,5/5/2026,,Transportation,Acquired,771,United Arab Emirates
Shopify,"Ottawa, Non-U.S.",30.0,5/4/2026,,Retail,Post-IPO,122,Canada
Pentera,Boston,40.0,4/27/2026,0.08,Security,Series D,249,United States
SuperOps,"Chennai, Non-U.S.",60.0,4/24/2026,0.3,Other,Series C,54,India
Remarkable,"Oslo, Non-U.S.",200.0,4/22/2026,,Hardware,Unknown,104,Norway
Noa Technologies,SF Bay Area,69.0,4/22/2026,,Other,Unknown,,United States
Epidemic Sound,"Stockholm, Non-U.S.",150.0,4/21/2026,0.33,Media,Private Equity,509,Sweden
GeoComply,"Vancouver, Non-U.S.",68.0,4/21/2026,0.15,Security,Private Equity,,United States
Zondacrypto,"Tallinn, Non-U.S.",,4/21/2026,,Crypto,,,Estonia
Qt Company,"Oslo, Non-U.S.",200.0,4/20/2026,,Product,Series B,7,Norway
Acko,"Mumbai, Non-U.S.",60.0,4/20/2026,0.05,Finance,Unknown,143,India
Sama,"Nairobi, Non-U.S.",1108.0,4/16/2026,,AI,Series B,85,Kenya
Shutterfly,"Haifa, Non-U.S.",80.0,4/16/2026,,Manufacturing,Post-IPO,50,United States
Quora,SF Bay Area,,4/16/2026,,Consumer,Series D,226,United States
Snap,Los Angeles,1000.0,4/15/2026,0.16,Consumer,Post-IPO,4900,United States
UKG,Boston,950.0,4/15/2026,,HR,Unknown,,United States
Taboola,New York City,100.0,4/15/2026,0.05,Marketing,Post-IPO,445,United States
Swyftx,"Brisbane, Non-U.S.",37.0,4/15/2026,0.15,Crypto,Unknown,,Australia
Nayax,"Tel Aviv, Non-U.S.",32.0,4/15/2026,0.03,Finance,Post-IPO,245,Israel
Productboard,SF Bay Area,,4/15/2026,0.3,Product,Series D,,United States
GoCardless,"London, Non-U.S.",90.0,4/14/2026,,Finance,Series G,529,United Kingdom
Eventbrite,SF Bay Area,,4/13/2026,,Consumer,Acquired,290,United States
StarkWare,"Tel Aviv, Non-U.S.",,4/13/2026,,Crypto,Series D,273,Israel
Esh Group,"Tel Aviv, Non-U.S.",,4/12/2026,,Finance,Acquired,,Israel
Life360,SF Bay Area,,4/10/2026,,Consumer,Post-IPO,158,United States
Qualcomm,San Diego,104.0,4/9/2026,,Hardware,Post-IPO,,United States
Cars.com,Chicago,,4/9/2026,0.11,Transportation,Acquired,,United States
Pepper Pay,Miami,,4/9/2026,1.0,Finance,Unknown,,United States
IAC,New York City,77.0,4/8/2026,0.02,Consumer,Post-IPO,,United States
GoPro,SF Bay Area,145.0,4/7/2026,0.23,Consumer,Post-IPO,288,United States
Pendo,Raleigh,90.0,4/7/2026,0.1,Product,Series F,469,United States
Bolt,SF Bay Area,,4/5/2026,0.33,Finance,Series E,1300,United States
Welltech,"Limassol, Non-U.S.",225.0,4/3/2026,0.3,Fitness,Unknown,,Cyprus
NeuroPixel.AI,"Bengaluru, Non-U.S.",,4/3/2026,1.0,Retail,Seed,1,India
Vimeo,New York City,,4/3/2026,,Consumer,Post-IPO,450,United States
Meta,SF Bay Area,200.0,4/2/2026,,Consumer,Post-IPO,26000,United States
MARA,Miami,,4/2/2026,0.15,Crypto,Post-IPO,4100,United States
Sonos,Santa Barbara,,4/1/2026,,Consumer,Post-IPO,455.2,United States
Monzo,"London, Non-U.S.",50.0,3/31/2026,,Finance,Series F,324,United Kingdom
SoundThinking,SF Bay Area,15.0,3/31/2026,,Security,Unknown,68,United States
Covrzy,"Bengaluru, Non-U.S.",,3/31/2026,1.0,Finance,Seed,,India
Rec Room,Seattle,,3/31/2026,1.0,Consumer,Series F,294,United States
Yupp,SF Bay Area,,3/31/2026,1.0,AI,Seed,33,United States
Enpal,"Berlin, Non-U.S.",100.0,3/27/2026,,Energy,Series E,3500,Germany
Monte Carlo,SF Bay Area,,3/26/2026,0.3,Data,Series D,236,United States
Quandoo,"Berlin, Non-U.S.",,3/26/2026,1.0,Food,Acquired,39,Germany
Meta,SF Bay Area,700.0,3/25/2026,0.01,Consumer,Post-IPO,26000,United States
Epic Games,Raleigh,1000.0,3/24/2026,,Consumer,Unknown,6400,United States
Zendesk,SF Bay Area,100.0,3/24/2026,,Support,Acquired,85,United States
Flex AI,"Vancouver, Non-U.S.",,3/24/2026,1.0,Fitness,,,Canada
OpenText,"Waterloo, Non-U.S.",,3/24/2026,,Data,Post-IPO,1100,Canada
Spotify,"Stockholm, Non-U.S.",15.0,3/23/2026,,Media,Post-IPO,2100,Sweden
Gemini,New York City,,3/20/2026,0.3,Crypto,Unknown,423,United States
Snowflake,SF Bay Area,70.0,3/19/2026,,Data,Post-IPO,2900,United States
Crypto.com,"Singapore, Non-U.S.",,3/19/2026,0.12,Crypto,Unknown,,Singapore
Algorand Foundation,"Singapore, Non-U.S.",,3/18/2026,0.25,Crypto,Unknown,,Singapore
FranShares,Chicago,,3/17/2026,1.0,Finance,Seed,6,United States
Dell,Austin,11000.0,3/16/2026,0.1,Hardware,Post-IPO,,United States
Stone,"Sao Paulo, Non-U.S.",400.0,3/13/2026,0.03,Finance,Post-IPO,521,Brazil
Loopio,"Toronto, Non-U.S.",36.0,3/13/2026,0.12,Sales,Private Equity,263,Canada
Digg,New York City,,3/13/2026,,Consumer,Acquired,49,United States
OP Labs,New York City,20.0,3/12/2026,,Crypto,,,United States
Atlassian,"Sydney, Non-U.S.",1600.0,3/11/2026,0.1,Other,Post-IPO,210,Australia
InvestCloud,Los Angeles,150.0,3/10/2026,,Finance,Private Equity,54,United States
Flipkart,"Bengaluru, Non-U.S.",500.0,3/6/2026,,Retail,Acquired,12900,India
SSense,"Montreal, Non-U.S.",215.0,3/5/2026,,Retail,Series A,,Canada
Marketsource,Atlanta,57.0,3/5/2026,0.11,Sales,Unknown,,United States
Supernal,Los Angeles,296.0,3/4/2026,0.8,Transportation,Unknown,,United States
Envato,"Melbourne, Non-U.S.",200.0,3/4/2026,0.3,Marketing,Unknown,,Australia
Amazon,Seattle,100.0,3/4/2026,,Retail,Post-IPO,8100,United States
At-Bay,"Tel Aviv, Non-U.S.",25.0,3/4/2026,,Security,Unknown,296,United States
MicroVision,Seattle,49.0,3/3/2026,,Other,Post-IPO,415,United States
Verint Systems,New York City,,3/2/2026,,Security,Acquired,213,United States
Zap Africa,"Lagos, Non-U.S.",,2/28/2026,0.44,Finance,Seed,,Nigeria
Block,SF Bay Area,4000.0,2/26/2026,0.4,Finance,Post-IPO,150,United States
Ocado,"London, Non-U.S.",1000.0,2/26/2026,0.05,Food,Post-IPO,2000,United Kingdom
eBay,SF Bay Area,800.0,2/26/2026,0.06,Retail,Post-IPO,1200,Israel
C3.ai,SF Bay Area,280.0,2/25/2026,0.26,AI,Series F,228,United States
Deliveroo,"London, Non-U.S.",187.0,2/25/2026,,Food,Post-IPO,1700,United Kingdom
WiseTech,"Sydney, Non-U.S.",2000.0,2/24/2026,0.3,Logistics,Post-IPO,3000,Australia
TrueCar,Los Angeles,100.0,2/24/2026,0.3,Transportation,Post-IPO,340,United States
DraftKings,Boston,,2/24/2026,,Consumer,Post-IPO,719,United States
Livspace,"Bengaluru, Non-U.S.",1000.0,2/20/2026,0.12,Consumer,Series F,482,India
Lucid Motors,SF Bay Area,,2/20/2026,0.12,Transportation,Post-IPO,8300,United States
Codecademy,New York City,,2/19/2026,,Education,Acquired,87,United States
Xero,"Wellington, Non-U.S.",250.0,2/18/2026,,Finance,Post-IPO,681,New Zealand
Cyberark,Boston,500.0,2/17/2026,0.12,Security,Acquired,1700,United States
Huawei,"Tel Aviv, Non-U.S.",50.0,2/15/2026,,Hardware,Unknown,,Israel
Axonius,New York City,40.0,2/15/2026,0.04,Security,Series E,865,United States
Firebolt,"Tel Aviv, Non-U.S.",,2/15/2026,,Data,Series C,264,Israel
Clari,SF Bay Area,76.0,2/12/2026,,Sales,Acquired,496,United States
Glossier,New York City,50.0,2/11/2026,0.33,Retail,Series E,266,United States
Dayforce,"Toronto, Non-U.S.",,2/11/2026,0.05,HR,Post-IPO,40,Canada
Fi.Money,"Bengaluru, Non-U.S.",,2/10/2026,0.4,Finance,Series C,,India
Riot Games,Los Angeles,80.0,2/9/2026,,Consumer,Acquired,21,United States
Salesforce,SF Bay Area,,2/9/2026,,Sales,Post-IPO,65,United States
Workday,SF Bay Area,400.0,2/4/2026,0.02,HR,Post-IPO,230,United States
Rewire,"Tel Aviv, Non-U.S.",110.0,2/4/2026,,Finance,Acquired,57,Israel
Smartsheet,Seattle,,2/4/2026,,Other,Post-IPO,152,United States
Zillow,Seattle,200.0,2/2/2026,,Real Estate,Post-IPO,97,United States
Zipcar,Boston,126.0,2/2/2026,,Transportation,Acquired,107,United States
Expedia,Seattle,100.0,2/1/2026,,Travel,Post-IPO,3300,United States
Zupee,"New Delhi, Non-U.S.",200.0,1/30/2026,,Consumer,Series B,121,India
Peloton,New York City,,1/30/2026,0.11,Fitness,Post-IPO,1900,United States
Kiwi.com,"Brno, Non-U.S.",250.0,1/29/2026,0.36,Travel,Unknown,107,Czech Republic
Gloo,Boulder,,1/29/2026,,Consumer,Post-IPO,152,United States
Amazon,Seattle,16000.0,1/28/2026,,Retail,Post-IPO,8100,United States
ASML,"Veldhoven, Non-U.S.",1700.0,1/28/2026,,Hardware,Post-IPO,,Netherlands
Pinterest,SF Bay Area,700.0,1/27/2026,0.15,Consumer,Post-IPO,1500,United States
Moon Active,"Tel Aviv, Non-U.S.",110.0,1/27/2026,0.05,Consumer,Unknown,425,Israel
Expedia,Seattle,,1/26/2026,,Travel,Post-IPO,3300,United States
Entropy,New York City,,1/25/2026,1.0,Crypto,Seed,27,United States
Roof Stacks,"Istanbul, Non-U.S.",220.0,1/24/2026,,Consumer,Seed,1,Turkey
Autodesk,SF Bay Area,1000.0,1/22/2026,0.07,Other,Post-IPO,,United States
Shopify,"Ottawa, Non-U.S.",,1/22/2026,,Retail,Post-IPO,122,Canada
Vimeo,New York City,,1/21/2026,,Consumer,Post-IPO,450,United States
Polygon,"Cayman Islands, Non-U.S.",60.0,1/16/2026,,Crypto,Unknown,451,Cayman Islands
Ericsson,"Stockholm, Non-U.S.",1600.0,1/15/2026,,Other,Post-IPO,663,Sweden
Tipalti,SF Bay Area,100.0,1/15/2026,,Finance,Series F,565,United States
Informatica,SF Bay Area,35.0,1/15/2026,,Data,Post-IPO,,United States
Playtika,"Tel Aviv, Non-U.S.",500.0,1/14/2026,0.15,Consumer,Post-IPO,,Israel
Aleph Alpha,"Frankfurt, Non-U.S.",50.0,1/14/2026,0.16,AI,Series B,534,Germany
Meta,SF Bay Area,1500.0,1/13/2026,0.02,Consumer,Post-IPO,26000,United States
eToro,"Tel Aviv, Non-U.S.",105.0,1/13/2026,0.07,Finance,Unknown,322,Israel
Alle,"Bengaluru, Non-U.S.",,1/13/2026,1.0,Retail,Seed,3,India
StoreDot,"Tel Aviv, Non-U.S.",,1/13/2026,,Other,Series D,184,Israel
MercadoLibre,"Buenos Aires, Non-U.S.",116.0,1/12/2026,,Retail,Post-IPO,5100,Brazil
FormFactor,SF Bay Area,220.0,1/9/2026,0.11,Manufacturing,Post-IPO,15,United States
Kaseya,Miami,250.0,1/8/2026,0.05,Security,Private Equity,547,United States
Hailo,"Tel Aviv, Non-U.S.",30.0,1/8/2026,0.1,Manufacturing,Series C,344,Israel
Foretellix,"Tel Aviv, Non-U.S.",29.0,1/8/2026,0.18,Transportation,Series C,132,Israel
Tailwind Labs,Oklahoma City,3.0,1/8/2026,,Product,Unknown,,United States
Angi,Indianapolis,350.0,1/7/2026,,Consumer,Post-IPO,180,United States
Multiverse,"London, Non-U.S.",55.0,1/5/2026,,Education,Series D,414,United Kingdom
Sapiens,"Tel Aviv, Non-U.S.",700.0,12/28/2025,0.15,Finance,Acquired,88,Israel
Yellow.ai,SF Bay Area,100.0,12/23/2025,0.3,Support,Series C,102,United States
The Trade Desk,Los Angeles,,12/17/2025,,Marketing,Post-IPO,257,United States
Amazon,Seattle,84.0,12/15/2025,,Retail,Post-IPO,8100,United States
PowerSchool,Sacramento,,12/12/2025,,Education,Acquired,31,United States
Zebra Technologies,Chicago,,12/12/2025,,Manufacturing,Post-IPO,2000,United States
Believer Meats,"Jerusalem, Non-U.S.",,12/11/2025,,Food,Series B,389,Israel
EyeEm,"Berlin, Non-U.S.",,12/11/2025,1.0,Other,Acquired,24,Germany
Lusha,Boston,24.0,12/10/2025,0.08,Sales,Series B,245,United States
Tenstorrent,"Toronto, Non-U.S.",80.0,12/9/2025,0.07,Hardware,Series D,1000,Canada
Whatfix,"Bengaluru, Non-U.S.",60.0,12/9/2025,0.06,AI,Series E,265,India
VSCO,SF Bay Area,24.0,12/9/2025,,Consumer,Series B,90,United States
GenWise,"New Delhi, Non-U.S.",,12/9/2025,1.0,Other,Seed,3,India
Mobileye,"Jerusalem, Non-U.S.",200.0,12/8/2025,0.04,Transportation,Post-IPO,2100,Israel
Payoneer,New York City,60.0,12/8/2025,0.06,Finance,Post-IPO,,United States
Teads,New York City,180.0,12/4/2025,0.1,Marketing,Unknown,123,United States
Discourse,Dover,,12/4/2025,,Consumer,Series A,20,United States
Cellebrite,"Tel Aviv, Non-U.S.",20.0,12/3/2025,0.01,Other,Post-IPO,410,Israel
Modern Hydrogen,Seattle,,12/3/2025,,Energy,Series B,99,United States
Aqua Security,"Tel Aviv, Non-U.S.",20.0,12/1/2025,,Security,Series E,325,United States
Inbound Health,Minneapolis,,12/1/2025,1.0,Healthcare,Series B,50,United States
Junglee Games,"New Delhi, Non-U.S.",350.0,11/26/2025,,Consumer,Seed,3,India
Shopify,"Ottawa, Non-U.S.",,11/26/2025,,Retail,Post-IPO,122,Canada
HP,SF Bay Area,4000.0,11/25/2025,,Hardware,Post-IPO,,United States
ezCater,Boston,40.0,11/21/2025,0.04,Food,Series D,319,United States
Monarch Tractor,SF Bay Area,102.0,11/19/2025,,Other,Unknown,214,United States
Pleo,"Copenhagen, Non-U.S.",100.0,11/19/2025,0.12,Finance,Series C,428,Denmark
UKG,"Montevideo, Non-U.S.",300.0,11/18/2025,,HR,Unknown,,Uruguay
Culture Amp,"Melbourne, Non-U.S.",60.0,11/18/2025,0.06,HR,Series F,257,Australia
Veson Nautical,Boston,,11/18/2025,0.2,Other,Private Equity,,United States
Playtika,"Tel Aviv, Non-U.S.",700.0,11/17/2025,0.2,Consumer,Post-IPO,,Israel
Pipe,SF Bay Area,200.0,11/16/2025,0.5,Finance,Series D,453,United States
Flipkart,"Bengaluru, Non-U.S.",40.0,11/16/2025,,Retail,Acquired,12900,India
BharatAgri,"Mumbai, Non-U.S.",37.0,11/13/2025,1.0,Food,Series A,21,India
AI Fleet,Austin,,11/13/2025,,Transportation,Series B,56,United States
Synopsys,SF Bay Area,2000.0,11/12/2025,0.1,Other,Post-IPO,,United States
Deepwatch,Tampa Bay,80.0,11/12/2025,0.32,Security,Series C,256,United States
GamesKraft,"Bengaluru, Non-U.S.",280.0,11/10/2025,,Consumer,Unknown,,India
FNZ,"London, Non-U.S.",,11/10/2025,0.03,Finance,Private Equity,3500,United Kingdom
Sonder,SF Bay Area,,11/10/2025,1.0,Travel,Post-IPO,839,United States
Axonius,New York City,100.0,11/6/2025,0.11,Security,Series E,865,United States
MyBambu,Memphis,141.0,11/5/2025,1.0,Finance,Unknown,15,United States
Hewlett Packard Enterprise,SF Bay Area,52.0,11/5/2025,,Hardware,Post-IPO,1400,United States
Indeed,Austin,,11/5/2025,,HR,Acquired,5,United States
TripAdvisor,Boston,,11/5/2025,0.2,Travel,Post-IPO,3,United States
Porter,"Bengaluru, Non-U.S.",350.0,11/4/2025,0.18,Logistics,Series F,357,India
Personio,"Munich, Non-U.S.",165.0,10/29/2025,0.1,HR,Series E,724,Germany
Amazon,Seattle,14000.0,10/27/2025,0.01,Retail,Post-IPO,8100,United States
Chegg,SF Bay Area,388.0,10/27/2025,0.45,Education,Post-IPO,227,United States
Lightricks,"Jerusalem, Non-U.S.",85.0,10/27/2025,0.15,Consumer,Series D,335,Israel
Medtronic,"Jerusalem, Non-U.S.",60.0,10/27/2025,,Healthcare,Post-IPO,5900,United States
Hootsuite,"Vancouver, Non-U.S.",,10/27/2025,0.2,Marketing,Series C,300,Canada
Robin AI,"London, Non-U.S.",,10/24/2025,0.33,Legal,Series B,68,United Kingdom
Applied Material,SF Bay Area,1400.0,10/23/2025,0.04,Manufacturing,Post-IPO,2100,United States
Rivian,Los Angeles,600.0,10/23/2025,0.04,Transportation,Post-IPO,10700,United States
Kaseya,Miami,200.0,10/23/2025,,Security,Private Equity,547,United States
AirSlate,Boston,170.0,10/23/2025,,Other,Series B,181,United States
Altruist,SF Bay Area,50.0,10/23/2025,0.15,Finance,Series E,449,United States
Meta,SF Bay Area,600.0,10/22/2025,,Consumer,Post-IPO,26000,United States
Ludeo,Los Angeles,25.0,10/20/2025,0.5,Consumer,Series A,42,United States
Zepto,"Mumbai, Non-U.S.",300.0,10/18/2025,0.05,Retail,Series H,2600,India
Broadcom,SF Bay Area,247.0,10/17/2025,,Hardware,Post-IPO,,United States
Tia,New York City,,10/17/2025,0.23,Healthcare,Series B,133,United States
Bill.com,SF Bay Area,,10/15/2025,0.06,Finance,Post-IPO,280,United States
OfferUp,Seattle,,10/15/2025,,Retail,Unknown,381,United States
Handshake,SF Bay Area,100.0,10/14/2025,0.15,Recruiting,Series F,434,United States
Smartsheet,Seattle,120.0,10/2/2025,,Other,Post-IPO,152,United States
Google,SF Bay Area,50.0,10/2/2025,,Consumer,Post-IPO,26,United States
Paycom,Oklahoma City,500.0,10/1/2025,,HR,Post-IPO,,United States
Google,SF Bay Area,100.0,10/1/2025,,Consumer,Post-IPO,26,United States
Simpl,"Bengaluru, Non-U.S.",80.0,10/1/2025,,Finance,Series B,72,India
Just Eat,"Amsterdam, Non-U.S.",450.0,9/25/2025,0.05,Food,Acquired,129,Netherlands
Yolo Group,"Tallinn, Non-U.S.",280.0,9/23/2025,,Finance,Unknown,,Estonia
GamesKraft,"Bengaluru, Non-U.S.",120.0,9/18/2025,,Consumer,Unknown,,India
ZipRecruiter,"Tel Aviv, Non-U.S.",80.0,9/16/2025,,Recruiting,Post-IPO,769,United States
Fiverr,"Tel Aviv, Non-U.S.",250.0,9/15/2025,0.3,Other,Post-IPO,111,Israel
Sorbet,"Tel Aviv, Non-U.S.",,9/14/2025,,Finance,Series A,58,Israel
Hike,"New Delhi, Non-U.S.",,9/13/2025,1.0,Consumer,Unknown,261,India
xAI,SF Bay Area,500.0,9/12/2025,,AI,Unknown,22700,United States
Zupee,"New Delhi, Non-U.S.",170.0,9/11/2025,0.3,Consumer,Series B,121,India
Atlassian,"Sydney, Non-U.S.",200.0,9/10/2025,,Other,Post-IPO,210,Australia
Verbit,New York City,22.0,9/10/2025,,Data,Series E,569,United States
Microsoft,Seattle,42.0,9/8/2025,,Other,Post-IPO,1,United States
Rivian,Los Angeles,200.0,9/5/2025,0.01,Transportation,Post-IPO,10700,United States
Scope3,New York City,,9/5/2025,,Energy,Series B,45,United States
Head Digital Works,"Hyderabad, Non-U.S.",500.0,9/4/2025,,Consumer,Private Equity,74,India
Salesforce,SF Bay Area,262.0,9/4/2025,,Sales,Post-IPO,65,United States
Oracle,SF Bay Area,254.0,9/4/2025,,Other,Post-IPO,,United States
GupShup,SF Bay Area,100.0,9/4/2025,,Other,Series F,484,United States
Bobble AI,"New Delhi, Non-U.S.",50.0,9/4/2025,,Consumer,Unknown,59,India
Oracle,Seattle,101.0,9/3/2025,,Other,Post-IPO,,United States
Salesforce,Seattle,93.0,9/3/2025,,Sales,Post-IPO,65,United States
Salesforce,"Dublin, Non-U.S.",30.0,9/3/2025,,Sales,Post-IPO,65,United States
The Gist,"Tel Aviv, Non-U.S.",,9/3/2025,1.0,Other,Seed,7,Israel
theGist,"Tel Aviv, Non-U.S.",,9/3/2025,1.0,Other,Seed,7,Israel
Vimeo,New York City,,9/3/2025,0.1,Consumer,Post-IPO,450,United States
Oracle,Kansas City,,9/2/2025,,Other,Post-IPO,,United States
Games 24x7,"Mumbai, Non-U.S.",400.0,9/1/2025,,Consumer,Unknown,75,India
Mobile Premier League,"Bengaluru, Non-U.S.",300.0,9/1/2025,,Consumer,Series E,375,India
Krutrim,"Bengaluru, Non-U.S.",50.0,9/1/2025,,AI,Unknown,304,India
Salesforce,SF Bay Area,4000.0,8/31/2025,,Sales,Post-IPO,65,United States
Flip,SF Bay Area,,8/29/2025,1.0,Consumer,Series C,294,United States
Rec Room,Seattle,141.0,8/27/2025,,Consumer,Series F,294,United States
Verily,SF Bay Area,,8/26/2025,,Healthcare,Subsidiary,3500,United States
Klaviyo,Boston,,8/25/2025,,Marketing,Unknown,778,United States
BeepKart,"Bengaluru, Non-U.S.",150.0,8/23/2025,1.0,Retail,Series A,19,India
TikTok,"London, Non-U.S.",,8/22/2025,,Consumer,Acquired,,United Kingdom
Cisco,SF Bay Area,221.0,8/19/2025,,Infrastructure,Post-IPO,2,United States
Oracle,SF Bay Area,101.0,8/19/2025,,Other,Post-IPO,,United States
Kyte,SF Bay Area,,8/15/2025,1.0,Transportation,Unknown,548,United States
Restaurant365,Los Angeles,100.0,8/14/2025,0.09,Food,Series C,127,United States
Oracle,SF Bay Area,289.0,8/13/2025,,Other,Post-IPO,,United States
Oracle,SF Bay Area,188.0,8/13/2025,,Other,Post-IPO,,United States
Oracle,Seattle,161.0,8/13/2025,,Other,Post-IPO,,United States
F5,Seattle,106.0,8/13/2025,0.02,Security,Post-IPO,,United States
Micron,Boise,300.0,8/12/2025,,Hardware,Post-IPO,50,United States
BenchSci,"Toronto, Non-U.S.",83.0,8/12/2025,0.23,Healthcare,Series D,164,Canada
Amdocs,St. Louis,,8/12/2025,,Support,Post-IPO,,United States
Crunchyroll,"Tokyo, Non-U.S.",,8/12/2025,,Media,Acquired,26,Japan
Kaltura,New York City,70.0,8/7/2025,0.1,Media,Post-IPO,166,United States
Nextdoor,SF Bay Area,67.0,8/7/2025,0.12,Consumer,Post-IPO,736,United States
Peloton,New York City,,8/7/2025,0.06,Fitness,Post-IPO,1900,United States
Yotpo,New York City,200.0,8/5/2025,0.34,Marketing,Unknown,436,United States
Windsurf,SF Bay Area,30.0,8/5/2025,,AI,Acquired,243,United States
Wondery,Los Angeles,100.0,8/4/2025,,Media,Acquired,15,United States
Clear,"Bengaluru, Non-U.S.",145.0,8/1/2025,0.16,Finance,Series C,140,India
Atlassian,"Sydney, Non-U.S.",150.0,7/30/2025,,Other,Post-IPO,210,Australia
Astra,"Bengaluru, Non-U.S.",106.0,7/28/2025,1.0,Sales,Unknown,,India
Krutrim,"Bengaluru, Non-U.S.",100.0,7/28/2025,,AI,Unknown,304,India
Eyeo,"Cologne, Non-U.S.",,7/28/2025,0.4,,Unknown,,Germany
Ohm Mobility,Bengaluru,,7/24/2025,1.0,Transportation,Seed,,India
Tipalti,SF Bay Area,,7/24/2025,,Finance,Series F,565,United States
PlaxidityX,"Tel Aviv, Non-U.S.",65.0,7/23/2025,0.36,Security,Acquired,25,Israel
WiseTech,"Sydney, Non-U.S.",,7/23/2025,,Logistics,Post-IPO,3000,Australia
ConsenSys,New York City,47.0,7/22/2025,0.07,Crypto,Series D,726,United States
Zeen,SF Bay Area,,7/21/2025,1.0,Consumer,Unknown,9,United States
Rocket Companies,Detroit,,7/18/2025,0.02,Real Estate,Post-IPO,5200,United States
TytoCare,New York City,35.0,7/17/2025,0.22,Healthcare,Series E,206,United States
Amazon,Seattle,,7/17/2025,,Retail,Post-IPO,8100,United States
Amicole,New York City,,7/17/2025,1.0,Retail,Seed,5,United States
CodeParrot,"Bengaluru, Non-U.S.",,7/17/2025,1.0,Product,Seed,,India
Scale AI,SF Bay Area,200.0,7/16/2025,0.14,Data,Series E,602,United States
Lenovo,Raleigh,100.0,7/16/2025,0.03,Hardware,Post-IPO,850,United States
Jamf,Minneapolis,166.0,7/15/2025,0.06,Other,Post-IPO,332,United States
King.com,"Stockholm, Non-U.S.",200.0,7/14/2025,,Consumer,Acquired,84,Sweden
Blip,"Bengaluru, Non-U.S.",,7/12/2025,1.0,Retail,Unknown,,India
Intel,Sacramento,5000.0,7/11/2025,,Hardware,Post-IPO,12,United States
TripleLift,New York City,,7/11/2025,,Marketing,Acquired,16,United States
Indeed + Glassdoor,Austin,1300.0,7/10/2025,,HR,Acquired,5,United States
Augury,New York City,60.0,7/10/2025,0.18,Manufacturing,Series E,274,United States
Eigen Labs,Seattle,29.0,7/8/2025,0.25,Crypto,Unknown,234,United States
Nayax,"Tel Aviv, Non-U.S.",70.0,7/7/2025,0.06,Finance,Post-IPO,245,Israel
Subtl AI,"Hyderabad, Non-U.S.",,7/3/2025,1.0,AI,Seed,,India
Microsoft,Seattle,9000.0,7/2/2025,0.04,Other,Post-IPO,1,United States
Retrain.ai,New York City,20.0,7/2/2025,1.0,HR,Unknown,34,Israel
Okra,"Lagos, Non-U.S.",,7/2/2025,1.0,Finance,Series A,12,Nigeria
TikTok,"Dublin, Non-U.S.",,7/2/2025,,Consumer,Acquired,,Ireland
TomTom,"Amsterdam, Non-U.S.",300.0,6/30/2025,0.1,Other,Post-IPO,430,Netherlands
Rivian,Los Angeles,140.0,6/26/2025,0.01,Transportation,Post-IPO,10700,United States
Bumble,Austin,240.0,6/25/2025,0.3,Consumer,Post-IPO,313,United States
Klue,"Vancouver, Non-U.S.",85.0,6/25/2025,0.4,Sales,Series B,83,Canada
Google,SF Bay Area,75.0,6/24/2025,,Consumer,Post-IPO,26,United States
Intel,Sacramento,,6/24/2025,,Hardware,Post-IPO,12,United States
Microsoft,Seattle,,6/24/2025,,Other,Post-IPO,1,United States
Pluralsight,Salt Lake City,,6/24/2025,0.17,Education,Acquired,192,United States
Khoros,Austin,116.0,6/20/2025,,Sales,Private Equity,138,United States
Sabi,"Lagos, Non-U.S.",50.0,6/19/2025,0.2,Retail,Series B,66,Nigeria
Intel,"Tel Aviv, Non-U.S.",,6/17/2025,,Hardware,Post-IPO,12,Israel
Salto,"Tel Aviv, Non-U.S.",30.0,6/10/2025,0.5,Other,Series B,69,Israel
ZoomInfo,"Vancouver, Non-U.S.",150.0,6/9/2025,0.04,Sales,Post-IPO,7,Canada
Playtika,"Tel Aviv, Non-U.S.",90.0,6/5/2025,,Consumer,Post-IPO,,Israel
Airtime,New York City,25.0,6/4/2025,0.43,Consumer,Series B,33,United States
Microsoft,Seattle,305.0,6/2/2025,0.03,Other,Post-IPO,1,United States
Hims & Hers,SF Bay Area,68.0,5/30/2025,0.04,Healthcare,Post-IPO,1200,United States
Business Insider,New York City,,5/29/2025,0.2,Media,Acquired,56,United States
eBay,"Tel Aviv, Non-U.S.",200.0,5/28/2025,,Retail,Post-IPO,1200,Israel
Cars24,"Gurugram, Non-U.S.",120.0,5/27/2025,,Transportation,Series G,1300,India
nCino,Wilmington,,5/27/2025,0.07,Finance,Post-IPO,1100,United States
Otipy,"New Delhi, Non-U.S.",300.0,5/23/2025,1.0,Food,Series B,44,India
LeddarTech,"Quebec, Non-U.S.",138.0,5/22/2025,0.95,Transportation,Post-IPO,402,Canada
Climeworks,"Zurich, Non-U.S.",106.0,5/21/2025,0.22,Energy,Private Equity,734,Switzerland
Builder.ai,"London, Non-U.S.",,5/20/2025,1.0,AI,Series D,445,United Kingdom
Luminar,Orlando,,5/20/2025,,Transportation,Post-IPO,780,United States
Blink Charging,Baltimore,,5/19/2025,0.2,Other,Post-IPO,110,United States
VerSe Innovation,"Bengaluru, Non-U.S.",350.0,5/18/2025,,Media,Series J,1700,India
GroundGame Health,Tampa Bay,97.0,5/15/2025,,Healthcare,Series A,17,United States
Noogata,"Tel Aviv, Non-U.S.",10.0,5/15/2025,1.0,AI,Series A,28,Israel
Amazon,Seattle,100.0,5/14/2025,,Retail,Post-IPO,8100,United States
Microsoft,Seattle,6000.0,5/13/2025,0.03,Other,Post-IPO,1,United States
Chegg,SF Bay Area,248.0,5/12/2025,0.22,Education,Post-IPO,227,United States
Match Group,New York City,325.0,5/8/2025,0.13,Consumer,Post-IPO,,United States
CrowdStrike,SF Bay Area,500.0,5/7/2025,0.05,Security,Post-IPO,1200,United States
Games 24x7,"Mumbai, Non-U.S.",180.0,5/7/2025,,Consumer,Unknown,75,India
OpenText,"Waterloo, Non-U.S.",1600.0,5/6/2025,,Data,Post-IPO,1100,Canada
GenWise,"New Delhi, Non-U.S.",15.0,5/5/2025,0.2,Other,Seed,3,India
General Fusion,"Vancouver, Non-U.S.",,5/5/2025,0.25,Energy,Unknown,370,Canada
Deep Instinct,"Tel Aviv, Non-U.S.",20.0,5/4/2025,0.1,Security,Unknown,322,Israel
Log 9 Materials,"Bengaluru, Non-U.S.",,5/2/2025,1.0,Manufacturing,Series B,32,India
Beam,"Bristol, Non-U.S.",200.0,5/1/2025,1.0,Other,Unknown,,United Kingdom
Bench,SF Bay Area,,5/1/2025,,Finance,Acquired,109,United States
NetApp,SF Bay Area,700.0,4/30/2025,0.06,Data,Post-IPO,,United States
Electronic Arts,SF Bay Area,300.0,4/29/2025,,Consumer,Post-IPO,2,United States
Stem,SF Bay Area,,4/29/2025,0.27,Energy,Post-IPO,583,United States
Expedia,Seattle,,4/28/2025,0.03,Travel,Post-IPO,3300,United States
Spotter,Los Angeles,,4/28/2025,,Other,Unknown,238,United States
Tomorrow,Seattle,,4/28/2025,1.0,Hardware,Unknown,,United States
Cars24,"Gurugram, Non-U.S.",200.0,4/26/2025,,Transportation,Series G,1300,India
SambaNova,SF Bay Area,77.0,4/25/2025,0.15,AI,Series D,1100,United States
Meta,SF Bay Area,100.0,4/24/2025,,Consumer,Post-IPO,26000,United States
Katana,"Tallinn, Non-U.S.",75.0,4/24/2025,,Other,Series B,67,Estonia
Intel,Sacramento,22000.0,4/23/2025,0.2,Hardware,Post-IPO,12,United States
Zopper,"Noida, Non-U.S.",100.0,4/17/2025,,Finance,Series D,125,India
Turo,SF Bay Area,150.0,4/16/2025,0.17,Transportation,Series E,467,United States
AppLovin,SF Bay Area,97.0,4/16/2025,,Marketing,Post-IPO,1600,United States
Smashing,SF Bay Area,7.0,4/16/2025,1.0,Consumer,Seed,3,United States
GupShup,SF Bay Area,200.0,4/15/2025,,Other,Series F,484,United States
Sonder,SF Bay Area,,4/14/2025,,Travel,Post-IPO,839,United States
Forto,"Berlin, Non-U.S.",200.0,4/12/2025,,Logistics,Series D,593,Germany
Google,SF Bay Area,,4/11/2025,,Consumer,Post-IPO,26,United States
Marin Software,SF Bay Area,,4/10/2025,1.0,Marketing,Post-IPO,99,United States
Wing Cloud,"Tel Aviv, Non-U.S.",,4/9/2025,1.0,Infrastructure,Seed,,Israel
Coho AI,"Tel Aviv, Non-U.S.",,4/6/2025,1.0,Sales,Seed,8,Israel
Five9,SF Bay Area,123.0,4/3/2025,0.04,Support,Post-IPO,862,United States
Tract,"London, Non-U.S.",,4/3/2025,,Real Estate,Unknown,,United Kingdom
Automattic,SF Bay Area,281.0,4/2/2025,0.16,Other,Series E,986,United States
Canva,"Sydney, Non-U.S.",10.0,4/2/2025,,Consumer,Unknown,2500,Australia
WhyHive,"Melbourne, Non-U.S.",,4/2/2025,1.0,Data,Seed,,Australia
Zomato,"Gurugram, Non-U.S.",600.0,4/1/2025,,Food,Series J,914,India
Northvolt,"Stockholm, Non-U.S.",2800.0,3/31/2025,0.62,Energy,Unknown,13800,Sweden
2U,Washington D.C.,,3/31/2025,,Education,Post-IPO,426,United States
Palantir,Denver,120.0,3/27/2025,,Data,Post-IPO,3000,United States
Block,SF Bay Area,931.0,3/25/2025,0.08,Finance,Post-IPO,150,United States
Niantic,SF Bay Area,68.0,3/25/2025,,Other,Series D,770,United States
Prefect,Washington D.C.,20.0,3/25/2025,,Data,Series B,47,United States
Brightcove,Boston,198.0,3/19/2025,0.33,Marketing,Acquired,145,United States
Acxiom,Little Rock,130.0,3/19/2025,0.03,Marketing,Post-IPO,,United States
HelloFresh,SF Bay Area,273.0,3/17/2025,,Food,Post-IPO,367,United States
Otorio,"Tel Aviv, Non-U.S.",45.0,3/17/2025,0.56,Security,Acquired,,Israel
ActiveFence,New York City,22.0,3/13/2025,0.07,Security,Series B,100,United States
D-ID,"Tel Aviv, Non-U.S.",22.0,3/10/2025,0.25,AI,Series B,48,Israel
Arrival,"London, Non-U.S.",,3/10/2025,1.0,Transportation,Post-IPO,629,United Kingdom
Zonar Systems,Seattle,,3/9/2025,,Logistics,Acquired,50,United States
Wayfair ,Boston,340.0,3/7/2025,,Retail,Post-IPO,1700,Germany
Welltech,"Limassol, Non-U.S.",80.0,3/7/2025,0.1,Fitness,Unknown,,Cyprus
Hewlett Packard Enterprise,SF Bay Area,2500.0,3/6/2025,0.05,Hardware,Post-IPO,1400,United States
TikTok,"Dublin, Non-U.S.",300.0,3/6/2025,,Consumer,Acquired,,Ireland
LiveRamp,SF Bay Area,65.0,3/5/2025,0.05,Marketing,Post-IPO,16,United States
Ola Electric,"Bengaluru, Non-U.S.",1000.0,3/3/2025,,Transportation,Post-IPO,1700,India
Rec Room,Seattle,,3/3/2025,0.16,Consumer,Series F,294,United States
ANS Commerce,"Gurugram, Non-U.S.",,3/2/2025,1.0,Retail,Acquired,2,India
HP,SF Bay Area,2000.0,2/28/2025,,Hardware,Post-IPO,,United States
Grubhub,SF Bay Area,500.0,2/28/2025,0.23,Food,Acquired,284,United States
Autodesk,SF Bay Area,1350.0,2/27/2025,0.09,Other,Post-IPO,,United States
Digimarc,Portland,90.0,2/27/2025,0.4,Other,Post-IPO,105,United States
Google,SF Bay Area,,2/27/2025,,Consumer,Post-IPO,26,United States
Flywire,Boston,125.0,2/26/2025,,Finance,Series E,263,United States
eBay,"Tel Aviv, Non-U.S.",20.0,2/26/2025,,Retail,Post-IPO,1200,United States
Commercetools,"Munich, Non-U.S.",,2/26/2025,0.1,Retail,Series C,119,Germany
Dayforce,"Toronto, Non-U.S.",,2/26/2025,0.05,HR,Post-IPO,40,Canada
Expedia,Seattle,,2/26/2025,,Travel,Post-IPO,3300,United States
Skybox Security,SF Bay Area,300.0,2/24/2025,1.0,Security,Private Equity,335,United States
HerMD,Cincinnati,,2/24/2025,1.0,Healthcare,Series A,28,United States
Ibotta,Denver,70.0,2/22/2025,0.08,Retail,Post-IPO,93,United States
NetEase,"Tokyo, Non-U.S.",,2/22/2025,,Consumer,Post-IPO,,Japan
Zendesk,SF Bay Area,51.0,2/21/2025,,Support,Acquired,85,United States
Electriq Global,"Tel Aviv, Non-U.S.",,2/21/2025,1.0,Energy,Unknown,8,Israel
SeatGeek,New York City,150.0,2/20/2025,0.15,Consumer,Series E,400,United States
Vendease,"Lagos, Non-U.S.",120.0,2/19/2025,0.44,Food,Series A,43,Nigeria
Riskified,New York City,,2/19/2025,,Retail,Post-IPO,229,United States
Logically,"Manchester, Non-U.S.",40.0,2/17/2025,0.2,AI,Series A,37,United Kingdom
Eviation Aircraft,"Tel Aviv, Non-U.S.",,2/14/2025,,Aerospace,Acquired,140,Israel
Blue Origin,Seattle,1000.0,2/13/2025,0.1,Aerospace,Unknown,167,United States
Metro Africa Xpress,"Lagos, Non-U.S.",150.0,2/13/2025,,Logistics,Unknown,64,Nigeria
Sophos,"Oxford, Non-U.S.",,2/13/2025,0.06,Security,Acquired,125,United Kingdom
Redfin,Seattle,450.0,2/12/2025,,Real Estate,Post-IPO,320,United States
Zepz,"London, Non-U.S.",200.0,2/12/2025,0.2,Finance,Series E,700,United Kingdom
Getaround,SF Bay Area,,2/12/2025,,Transportation,Series D,403,United States
Unity,SF Bay Area,,2/11/2025,,Other,Post-IPO,1300,United States
Meta,SF Bay Area,3600.0,2/10/2025,0.05,Consumer,Post-IPO,26000,United States
Wise,Tampa Bay,300.0,2/10/2025,,Finance,Post-IPO,300,United States
Justworks,New York City,200.0,2/10/2025,,HR,Unknown,160,United States
MessageBird,"Amsterdam, Non-U.S.",120.0,2/10/2025,0.33,Other,Series C,1100,Netherlands
Sprinklr,New York City,500.0,2/6/2025,0.15,Support,Post-IPO,429,United States
NanoLock,"Tel Aviv, Non-U.S.",,2/6/2025,1.0,Security,Series B,18,Israel
Refurbed,"Vienna, Non-U.S.",,2/6/2025,0.2,Retail,Series C,191,Austria
Workday,SF Bay Area,1750.0,2/5/2025,0.08,HR,Post-IPO,230,United States
Gemini,New York City,200.0,2/5/2025,,Crypto,Unknown,423,United States
Outbrain,New York City,200.0,2/5/2025,,Marketing,Post-IPO,394,United States
Sonos,Santa Barbara,200.0,2/5/2025,0.12,Consumer,Post-IPO,455.2,United States
SRTX,"Montreal, Non-U.S.",140.0,2/5/2025,,Manufacturing,Unknown,151,Canada
Tabnine,"Tel Aviv, Non-U.S.",15.0,2/5/2025,0.18,AI,Series B,57,Israel
Hugging Face,New York City,10.0,2/5/2025,0.04,AI,Series D,395,United States
Cruise,SF Bay Area,1000.0,2/4/2025,0.5,Transportation,Acquired,15000,United States
Okta,SF Bay Area,180.0,2/4/2025,0.03,Security,Post-IPO,1200,United States
AppsFlyer,SF Bay Area,100.0,2/4/2025,0.07,Data,Unknown,293,United States
Asana,SF Bay Area,100.0,2/4/2025,,Other,Post-IPO,453,United States
TripAdvisor,Boston,75.0,2/4/2025,,Travel,Post-IPO,3,United States
Intel,Sacramento,58.0,2/4/2025,,Hardware,Post-IPO,12,United States
Innoviz,"Tel Aviv, Non-U.S.",40.0,2/4/2025,0.09,Transportation,Post-IPO,547,Israel
Salesforce,SF Bay Area,1000.0,2/3/2025,0.01,Sales,Post-IPO,65,United States
Sure,New York City,70.0,2/3/2025,,Finance,Series C,123,United States
Cushion,SF Bay Area,,1/30/2025,1.0,Finance,Series A,20,United States
Placer.ai,SF Bay Area,150.0,1/29/2025,0.18,Data,Unknown,267,United States
Amazon,Seattle,,1/29/2025,,Retail,Post-IPO,8100,United States
Digital River,Minneapolis,122.0,1/28/2025,,Retail,Private Equity,50,United States
Aurora Labs,"Tel Aviv, Non-U.S.",45.0,1/27/2025,0.6,Transportation,Series C,97,Israel
Moon Active,"Tel Aviv, Non-U.S.",,1/27/2025,,Consumer,Unknown,425,Israel
Stripe,SF Bay Area,300.0,1/21/2025,0.03,Finance,Series I,8700,United States
Turso,"London, Non-U.S.",,1/21/2025,,Product,Seed,7,United Kingdom
Unbabel,"Lisbon, Non-U.S.",66.0,1/20/2025,0.25,Support,Series C,91,Portugal
Chrono24,"Karlsruhe, Non-U.S.",110.0,1/16/2025,0.24,Retail,Series C,205,Germany
Pocket FM,"Bengaluru, Non-U.S.",75.0,1/16/2025,,Media,Series D,212,India
Aurora Solar,SF Bay Area,58.0,1/16/2025,,Energy,Series D,523,United States
HeyJobs,"Berlin, Non-U.S.",90.0,1/15/2025,,Recruiting,Series B,62,Germany
AppLovin,SF Bay Area,89.0,1/15/2025,,Marketing,Post-IPO,1600,United States
ShareChat,"Bengaluru, Non-U.S.",27.0,1/15/2025,0.05,Marketing,Series D,222,India
Textio,Seattle,15.0,1/15/2025,,Recruiting,Unknown,42,United States
Advisor Credit Exchange,Philadelphia,,1/14/2025,1.0,Finance,Unknown,31,United States
Microsoft,Seattle,,1/14/2025,,Other,Post-IPO,1,United States
TechCrunch,SF Bay Area,,1/14/2025,,Media,Acquired,,United States
Alza,New York City,,1/13/2025,1.0,Finance,Seed,7,United States
Boozt,"Malmo, Non-U.S.",,1/13/2025,0.1,Retail,Post-IPO,56,Sweden
Wayfair,"Berlin, Non-U.S.",730.0,1/10/2025,0.03,Retail,Post-IPO,1700,Germany
Pandion,Seattle,63.0,1/10/2025,1.0,Logistics,Series B,76,United States
Zillow,Seattle,,1/10/2025,,Real Estate,Post-IPO,97,United States
Icon,Austin,114.0,1/9/2025,,Construction,Series B,451,United States
Redfin,Seattle,46.0,1/9/2025,,Real Estate,Post-IPO,320,United States
Altruist,SF Bay Area,37.0,1/7/2025,0.1,Finance,Series E,449,United States
Aqua Security,Boston,,1/7/2025,,Security,Series E,325,United States
Cloud Software Group,SF Bay Area,,1/7/2025,,Other,Unknown,,United States
Microsoft,Seattle,,1/7/2025,,Other,Post-IPO,1,United States
SolarEdge,"Tel Aviv, Non-U.S.",400.0,1/6/2025,,Energy,Post-IPO,155,Israel
Level,New York City,,1/2/2025,1.0,Finance,Series B,27,United States
GupShup,SF Bay Area,300.0,12/31/2024,,Other,Series F,484,United States
Brave Care,Portland,,12/31/2024,1.0,Healthcare,Series B,43,United States
Epicery,"Paris, Non-U.S.",,12/31/2024,1.0,Food,Acquired,7,France
Bench,"Vancouver, Non-U.S.",450.0,12/27/2024,1.0,Finance,Series C,109,Canada
Lilium,"Munich, Non-U.S.",1000.0,12/23/2024,1.0,Aerospace,Post-IPO,1400,Germany
BionicHIVE,"Sderot, Non-U.S.",,12/22/2024,1.0,Hardware,Unknown,,Israel
RealSelf,Seattle,,12/19/2024,,Healthcare,Series B,42,United States
Refinery29,New York City,,12/17/2024,,Media,Acquired,134,United States
Thrive,"Mumbai, Non-U.S.",,12/14/2024,1.0,Food,Series A,,India
Cint,"Stockholm, Non-U.S.",,12/12/2024,0.12,Data,Post-IPO,17,Sweden
Yahoo,SF Bay Area,,12/12/2024,,Consumer,Acquired,6,United States
Foundry,Rochester,74.0,12/11/2024,0.27,Crypto,Subsidiary,,United States
Calendly,Atlanta,70.0,12/11/2024,0.13,Other,Series B,351,United States
Canoo,Los Angeles,20.0,12/11/2024,,Transportation,Post-IPO,300,United States
OfferUp,Seattle,,12/11/2024,0.22,Retail,Unknown,381,United States
Spotter,Los Angeles,,12/11/2024,,Other,Unknown,238,United States
Bluevine,"Tel Aviv, Non-U.S.",100.0,12/10/2024,0.18,Finance,Unknown,769,Israel
Spectrm,"Berlin, Non-U.S.",,12/10/2024,,Marketing,Series B,11,Germany
EasyKnock,New York City,,12/9/2024,1.0,Real Estate,Series D,440,United States
Carousell,"Singapore, Non-U.S.",76.0,12/6/2024,0.07,Retail,Unknown,375,Singapore
Mixtroz,Birmingham,,12/6/2024,1.0,Other,Seed,2,United States
Circle,Boston,50.0,12/5/2024,0.06,Crypto,Private Equity,1100,United States
Vox Media,Washington D.C.,,12/5/2024,,Media,Series F,307,United States
Stash,New York City,88.0,12/4/2024,0.4,Finance,Unknown,480,United States
Booking Holdings,Norwalk,60.0,12/4/2024,,Travel,Post-IPO,2800,United States
2U,Washington D.C.,,12/4/2024,,Education,Post-IPO,426,United States
Skai,"Tel Aviv, Non-U.S.",80.0,12/3/2024,0.14,Marketing,Series E,60,Israel
Lightspeed Commerce,"Montreal, Non-U.S.",200.0,12/2/2024,,Retail,Post-IPO,1200,Canada
Kobo360,"Lagos, Non-U.S.",30.0,11/30/2024,,Logistics,Series B,85,Nigeria
Klub,"Bengaluru, Non-U.S.",60.0,11/29/2024,,Finance,Unknown,35,India
SolarEdge,"Tel Aviv, Non-U.S.",500.0,11/27/2024,0.12,Energy,Post-IPO,155,Israel
AlphaSense,New York City,150.0,11/27/2024,0.08,Other,Series F,1400,United States
Sprout Social,Chicago,,11/25/2024,,Marketing,Post-IPO,111,United States
Apple,SF Bay Area,,11/24/2024,,Hardware,Post-IPO,1200,United States
Ola Electric,"Bengaluru, Non-U.S.",500.0,11/22/2024,,Transportation,Post-IPO,1700,India
Adjust,"Berlin, Non-U.S.",304.0,11/22/2024,,Marketing,Acquired,256,Germany
Hopper,"Montreal, Non-U.S.",,11/22/2024,,Travel,Unknown,730,Canada
LinkedIn,SF Bay Area,202.0,11/21/2024,0.01,Recruiting,Acquired,154,United States
Headspace,Los Angeles,,11/20/2024,0.13,Healthcare,Unknown,216,United States
Own,New York City,,11/19/2024,,Data,Acquired,507,United States
TrueLayer,"London, Non-U.S.",71.0,11/15/2024,0.25,Finance,Series E,321,United Kingdom
Better Collective,"Copenhagen, Non-U.S.",300.0,11/14/2024,,Other,Unknown,,Denmark
Kuku FM,"Mumbai, Non-U.S.",80.0,11/14/2024,,Media,Series C,71,India
AMD,SF Bay Area,1000.0,11/13/2024,0.04,Hardware,Post-IPO,,United States
AppLovin,SF Bay Area,120.0,11/13/2024,,Marketing,Post-IPO,1600,United States
Chegg,SF Bay Area,319.0,11/12/2024,0.21,Education,Post-IPO,227,United States
Forward,SF Bay Area,200.0,11/12/2024,1.0,Healthcare,Series E,325,United States
Lyra Health,SF Bay Area,77.0,11/12/2024,0.02,Healthcare,Series F,910,United States
New Relic,SF Bay Area,,11/12/2024,,Infrastructure,Acquired,214,United States
Stoa,"Bengaluru, Non-U.S.",,11/12/2024,1.0,Education,Seed,,India
Enphase Energy,SF Bay Area,500.0,11/11/2024,0.17,Energy,Post-IPO,116,United States
23andMe,SF Bay Area,200.0,11/11/2024,0.4,Healthcare,Post-IPO,1100,United States
Sword Health,New York City,13.0,11/11/2024,,Healthcare,Unknown,450,United States
Monarch Tractor,SF Bay Area,35.0,11/8/2024,0.1,Other,Unknown,214,United States
BigCommerce,Austin,,11/8/2024,,Retail,Post-IPO,224,United States
Booking.com,Grand Rapids,,11/8/2024,,Travel,Acquired,,United States
Exosonic,Los Angeles,,11/8/2024,1.0,Aerospace,Seed,4,United States
Freshworks,SF Bay Area,660.0,11/7/2024,0.13,Support,Post-IPO,484,United States
Just Eat,"Amsterdam, Non-U.S.",300.0,11/7/2024,0.02,Food,Acquired,129,Netherlands
Opendoor,SF Bay Area,300.0,11/7/2024,0.17,Real Estate,Post-IPO,1900,United States
Akamai,Boston,250.0,11/7/2024,0.02,Security,Post-IPO,35,United States
ShareFile,Raleigh,199.0,11/7/2024,,Other,Acquired,,United States
Personio,"Munich, Non-U.S.",115.0,11/7/2024,0.06,HR,Series E,724,Germany
iRobot,Boston,105.0,11/6/2024,0.16,Consumer,Post-IPO,30,United States
Outreach,Seattle,67.0,11/6/2024,0.09,Sales,Series G,489,United States
Avaya,Durham,,11/6/2024,,Other,Post-IPO,700,United States
Mozilla Foundation,SF Bay Area,,11/5/2024,0.3,Consumer,Subsidiary,2.3,United States
Incredibuild,"Tel Aviv, Non-U.S.",18.0,11/4/2024,0.11,Product,Acquired,35,Israel
Atera,"Tel Aviv, Non-U.S.",20.0,11/3/2024,0.06,Other,Series B,102,Israel
Maven Clinic,New York City,60.0,11/1/2024,0.1,Healthcare,Series F,417,United States
Bowery Farming,New York City,,11/1/2024,1.0,Food,Unknown,626,United States
Tidal,New York City,,10/31/2024,,Consumer,Acquired,,United States
Dropbox,SF Bay Area,527.0,10/30/2024,0.2,Other,Post-IPO,1700,United States
Kraken,SF Bay Area,400.0,10/30/2024,0.15,Crypto,Unknown,134,United States
Miro,SF Bay Area,275.0,10/30/2024,0.18,Other,Series C,476,United States
ConsenSys,New York City,163.0,10/29/2024,0.2,Crypto,Series D,726,United States
F5,Seattle,100.0,10/29/2024,0.02,Security,Post-IPO,,United States
Docker,SF Bay Area,,10/29/2024,0.1,Infrastructure,Series C,436,United States
dYdX,SF Bay Area,,10/29/2024,0.35,Crypto,Series C,87,United States
Coursera,SF Bay Area,150.0,10/25/2024,0.1,Education,Post-IPO,458,United States
Kyte,SF Bay Area,,10/25/2024,0.4,Transportation,Unknown,548,United States
Twelve,SF Bay Area,,10/25/2024,,Energy,Unknown,844,United States
Airthings,"Oslo, Non-U.S.",,10/24/2024,,Hardware,Unknown,,Norway
Catena Media,"Sliema, Non-U.S.",29.0,10/23/2024,,Marketing,Unknown,,Malta
Upwork,SF Bay Area,,10/23/2024,0.21,Other,Post-IPO,168,United States
Venminder,Louisville,100.0,10/21/2024,,Security,Acquired,49,United States
Jellysmack,New York City,22.0,10/21/2024,,Media,Series C,22,France
Chief,New York City,,10/20/2024,,HR,Series B,140,United States
CapWay,Atlanta,,10/17/2024,1.0,Finance,Unknown,,United States
Meta,SF Bay Area,,10/16/2024,,Consumer,Post-IPO,26000,United States
Gigamon,SF Bay Area,69.0,10/15/2024,,Data,Acquired,23,United States
AppLovin,SF Bay Area,58.0,10/15/2024,,Marketing,Post-IPO,1600,United States
Fable,New York City,,10/15/2024,1.0,Product,Series A,19,United States
Bytedance,"Jakarta, Non-U.S.",500.0,10/11/2024,,Consumer,Unknown,9400,Indonesia
Nikola,Phoenix,130.0,10/11/2024,0.15,Transportation,Post-IPO,3300,United States
Toplyne,"Bengaluru, Non-U.S.",,10/11/2024,1.0,Sales,Series A,17,India
CareerBuilder + Monster,Chicago,200.0,10/10/2024,0.15,Recruiting,Acquired,,United States
GoWild,Louisville,,10/10/2024,1.0,Retail,Seed,8,United States
Toptal,SF Bay Area,,10/10/2024,,Recruiting,Unknown,,United States
Grabango,SF Bay Area,,10/9/2024,1.0,Food,Unknown,94,United States
BeepKart,"Bengaluru, Non-U.S.",130.0,10/8/2024,0.4,Retail,Series A,19,India
Zapp,"London, Non-U.S.",,10/8/2024,0.9,Food,Series B,300,United Kingdom
Eaze,SF Bay Area,500.0,10/7/2024,1.0,Consumer,Series D,202,United States
PubMatic,SF Bay Area,12.0,10/7/2024,0.01,Marketing,Post-IPO,63,United States
Zapata Computing,Boston,,10/7/2024,1.0,Other,Post-IPO,82,United States
AppLovin,SF Bay Area,65.0,10/3/2024,,Marketing,Post-IPO,1600,United States
Tome,SF Bay Area,12.0,10/2/2024,0.31,Sales,Series B,75,United States
Alma,New York City,,10/2/2024,0.09,Healthcare,Series D,220,United States
Flexport,SF Bay Area,,10/2/2024,0.02,Logistics,Series E,2400,United States
ABBYY,Nicosia,200.0,10/1/2024,,Data,Unknown,6,Cyprus
FreshBooks,"Toronto, Non-U.S.",140.0,10/1/2024,,Finance,Unknown,331,Canada
Vendease,"Lagos, Non-U.S.",68.0,9/30/2024,0.2,Food,Series A,43,Nigeria
Marin Software,SF Bay Area,27.0,9/30/2024,0.26,Marketing,Post-IPO,99,United States
Shein,"Singapore, Non-U.S.",17.0,9/30/2024,,Retail,Private Equity,4100,Singapore
DoubleCloud,"Dubai, Non-U.S.",,9/30/2024,1.0,Infrastructure,Unknown,,UAE
Greenikk,"Trivandrum, Non-U.S.",,9/30/2024,1.0,Food,Seed,1,India
Drata,San Diego,40.0,9/26/2024,0.09,Security,Series C,328,United States
Moov,Cedar Falls,50.0,9/25/2024,,Finance,Series B,77,United States
FreightWaves,Chattanooga,16.0,9/24/2024,,Logistics,Private Equity,92,United States
F5,Seattle,,9/24/2024,,Security,Post-IPO,,United States
Northvolt,"Stockholm, Non-U.S.",1600.0,9/23/2024,0.2,Energy,Unknown,13800,Sweden
Olo,New York City,,9/23/2024,0.09,Food,Post-IPO,184,United States
Healthy.io,"Tel Aviv, Non-U.S.",40.0,9/22/2024,0.3,Healthcare,Series D,185,Israel
Reverb,Chicago,40.0,9/20/2024,,Retail,Acquired,47,United States
Luminar,Orlando,,9/20/2024,0.15,Transportation,Post-IPO,780,United States
Notable Labs,SF Bay Area,,9/20/2024,0.65,Healthcare,Series B,,United States
CarTrawler,"Dublin, Non-U.S.",40.0,9/19/2024,0.1,Transportation,Acquired,,Ireland
ApplyBoard,"Waterloo, Non-U.S.",,9/19/2024,0.04,Education,Series D,483,Canada
Spendesk,"Paris, Non-U.S.",151.0,9/18/2024,,Finance,Series C,,France
Aakash,"New Delhi, Non-U.S.",80.0,9/18/2024,,Education,Acquired,,India
IBM,New York City,,9/18/2024,,Hardware,Post-IPO,,United States
Runtastic,"Linz, Non-U.S.",170.0,9/16/2024,,Fitness,Acquired,,Austria
Microsoft,Seattle,650.0,9/12/2024,,Other,Post-IPO,1,United States
Amperity,Seattle,,9/12/2024,0.13,Marketing,Series D,187,United States
Udemy,SF Bay Area,280.0,9/11/2024,,Education,Post-IPO,311,United States
Mobileye,"Jerusalem, Non-U.S.",100.0,9/9/2024,,Transportation,Post-IPO,2100,Israel
InsurStaq.ai,"New Delhi, Non-U.S.",,9/9/2024,1.0,AI,Seed,,India
Nori,Seattle,,9/9/2024,1.0,Energy,Unknown,19,United States
WeTransfer,"Amsterdam, Non-U.S.",260.0,9/8/2024,0.75,Other,Acquired,64,Netherlands
Center,Seattle,8.0,9/7/2024,0.04,Finance,Series C,102,United States
Goop,Los Angeles,39.0,9/6/2024,0.18,Retail,Unknown,75,United States
Motif Foodworks,Boston,,9/6/2024,1.0,Food,Unknown,343,United States
ChargePoint,SF Bay Area,250.0,9/4/2024,0.15,Manufacturing,Unknown,1400,United States
Fly.io,Chicago,40.0,9/4/2024,,Infrastructure,Series C,110,United States
Lyft,SF Bay Area,30.0,9/4/2024,0.01,Transportation,Post-IPO,4900,United States
ABL,Los Angeles,,9/3/2024,,Aerospace,Unknown,479,United States
Matter Labs,"Berlin, Non-U.S.",,9/3/2024,0.16,Crypto,Unknown,380,Germany
Dozee,"Bengaluru, Non-U.S.",40.0,9/2/2024,,Healthcare,Series A,26,India
Dunzo,"Bengaluru, Non-U.S.",150.0,8/31/2024,0.75,Food,Unknown,458,India
Character.ai,SF Bay Area,6.0,8/29/2024,0.05,AI,Series A,150,United States
Brave,SF Bay Area,27.0,8/28/2024,0.14,Consumer,Series B,42,United States
Apple,SF Bay Area,100.0,8/27/2024,,Hardware,Post-IPO,1200,United States
IBM,"Beijing, Non-U.S.",1000.0,8/26/2024,,Hardware,Post-IPO,,China
Tome Biosciences,Boston,131.0,8/26/2024,1.0,Healthcare,Series A,213,United States
Velo3D,SF Bay Area,42.0,8/26/2024,,Manufacturing,Post-IPO,305,United States
Kenko Health,"Mumbai, Non-U.S.",,8/23/2024,1.0,Healthcare,Series A,14,India
Received,New York City,,8/23/2024,1.0,Finance,Unknown,,United States
Sandvine,"Waterloo, Non-U.S.",,8/23/2024,,Infrastructure,Acquired,63,Canada
Redfin,Seattle,82.0,8/22/2024,0.02,Real Estate,Post-IPO,320,United States
Kaiyo,New York City,,8/21/2024,1.0,Retail,Series B,43,United States
Skip the Dishes,"Winnipeg, Non-U.S.",800.0,8/20/2024,,Food,Acquired,8,Canada
Five9,SF Bay Area,190.0,8/20/2024,0.07,Support,Post-IPO,862,United States
ReshaMandi,"Bengaluru, Non-U.S.",,8/20/2024,1.0,Food,Unknown,54,India
GoPro,SF Bay Area,139.0,8/19/2024,0.15,Consumer,Post-IPO,288,United States
Localize,New York City,,8/19/2024,,Real Estate,Series A,40,United States
Paper,"Montreal, Non-U.S.",81.0,8/16/2024,0.45,Education,Series D,389,Canada
Retention.com,Austin,15.0,8/16/2024,,Marketing,Unknown,,United States
Loop,Columbus,,8/16/2024,,Retail,Series B,125,United States
Regrow Ag,Durham,,8/16/2024,0.19,Food,Series B,64,United States
AppLovin,SF Bay Area,61.0,8/15/2024,,Marketing,Post-IPO,1600,United States
Inuitive,"Ra'anana, Non-U.S.",16.0,8/15/2024,0.2,Manufacturing,Unknown,23,Israel
Formlabs,Boston,,8/15/2024,,Hardware,Series E,254,United States
Mister Spex,"Berlin, Non-U.S.",,8/15/2024,0.1,Retail,Post-IPO,158,Germany
PacketFabric,Los Angeles,,8/15/2024,,Infrastructure,Unknown,110,United States
Sampler,"Toronto, Non-U.S.",,8/15/2024,1.0,Retail,Series B,10,Canada
Sonos,Santa Barbara,100.0,8/14/2024,0.06,Consumer,Post-IPO,455.2,United States
Grail,SF Bay Area,350.0,8/13/2024,,Healthcare,Post-IPO,,United States
DayTwo,SF Bay Area,,8/13/2024,1.0,Healthcare,Series B,90,United States
Quizac,"Lagos, Non-U.S.",,8/13/2024,1.0,Education,Acquired,,Nigeria
Tally,SF Bay Area,,8/12/2024,1.0,Finance,Series C,172,United States
Cisco,SF Bay Area,5600.0,8/9/2024,0.07,Infrastructure,Post-IPO,2,United States
Branch.io,SF Bay Area,100.0,8/9/2024,,Marketing,Series F,667,United States
iCIMS,Holmdel,69.0,8/9/2024,,Recruiting,Acquired,93,United States
Ready Robotics,Columbus,,8/9/2024,,Manufacturing,Unknown,41,United States
Submittable,Missoula,40.0,8/8/2024,,Other,Unknown,115,United States
Fastly,SF Bay Area,,8/8/2024,0.11,Infrastructure,Post-IPO,219,United States
Eventbrite,SF Bay Area,100.0,8/7/2024,0.11,Consumer,Post-IPO,557,United States
LegalZoom,Los Angeles,,8/7/2024,0.15,Legal,Post-IPO,952,United States
Axios Media,Washington D.C.,50.0,8/6/2024,0.1,Media,Acquired,57,United States
Mobius Motors,"Nairobi, Non-U.S.",,8/6/2024,1.0,Transportation,Unknown,6,Kenya
Teradata,San Diego,,8/6/2024,0.13,Data,Post-IPO,,United States
Infineon,"Munich, Non-U.S.",1400.0,8/5/2024,,Manufacturing,Post-IPO,1500,Germany
Jam City,Los Angeles,85.0,8/5/2024,0.1,Consumer,Unknown,652,United States
Dell,Austin,,8/5/2024,,Hardware,Post-IPO,,United States
ShareChat,"Bengaluru, Non-U.S.",30.0,8/3/2024,0.05,Marketing,Series D,222,India
Intel,SF Bay Area,15000.0,8/1/2024,0.15,Hardware,Post-IPO,12,United States
Avaya,Durham,180.0,8/1/2024,0.03,Other,Post-IPO,700,United States
Rad Power Bikes,Seattle,,8/1/2024,,Transportation,Series D,329,United States
Bungie,Seattle,220.0,7/31/2024,0.17,Consumer,Acquired,100,United States
Delivery Hero,"Berlin, Non-U.S.",200.0,7/31/2024,,Food,Post-IPO,9900,Germany
Match Group,New York City,,7/31/2024,0.06,Consumer,Post-IPO,,United States
NerdWallet,SF Bay Area,,7/30/2024,0.15,Finance,Post-IPO,105,United States
Moxion Power,SF Bay Area,248.0,7/29/2024,1.0,Energy,Unknown,124,United States
OrCam,"Jerusalem, Non-U.S.",,7/28/2024,,Healthcare,Unknown,86,Israel
Pocket FM,"Bengaluru, Non-U.S.",200.0,7/27/2024,,Media,Series D,212,India
WayCool,"Chennai, Non-U.S.",200.0,7/26/2024,,Food,Unknown,363,India
Webflow,SF Bay Area,,7/25/2024,0.08,Marketing,Series C,335,United States
Humble Games,SF Bay Area,36.0,7/23/2024,1.0,Media,Acquired,4,United States
Cohere,"Toronto, Non-U.S.",20.0,7/23/2024,0.05,AI,Series D,935,Canada
Bluelearn,"Bengaluru, Non-U.S.",,7/22/2024,1.0,Education,Seed,4,India
Magic Leap,Miami,75.0,7/19/2024,,Consumer,Series E,4100,United States
Mercari U.S.,SF Bay Area,,7/19/2024,0.5,Retail,Subsidiary,,United States
Aqua Security,Boston,50.0,7/17/2024,0.1,Security,Series E,325,United States
EverC,"Tel Aviv, Non-U.S.",16.0,7/17/2024,0.1,Security,Unknown,61,Israel
Lex,New York City,,7/17/2024,,Consumer,Seed,7,United States
ON,SF Bay Area,60.0,7/16/2024,1.0,Retail,Unknown,81,United States
Kaspersky,Boston,,7/16/2024,,Security,Private Equity,,United States
Unbounce,"Vancouver, Non-U.S.",,7/16/2024,,Marketing,Acquired,39,Canada
SolarEdge,"Tel Aviv, Non-U.S.",400.0,7/15/2024,,Energy,Post-IPO,155,Israel
Salesforce,SF Bay Area,300.0,7/15/2024,,Sales,Post-IPO,65,United States
Spotify,"Stockholm, Non-U.S.",40.0,7/15/2024,,Media,Post-IPO,2100,Sweden
SadaPay,"Islamabad, Non-U.S.",,7/12/2024,0.3,Finance,Acquired,20,Pakistan
MoxiWorks,Seattle,,7/11/2024,,Real Estate,Private Equity,,United States
Intuit,SF Bay Area,1800.0,7/10/2024,0.1,Finance,Post-IPO,18,United States
Redbox,Chicago,1000.0,7/10/2024,1.0,Media,Acquired,51,United States
CyberProof,Los Angeles,,7/10/2024,0.07,Security,Subsidiary,,United States
UIPath,New York City,420.0,7/9/2024,0.1,Other,Post-IPO,2000,United States
UKG,Boston,2200.0,7/3/2024,0.14,HR,Unknown,,United States
OpenText,"Waterloo, Non-U.S.",1200.0,7/3/2024,0.02,Data,Post-IPO,1100,Canada
Microsoft,Seattle,,7/3/2024,,Other,Post-IPO,1,United States
Unacademy,"Bengaluru, Non-U.S.",250.0,7/2/2024,,Education,Series H,838,India
Koo,"Bengaluru, Non-U.S.",,7/2/2024,1.0,Consumer,Unknown,51,India
Lightricks,"Jerusalem, Non-U.S.",70.0,7/1/2024,0.12,Consumer,Series D,335,Israel
Upside Foods,SF Bay Area,26.0,7/1/2024,,Food,Unknown,598,United States
Sightful,"Tel Aviv, Non-U.S.",20.0,7/1/2024,0.33,Hardware,Unknown,61,Israel
Cint,"Stockholm, Non-U.S.",,7/1/2024,,Data,Post-IPO,17,Sweden
Ninja Van,"Singapore, Non-U.S.",,7/1/2024,0.05,Transportation,Series E,974,Singapore
SoundThinking,SF Bay Area,,6/30/2024,0.03,Security,Unknown,68,United States
Priceline,Norwalk,103.0,6/28/2024,0.07,Travel,Acquired,77,United States
RealPage,Dallas,260.0,6/27/2024,0.04,Real Estate,Acquired,105,United States
Planet,SF Bay Area,180.0,6/26/2024,0.17,Aerospace,Post-IPO,574,United States
Moxion Power,SF Bay Area,101.0,6/26/2024,,Energy,Unknown,124,United States
eBay,"Tel Aviv, Non-U.S.",,6/26/2024,,Retail,Post-IPO,1200,Israel
Perion,"Tel Aviv, Non-U.S.",35.0,6/25/2024,0.05,Marketing,Post-IPO,76,Israel
BeReal,"Paris, Non-U.S.",,6/25/2024,,Consumer,Acquired,,France
Flutterwave,"Lagos, Non-U.S.",30.0,6/24/2024,0.03,Finance,Unknown,509,Nigeria
Ginkgo Bioworks,Boston,,6/24/2024,,Healthcare,Post-IPO,1600,United States
Trade Republic,"Berlin, Non-U.S.",,6/23/2024,,Finance,Unknown,1300,Germany
Ginkgo Bioworks,Boston,400.0,6/20/2024,0.35,Healthcare,Post-IPO,1600,United States
Bluevine,"Tel Aviv, Non-U.S.",,6/20/2024,,Finance,Unknown,769,Israel
ReshaMandi,"Bengaluru, Non-U.S.",,6/20/2024,0.8,Food,Unknown,54,India
Emma Sleep,"Frankfurt, Non-U.S.",200.0,6/19/2024,0.18,Retail,Acquired,,Germany
Moovit,"Tel Aviv, Non-U.S.",20.0,6/19/2024,0.1,Transportation,Acquired,131,Israel
Wex,Portland,375.0,6/18/2024,0.05,Finance,Post-IPO,400,United States
PayPal,SF Bay Area,85.0,6/18/2024,,Finance,Post-IPO,216,United States
Rapyd,"Tel Aviv, Non-U.S.",30.0,6/18/2024,,Finance,Unknown,770,Israel
C2FO,Kansas City,16.0,6/18/2024,,Finance,Series H,537,United States
Fisker,Los Angeles,,6/18/2024,1.0,Transportation,Post-IPO,1700,United States
Chegg,SF Bay Area,441.0,6/17/2024,0.23,Education,Post-IPO,227,United States
Stackpath,Dallas,,6/17/2024,1.0,Infrastructure,Series B,396,United States
Unit,New York City,,6/17/2024,0.15,Finance,Series C,170,United States
LOOP,Austin,23.0,6/16/2024,0.77,Finance,Series A,34,United States
Care/of,New York City,143.0,6/15/2024,1.0,Healthcare,Acquired,83,United States
Running Tide,Portland,,6/15/2024,1.0,Energy,Series B,54,United States
Satellogic,"Montevideo, Non-U.S.",70.0,6/14/2024,0.3,Aerospace,Post-IPO,424,Uruguay
Cypress.io,Atlanta,11.0,6/14/2024,,Product,Series B,54,United States
Medtronic,SF Bay Area,,6/13/2024,,Healthcare,Post-IPO,5900,United States
Bytedance,"Jakarta, Non-U.S.",450.0,6/12/2024,,Consumer,Unknown,9400,Indonesia
Paxos,New York City,65.0,6/12/2024,0.2,Crypto,Unknown,543,United States
SCiFi Foods,SF Bay Area,,6/12/2024,1.0,Food,Series A,39,United States
VRChat,SF Bay Area,,6/12/2024,0.3,Consumer,Series D,95,United States
Ladenzeile,"Berlin, Non-U.S.",,6/11/2024,1.0,Retail,Subsidiary,,Germany
Paytm,"Noida, Non-U.S.",3500.0,6/10/2024,,Finance,Subsidiary,,India
Kissflow,"Chennai, Non-U.S.",45.0,6/10/2024,0.11,Other,Unknown,1,India
Copia,"Nairobi, Non-U.S.",1060.0,6/6/2024,,Retail,Series C,103,Kenya
Revel,New York City,1000.0,6/6/2024,,Transportation,Unknown,214,United States
Simpl,"Bengaluru, Non-U.S.",30.0,6/6/2024,,Finance,Series B,72,India
Oda,"Oslo, Non-U.S.",150.0,6/5/2024,,Food,Unknown,691,Norway
Pagaya,"Tel Aviv, Non-U.S.",100.0,6/5/2024,0.2,Finance,Post-IPO,2000,Israel
Aleph Farms,"Tel Aviv, Non-U.S.",30.0,6/5/2024,0.3,Food,Unknown,119,Israel
MoonPay,Dover,30.0,6/5/2024,0.1,Crypto,Unknown,651,United States
Yext,New York City,,6/5/2024,0.12,Marketing,Post-IPO,117,United States
Microsoft,Seattle,1000.0,6/3/2024,,Other,Post-IPO,1,United States
OrCam,"Jerusalem, Non-U.S.",100.0,6/3/2024,0.5,Healthcare,Unknown,86,Israel
Google,SF Bay Area,100.0,5/31/2024,,Consumer,Post-IPO,26,United States
Tropic,New York City,40.0,5/31/2024,,Finance,Series B,67,United States
Gro Intelligence,New York City,,5/31/2024,0.1,Food,Series B,118,United States
Jasper Health,Boise,,5/31/2024,,Healthcare,Series A,32,United States
FlightStats,Portland,73.0,5/30/2024,,Travel,Acquired,3,United States
ICANN,Los Angeles,33.0,5/30/2024,0.07,Infrastructure,Unknown,,United States
Walnut,New York City,15.0,5/29/2024,0.2,Sales,Series B,56,United States
Fisker,Los Angeles,,5/29/2024,,Transportation,Post-IPO,1700,United States
Funding Circle,"London, Non-U.S.",,5/29/2024,,Finance,Post-IPO,746,United Kingdom
Glovo,"Madrid, Non-U.S.",22.0,5/25/2024,,Food,Acquired,1200,Spain
Lucid Motors,SF Bay Area,400.0,5/24/2024,0.06,Transportation,Post-IPO,8300,United States
Satellogic,"Montevideo, Non-U.S.",34.0,5/24/2024,0.13,Aerospace,Post-IPO,424,Uruguay
Foursquare,New York City,105.0,5/23/2024,0.25,Marketing,Series G,390,United States
Guild,Denver,300.0,5/22/2024,0.25,Education,Series F,643,United States
Cue Health,San Diego,180.0,5/22/2024,1.0,Healthcare,Post-IPO,899,United States
Silo,SF Bay Area,,5/22/2024,0.3,Food,Series C,272,United States
TikTok,Los Angeles,1000.0,5/21/2024,,Consumer,Acquired,,United States
Joonko,New York City,,5/19/2024,1.0,HR,Series B,38,United States
Toshiba,"Tokyo, Non-U.S.",4000.0,5/16/2024,,Manufacturing,Unknown,,Japan
Wefox,"Berlin, Non-U.S.",60.0,5/16/2024,,Finance,Series D,1300,Germany
Replit,SF Bay Area,30.0,5/16/2024,0.2,Product,Unknown,222,United States
Gopuff,Philadelphia,,5/16/2024,0.06,Food,Series H,3400,United States
Karhoo,"London, Non-U.S.",,5/16/2024,1.0,Transportation,Acquired,39,United Kingdom
SeekOut,Seattle,,5/16/2024,0.3,Recruiting,Series C,,United States
Atmosphere,Austin,100.0,5/15/2024,,Other,Series D,214,United States
Singularity 6,Los Angeles,36.0,5/15/2024,,Other,Series B,49,United States
Mainvest,Boston,,5/14/2024,1.0,Finance,Unknown,3,United States
Indeed,Austin,1000.0,5/13/2024,0.08,HR,Acquired,5,United States
Motional,Pittsburgh,550.0,5/10/2024,0.4,Transportation,Unknown,,United States
Rivian,Los Angeles,120.0,5/10/2024,,Transportation,Post-IPO,10700,United States
Google,SF Bay Area,57.0,5/10/2024,,Consumer,Post-IPO,26,United States
Symend,"Calgary, Non-U.S.",,5/10/2024,,Other,Series C,148,Canada
Vacasa,Portland,800.0,5/9/2024,0.13,Travel,Post-IPO,834,United States
Sight Diagnostics,"Tel Aviv, Non-U.S.",40.0,5/9/2024,0.3,Healthcare,Series D,124,Israel
PrepLadder,"New Delhi, Non-U.S.",145.0,5/8/2024,0.25,Education,Acquired,,India
Simpl,"Bengaluru, Non-U.S.",100.0,5/8/2024,0.15,Finance,Series B,72,India
Arkane Studios,Austin,96.0,5/8/2024,1.0,Consumer,Unknown,,United States
Brilliant,SF Bay Area,,5/8/2024,1.0,Hardware,Series B,64,United States
Kinaxis,"Ottawa, Non-U.S.",,5/8/2024,0.06,Other,Post-IPO,79,Canada
Hopin,"London, Non-U.S.",,5/7/2024,,Other,Series D,1000,United Kingdom
Enovix,SF Bay Area,170.0,5/6/2024,0.33,Energy,Post-IPO,516,United States
Cue Health,San Diego,230.0,5/3/2024,0.49,Healthcare,Post-IPO,899,United States
Rivian,Los Angeles,150.0,5/3/2024,0.01,Transportation,Post-IPO,10700,United States
Luminar,Orlando,140.0,5/3/2024,0.2,Transportation,Post-IPO,780,United States
Sprinklr,New York City,116.0,5/3/2024,0.03,Support,Post-IPO,429,United States
Bakkt,Atlanta,28.0,5/3/2024,,Crypto,Post-IPO,932,United States
Peloton,New York City,400.0,5/2/2024,0.15,Fitness,Post-IPO,1900,United States
Cabify,"Madrid, Non-U.S.",29.0,5/2/2024,,Transportation,Unknown,601,Spain
Google,SF Bay Area,200.0,5/1/2024,,Consumer,Post-IPO,26,United States
Assurance,Seattle,112.0,5/1/2024,1.0,Finance,Acquired,,United States
Sproutt,Hartford,,5/1/2024,1.0,Finance,Series B,38,United States
Tesla,Austin,500.0,4/30/2024,,Transportation,Post-IPO,20200,United States
RiseUp,"Tel Aviv, Non-U.S.",50.0,4/30/2024,0.5,Finance,Series B,30,Israel
Akili Interactive,Boston,,4/30/2024,0.46,Healthcare,Post-IPO,271,United States
Google,SF Bay Area,,4/30/2024,,Consumer,Post-IPO,26,United States
Getir,"London, Non-U.S.",3300.0,4/29/2024,,Food,Series E,1800,United Kingdom
Ola,"Bengaluru, Non-U.S.",180.0,4/29/2024,0.1,Transportation,Series J,5000,India
Ninja Van,"Singapore, Non-U.S.",21.0,4/29/2024,0.1,Transportation,Series E,974,Singapore
ComplYant,Los Angeles,,4/29/2024,1.0,Finance,Seed,6,United States
Fisker,Los Angeles,,4/29/2024,,Transportation,Post-IPO,1700,United States
HealthifyMe,"Bengaluru, Non-U.S.",150.0,4/27/2024,0.27,Healthcare,Series D,130,India
True Anomaly,Denver,30.0,4/25/2024,0.25,Aerospace,Series B,158,United States
Grin,Sacramento,,4/25/2024,,Marketing,Series B,145,United States
Expedia,Austin,,4/24/2024,,Travel,Post-IPO,3300,United States
Freenome,SF Bay Area,100.0,4/23/2024,0.2,Healthcare,Series E,1400,United States
Heureka Group,"Prague, Non-U.S.",100.0,4/23/2024,0.16,Retail,Acquired,,Czech Republic
98point6,Seattle,,4/23/2024,,Healthcare,Acquired,299,United States
OutSystems,Boston,150.0,4/19/2024,0.08,Product,Series G,802,United States
Homie,Salt Lake City,,4/19/2024,,Real Estate,Series B,35,United States
The Good Glamm Group,"New Delhi, Non-U.S.",150.0,4/18/2024,0.15,Retail,Unknown,180,India
Showpad,"Ghent, Non-U.S.",50.0,4/18/2024,0.1,Marketing,Series D,159,Belgium
Stability AI,"London, Non-U.S.",20.0,4/18/2024,,AI,Unknown,174,United Kingdom
Pax8,Denver,,4/18/2024,0.05,Infrastructure,Unknown,400,United States
ConnectWise,Tampa Bay,,4/17/2024,,Other,Acquired,1,United States
Google,SF Bay Area,,4/17/2024,,Consumer,Post-IPO,26,United States
Rivian,Detroit,,4/17/2024,0.01,Transportation,Post-IPO,10700,United States
Take-Two,New York City,579.0,4/16/2024,0.05,Consumer,Post-IPO,4100,United States
Tome,SF Bay Area,12.0,4/16/2024,0.25,AI,Series B,75,United States
Tesla,Austin,14000.0,4/15/2024,0.1,Transportation,Post-IPO,20200,United States
Criteo,"Paris, Non-U.S.",140.0,4/12/2024,0.04,Marketing,Post-IPO,61,France
Glovo,"Barcelona, Non-U.S.",25.0,4/12/2024,,Food,Acquired,1200,Spain
TikTok,"Dublin, Non-U.S.",250.0,4/11/2024,,Consumer,Acquired,,Ireland
Fabric,New York City,30.0,4/11/2024,0.15,Logistics,Series C,336,United States
Hinge Health,SF Bay Area,,4/11/2024,0.1,Healthcare,Series E,826,United States
Zoe,"London, Non-U.S.",,4/11/2024,0.2,Healthcare,Series B,89,United Kingdom
Cornershop,"Santiago, Non-U.S.",200.0,4/10/2024,,Food,Acquired,32,Chile
Scaler,"Bengaluru, Non-U.S.",150.0,4/10/2024,,Education,Series B,55,India
Checkr,SF Bay Area,382.0,4/9/2024,0.32,HR,Series D,679,United States
Intel,SF Bay Area,62.0,4/9/2024,,Hardware,Post-IPO,12,United States
Trendsales,"Copenhagen, Non-U.S.",79.0,4/8/2024,1.0,Retail,Acquired,,Denmark
Singularity 6,Los Angeles,49.0,4/8/2024,0.35,Other,Series B,49,United States
Fission,"Vancouver, Non-U.S.",,4/7/2024,1.0,Other,Unknown,,Canada
Bolt.Earth,"Bengaluru, Non-U.S.",70.0,4/6/2024,0.4,Energy,Series B,24,India
Apple,SF Bay Area,614.0,4/4/2024,,Hardware,Post-IPO,1200,United States
Agility Robotics,Portland,,4/4/2024,,Other,Series B,179,United States
Lightspeed Commerce,"Montreal, Non-U.S.",280.0,4/3/2024,,Retail,Post-IPO,1200,Canada
Ghost Autonomy,SF Bay Area,100.0,4/3/2024,1.0,Transportation,Series E,247,United States
Vivian Health,SF Bay Area,13.0,4/3/2024,,Healthcare,Acquired,60,United States
Amazon,Seattle,,4/3/2024,,Retail,Post-IPO,108,United States
CoRover,"Bengaluru, Non-U.S.",,4/3/2024,,AI,Unknown,,India
Kaseya,Miami,,4/3/2024,,Security,Unknown,547,United States
New Relic,SF Bay Area,,4/3/2024,,Infrastructure,Acquired,214,United States
Yummly,SF Bay Area,,4/3/2024,1.0,Food,Acquired,24,United States
Byju's,"Bengaluru, Non-U.S.",500.0,4/2/2024,0.03,Education,Private Equity,5500,India
Lentra,"Pune, Non-U.S.",,4/2/2024,,Finance,Series B,104,India
Thepeer,"Lagos, Non-U.S.",,4/2/2024,1.0,Finance,Seed,2,Nigeria
Osso VR,SF Bay Area,67.0,4/1/2024,,Healthcare,Series C,109,United States
Identiq,"Tel Aviv, Non-U.S.",20.0,4/1/2024,0.44,Security,Series A,52,Israel
Ranger Insurance,New York City,,4/1/2024,1.0,Finance,Seed,5,United States
Rezi,New York City,,4/1/2024,1.0,Real Estate,Series B,230,United States
ChowNow,Los Angeles,60.0,3/28/2024,0.2,Food,Series C,64,United States
Synctera,SF Bay Area,17.0,3/26/2024,0.15,Finance,Series A,79,United States
GoPro,SF Bay Area,,3/26/2024,0.04,Consumer,Post-IPO,288,United States
Dell,Austin,6000.0,3/25/2024,0.05,Hardware,Post-IPO,,United States
Verily,SF Bay Area,,3/22/2024,,Healthcare,Subsidiary,3500,United States
Cybereason,Boston,,3/20/2024,,Security,Series F,750,United States
ShopBack,"Singapore, Non-U.S.",195.0,3/19/2024,0.24,Retail,Series F,355,Singapore
Orbotech,"Yavne, Non-U.S.",100.0,3/19/2024,,Manufacturing,Acquired,,Israel
Airmeet,"Bengaluru, Non-U.S.",,3/19/2024,0.2,Marketing,Series B,50,India
Singular Genomics,San Diego,,3/19/2024,0.2,Healthcare,Post-IPO,176,United States
Longi,"Xi'an, Non-U.S.",,3/18/2024,0.05,Energy,Unknown,,China
Flock Freight,San Diego,54.0,3/16/2024,,Logistics,Series D,399,United States
Chipper Cash,SF Bay Area,20.0,3/15/2024,,Finance,Series C,302,United States
Blueboard,SF Bay Area,,3/15/2024,1.0,HR,Series A,16,United States
Ancestry,Lehi,81.0,3/14/2024,0.06,Consumer,Post-IPO,33,United States
Textio,Seattle,14.0,3/14/2024,0.16,Recruiting,Unknown,42,United States
Stash,New York City,80.0,3/13/2024,0.25,Finance,Unknown,480,United States
Phantom Auto,SF Bay Area,100.0,3/12/2024,1.0,Transportation,Unknown,86,United States
IBM,New York City,,3/12/2024,,Hardware,Post-IPO,,United States
Deadspin,New York City,11.0,3/11/2024,1.0,Media,Acquired,,United States
Niche,Pittsburgh,24.0,3/8/2024,0.07,Education,Series C,44,United States
Inscribe,SF Bay Area,,3/8/2024,0.4,Finance,Series B,39,United States
Turnitin,SF Bay Area,15.0,3/7/2024,0.02,Education,Acquired,,United States
Totango,SF Bay Area,,3/7/2024,,Support,Acquired,147,United States
Sorare,New York City,22.0,3/6/2024,0.13,Crypto,Series B,739,United States
Meta,SF Bay Area,,3/6/2024,,Consumer,Post-IPO,26000,United States
PlanetScale,SF Bay Area,,3/6/2024,,Data,Series C,105,United States
MessageBird,"Amsterdam, Non-U.S.",90.0,3/5/2024,0.2,Other,Series C,1100,Netherlands
Form Energy,Boston,,3/5/2024,,Energy,Unknown,966,United States
Verbit,New York City,,3/5/2024,,Data,Series E,569,United States
Edgio,Phoenix,80.0,3/4/2024,0.1,Infrastructure,Post-IPO,462,United States
Melio,New York City,40.0,3/4/2024,0.07,Finance,Series D,504,United States
Our Next Energy,Detroit,40.0,3/4/2024,0.13,Transportation,Series B,390,United States
Project Ronin,SF Bay Area,150.0,3/1/2024,1.0,Healthcare,Unknown,,United States
Pristyn Care,"Gurugram, Non-U.S.",120.0,3/1/2024,0.07,Healthcare,Series E,177,India
Gro Intelligence,New York City,90.0,3/1/2024,0.6,Food,Series B,118,United States
Tonik,"Singapore, Non-U.S.",,3/1/2024,,Finance,Series B,175,Singapore
Fisker,Los Angeles,,2/29/2024,0.15,Transportation,Post-IPO,1700,United States
Kevin,"Vilnius, Non-U.S.",,2/29/2024,0.14,Finance,Series A,79,Lithuania
Electronic Arts,SF Bay Area,670.0,2/28/2024,0.05,Consumer,Post-IPO,2,United States
Vacasa,Portland,320.0,2/28/2024,0.05,Travel,Post-IPO,834,United States
OrCam,"Jerusalem, Non-U.S.",50.0,2/28/2024,0.19,Healthcare,Unknown,86,Israel
Treasury Prime,SF Bay Area,40.0,2/28/2024,0.4,Finance,Series C,71,United States
Motional,Boston,,2/28/2024,0.05,Transportation,Unknown,,United States
Sony Interactive,SF Bay Area,900.0,2/27/2024,0.08,Consumer,Subsidiary,,United States
Bumble,Austin,350.0,2/27/2024,0.3,Consumer,Post-IPO,313,United States
PropertyGuru,"Singapore, Non-U.S.",79.0,2/27/2024,,Real Estate,Post-IPO,676,Singapore
Apple,SF Bay Area,,2/27/2024,,Transportation,Post-IPO,1200,United States
Expedia,Seattle,1500.0,2/26/2024,0.08,Travel,Post-IPO,3300,United States
WayCool,"Chennai, Non-U.S.",70.0,2/26/2024,,Food,Unknown,363,India
Daraz,"Singapore, Non-U.S.",,2/26/2024,,Retail,Unknown,,Singapore
Redesign Health,New York City,77.0,2/23/2024,,Healthcare,Series C,315,United States
Carbon Health,SF Bay Area,56.0,2/23/2024,,Healthcare,Series D,522,United States
Vice Media,New York City,,2/22/2024,,Media,Unknown,1600,United States
Affirm,Pittsburgh,60.0,2/21/2024,,Finance,Post-IPO,1500,United States
Finder,"Sydney, Non-U.S.",60.0,2/21/2024,0.17,Retail,Unknown,30,Australia
BuzzFeed,New York City,,2/21/2024,0.16,Media,Post-IPO,696,United States
Rivian,Detroit,,2/21/2024,0.1,Transportation,Post-IPO,10700,United States
Aptiv,"Krakow, Non-U.S.",250.0,2/20/2024,,Transportation,Post-IPO,8,Poland
Tails.com,"London, Non-U.S.",55.0,2/20/2024,0.25,Retail,Series A,5,United Kingdom
Auctane,Austin,,2/20/2024,,Retail,Unknown,,United States
KnownOrigin,"Manchester, Non-U.S.",,2/20/2024,0.3,Crypto,Acquired,3,United Kingdom
Meati,Boulder,,2/20/2024,0.3,Food,Series C,274,United States
Farfetch,"London, Non-U.S.",2000.0,2/16/2024,0.25,Retail,Acquired,1700,United Kingdom
Voi,"Stockholm, Non-U.S.",120.0,2/16/2024,0.12,Transportation,Series D,515,Sweden
Toast,Boston,550.0,2/15/2024,0.1,Food,Post-IPO,962,United States
Sonder,SF Bay Area,106.0,2/15/2024,0.17,Travel,Post-IPO,839,United States
LinkSquares,Boston,90.0,2/15/2024,,Legal,Series C,161,United States
Storytel,"Stockholm, Non-U.S.",80.0,2/15/2024,0.13,Consumer,Post-IPO,312,Sweden
Gro Intelligence,New York City,20.0,2/15/2024,0.1,Food,Series B,118,United States
CodeSee,SF Bay Area,,2/15/2024,1.0,Data,Seed,10,United States
May Mobility,Ann Arbor,,2/15/2024,0.13,Transportation,Series D,303,United States
Cisco,SF Bay Area,4250.0,2/14/2024,0.05,Infrastructure,Post-IPO,2,United States
Wint Wealth,"Nashik, Non-U.S.",19.0,2/14/2024,0.2,Finance,Series A,16,India
Away,New York City,,2/14/2024,0.25,Retail,Series D,181,United States
Instacart,SF Bay Area,250.0,2/13/2024,0.07,Food,Post-IPO,2900,United States
Redesign Health,New York City,77.0,2/13/2024,,Healthcare,Unknown,315,United States
Mozilla,SF Bay Area,60.0,2/13/2024,0.05,Consumer,Unknown,2.3,United States
Impinj,Seattle,50.0,2/13/2024,0.1,Other,Post-IPO,137,United States
Riskified,New York City,40.0,2/13/2024,0.06,Retail,Post-IPO,229,United States
Everybuddy,"Tel Aviv, Non-U.S.",,2/13/2024,1.0,Consumer,Series A,15,Israel
Popcore,"Berlin, Non-U.S.",,2/13/2024,,Consumer,Acquired,,Germany
Wisense,"Tel Aviv, Non-U.S.",,2/13/2024,1.0,Transportation,Unknown,37,Israel
SiriusXM,New York City,160.0,2/12/2024,0.03,Media,Post-IPO,525,United States
Licious,"Bengaluru, Non-U.S.",80.0,2/9/2024,0.03,Food,Series F,490,India
BlissClub,"Bengaluru, Non-U.S.",21.0,2/9/2024,0.18,Retail,Series A,20,India
Kandji,San Diego,,2/9/2024,,Other,Series C,188,United States
Pure Storage,SF Bay Area,275.0,2/8/2024,,Data,Post-IPO,529,United States
Otovo,"Oslo, Non-U.S.",65.0,2/8/2024,0.15,Energy,Post-IPO,247,Norway
Getaround,SF Bay Area,,2/8/2024,0.3,Transportation,Post-IPO,948,United States
Journera,Chicago,,2/8/2024,1.0,Travel,Series B,31,United States
Grammarly,SF Bay Area,230.0,2/7/2024,,Consumer,Unknown,400,United States
Fireblocks,New York City,20.0,2/7/2024,0.03,Crypto,Series E,1000,United States
Tenable,Baltimore,,2/7/2024,0.05,Security,Post-IPO,565,United States
Workfellow,"Espoo, Non-U.S.",,2/7/2024,1.0,HR,Seed,3,Finland
DocuSign,SF Bay Area,440.0,2/6/2024,0.06,Sales,Post-IPO,536,United States
Amazon,Seattle,400.0,2/6/2024,,Retail,Post-IPO,108,United States
Glowforge,Seattle,,2/6/2024,,Manufacturing,Series E,133,United States
Snap,Los Angeles,500.0,2/5/2024,0.1,Consumer,Post-IPO,4900,United States
Drizly,Boston,168.0,2/5/2024,1.0,Retail,Acquired,119,United States
BillGO,Fort Collins,80.0,2/5/2024,,Finance,Series B,119,United States
Impact.com,Los Angeles,40.0,2/5/2024,0.03,Sales,Private Equity,361,United States
Astrate Medical,Philadelphia,,2/5/2024,1.0,Healthcare,Series A,13,United States
Meetup,New York City,,2/5/2024,,Consumer,Acquired,18,United States
Muvin,"Bengaluru, Non-U.S.",,2/5/2024,1.0,Finance,Seed,4,India
Nomad Health,New York City,,2/5/2024,,Healthcare,Unknown,218,United States
Zwift,Los Angeles,,2/5/2024,,Fitness,Series C,619,United States
Cue Health,San Diego,245.0,2/2/2024,0.3,Healthcare,Post-IPO,899,United States
Top Hat,"Toronto, Non-U.S.",35.0,2/2/2024,0.07,Education,Series E,234,Canada
Cake Bikes,"Stockholm, Non-U.S.",,2/2/2024,1.0,Transportation,Unknown,74,Sweden
Small Robot Company,"Salisbury, Non-U.S.",,2/2/2024,1.0,Food,Unknown,10,United Kingdom
Twig,"London, Non-U.S.",,2/2/2024,1.0,Finance,Unknown,41,United Kingdom
Okta,SF Bay Area,400.0,2/1/2024,0.07,Security,Post-IPO,1200,United States
Zoom,SF Bay Area,150.0,2/1/2024,0.02,Other,Post-IPO,276,United States
Illumina,San Diego,111.0,2/1/2024,,Healthcare,Post-IPO,28,United States
Polygon,"Cayman Islands, Non-U.S.",60.0,2/1/2024,0.19,Crypto,Unknown,451,Cayman Islands
Indigo,Boston,,2/1/2024,,Other,Series F,1200,United States
Proofpoint,SF Bay Area,280.0,1/31/2024,0.06,Security,Acquired,885,United States
Trove Recommerce,SF Bay Area,130.0,1/31/2024,,Retail,Series E,152,United States
CircleCI,SF Bay Area,100.0,1/31/2024,,Product,Series F,315,United States
Thinx,New York City,95.0,1/31/2024,,Retail,Acquired,26,United States
Innoviz,"Tel Aviv, Non-U.S.",60.0,1/31/2024,0.13,Transportation,Post-IPO,547,Israel
The Messenger,Miami,,1/31/2024,1.0,Media,Unknown,,United States
Zuora,SF Bay Area,,1/31/2024,0.08,Finance,Post-IPO,647,United States
PayPal,SF Bay Area,2500.0,1/30/2024,0.09,Finance,Post-IPO,216,United States
Block,SF Bay Area,1000.0,1/30/2024,0.1,Finance,Post-IPO,150,United States
Kiwi.com,"Brno, Non-U.S.",216.0,1/30/2024,0.18,Travel,Unknown,107,Czech Republic
Aurora Solar,SF Bay Area,111.0,1/30/2024,0.2,Energy,Series D,523,United States
Wattpad,"Toronto, Non-U.S.",20.0,1/30/2024,0.1,Media,Acquired,117,Canada
TechCrunch,SF Bay Area,7.0,1/30/2024,,Media,Acquired,,United States
Noom,New York City,,1/30/2024,,Fitness,Series F,657,United States
Procore,Santa Barbara,,1/30/2024,0.04,Construction,Post-IPO,654,United States
Vipps,"Vilnius, Non-U.S.",,1/30/2024,,Finance,Unknown,,Lithuania
iRobot,Boston,350.0,1/29/2024,0.31,Consumer,Post-IPO,30,United States
DispatchHealth,Denver,88.0,1/29/2024,,Healthcare,Series E,733,United States
Loopio,"Toronto, Non-U.S.",,1/29/2024,0.06,Sales,Private Equity,263,Canada
Salesforce,SF Bay Area,700.0,1/26/2024,0.01,Sales,Post-IPO,65,United States
Flexport,SF Bay Area,,1/26/2024,0.2,Logistics,Series E,2400,United States
Productboard,SF Bay Area,,1/26/2024,,Product,Series D,,United States
Microsoft,Seattle,1900.0,1/25/2024,,Other,Post-IPO,1,United States
Swiggy,"Bengaluru, Non-U.S.",400.0,1/25/2024,0.07,Food,Unknown,3600,India
Veho,Boulder,65.0,1/25/2024,0.19,Logistics,Series B,299,United States
Amperity,Seattle,20.0,1/25/2024,,Marketing,Series D,187,United States
MVPindex,Austin,12.0,1/25/2024,0.3,Marketing,Series B,27,United States
Business Insider,New York City,,1/25/2024,0.08,Media,Acquired,56,United States
Cova,"Lagos, Non-U.S.",,1/25/2024,1.0,Finance,Unknown,,Nigeria
Jamf,Minneapolis,,1/25/2024,0.06,Other,Post-IPO,332,United States
Cult.fit,"Bengaluru, Non-U.S.",100.0,1/24/2024,,Fitness,Series F,635,India
Personio,"Munich, Non-U.S.",100.0,1/24/2024,,HR,Series E,724,Germany
Storytel,"Stockholm, Non-U.S.",80.0,1/24/2024,0.13,Media,Post-IPO,275,Sweden
Aurora,Pittsburgh,,1/24/2024,0.03,Transportation,Post-IPO,3700,United States
Desktop Metal,Boston,,1/24/2024,0.2,Other,Post-IPO,811,United States
HubSpot,Boston,,1/24/2024,,Marketing,Post-IPO,100,United States
SAP,"Walldorf, Non-U.S.",8000.0,1/23/2024,0.07,Other,Post-IPO,1300,Germany
eBay,SF Bay Area,1000.0,1/23/2024,0.09,Retail,Post-IPO,1200,United States
Vroom,New York City,800.0,1/23/2024,0.9,Transportation,Post-IPO,1300,United States
Brex,SF Bay Area,282.0,1/23/2024,0.2,Finance,Series D,1500,United States
Cure.fit,"Bengaluru, Non-U.S.",120.0,1/23/2024,,Fitness,Series F,625,India
GoStudent,"Vienna, Non-U.S.",100.0,1/23/2024,,Education,Series D,686,Austria
Jellysmack,"Paris, Non-U.S.",30.0,1/23/2024,,Media,Series C,22,France
GoTo,Boston,29.0,1/23/2024,,Other,Acquired,2,United States
Seedr,"London, Non-U.S.",15.0,1/23/2024,,Finance,Acquired,28,United Kingdom
Riot Games,Los Angeles,530.0,1/22/2024,0.11,Consumer,Acquired,21,United States
Xendit,"Jakarta, Non-U.S.",200.0,1/22/2024,,Finance,Series D,534,Indonesia
TikTok,Los Angeles,60.0,1/22/2024,,Consumer,Acquired,,United States
2U,Washington D.C.,,1/22/2024,,Education,Post-IPO,426,United States
Google,SF Bay Area,,1/22/2024,,Consumer,Post-IPO,26,United States
Xendit,"Jakarta, Non-U.S.",,1/22/2024,,Finance,Series D,534,Indonesia
SolarEdge,"Tel Aviv, Non-U.S.",900.0,1/21/2024,0.16,Energy,Post-IPO,155,Israel
Wayfair,Boston,1650.0,1/19/2024,0.13,Retail,Post-IPO,1700,United States
Amazon,Seattle,30.0,1/18/2024,,Retail,Post-IPO,108,United States
Fashinza,New York City,,1/18/2024,,Retail,Unknown,153,United States
Stitch Fix,Dallas,,1/18/2024,,Retail,Post-IPO,79,United States
YouTube,SF Bay Area,100.0,1/17/2024,,Media,Acquired,11,United States
Sirplus,"Berlin, Non-U.S.",60.0,1/17/2024,,Food,Seed,,Germany
SonderMind,Denver,49.0,1/16/2024,0.17,Healthcare,Series C,183,United States
First Mode,Seattle,48.0,1/16/2024,0.2,Transportation,Acquired,9,United States
ALI Technologies,"Tokyo, Non-U.S.",,1/16/2024,1.0,Transportation,Unknown,,Japan
Google,SF Bay Area,,1/16/2024,,Consumer,Post-IPO,26,United States
Thursday,"London, Non-U.S.",,1/16/2024,0.7,Consumer,Seed,3,United Kingdom
Veeam,Columbus,300.0,1/12/2024,,Data,Acquired,500,United States
GrabCAD,"Tallinn, Non-U.S.",13.0,1/12/2024,,Other,Acquired,28,Estonia
Artifact,SF Bay Area,,1/12/2024,1.0,Media,Unknown,,United States
Dastgyr,"Karachi, Non-U.S.",,1/12/2024,0.8,Retail,Series A,41,Pakistan
Hologram,Chicago,,1/12/2024,,Infrastructure,Unknown,82,United States
Vendr,Boston,,1/12/2024,,Other,Series B,216,United States
New Work SE,"Hamburg, Non-U.S.",400.0,1/11/2024,,Consumer,Post-IPO,,Germany
Playtika,"Tel Aviv, Non-U.S.",300.0,1/11/2024,0.1,Consumer,Post-IPO,,Israel
Discord,SF Bay Area,170.0,1/11/2024,0.17,Consumer,Series H,995,United States
Inmobi,"Bengaluru, Non-U.S.",125.0,1/11/2024,0.05,Marketing,Unknown,320,India
Audible,New York City,100.0,1/11/2024,0.05,Media,Acquired,14,United States
7Shifts,"Saskatoon, Non-U.S.",68.0,1/11/2024,0.19,Food,Series C,131,Canada
Sisense,New York City,60.0,1/11/2024,0.13,Data,Series F,274,United States
Cloudflare,SF Bay Area,40.0,1/11/2024,,Security,Post-IPO,332,United States
888,"Tel Aviv, Non-U.S.",,1/11/2024,,Consumer,Post-IPO,,Israel
Certinia,SF Bay Area,,1/11/2024,,Other,Unknown,194,United States
Chief,New York City,,1/11/2024,,HR,Series B,140,United States
Dextrous Robotics,Memphis,,1/11/2024,1.0,Logistics,Unknown,,United States
Citrix,Miami,1000.0,1/10/2024,0.12,Infrastructure,Acquired,20,United States
Google,SF Bay Area,1000.0,1/10/2024,,Consumer,Post-IPO,26,United States
IAC,New York City,330.0,1/10/2024,,Consumer,Post-IPO,,United States
FreshDirect,New York City,100.0,1/10/2024,0.03,Food,Acquired,280,United States
Beam Benefits,Columbus,74.0,1/10/2024,,Healthcare,Series E,168,United States
Instagram,SF Bay Area,60.0,1/10/2024,,Consumer,Acquired,57,United States
Amazon,Seattle,,1/10/2024,,Retail,Post-IPO,108,United States
ChargePoint,SF Bay Area,,1/10/2024,0.12,Manufacturing,Unknown,1400,United States
SoFi,SF Bay Area,,1/10/2024,0.04,Finance,Post-IPO,3000,United States
Twitch,SF Bay Area,500.0,1/9/2024,0.35,Consumer,Acquired,35,United States
Branch,Columbus,85.0,1/9/2024,,Finance,Series C,229,United States
Nevro,SF Bay Area,63.0,1/9/2024,0.05,Healthcare,Post-IPO,556,United States
FullStory,Atlanta,50.0,1/9/2024,0.1,Marketing,Unknown,197,United States
Uber Freight,SF Bay Area,40.0,1/9/2024,,Logistics,Subsidiary,2700,United States
Rent the Runway,New York City,37.0,1/9/2024,0.1,Retail,Post-IPO,526,United States
Treasure Financial,SF Bay Area,14.0,1/9/2024,0.6,Finance,Series A,14,United States
Humane,SF Bay Area,10.0,1/9/2024,0.04,Hardware,Series C,230,United States
EVBox,"Amsterdam, Non-U.S.",,1/9/2024,,Energy,Post-IPO,,Netherlands
Morning Consult,Washington D.C.,,1/9/2024,,Data,Series B,91,United States
Trend Micro,"Tokyo, Non-U.S.",,1/9/2024,0.02,Security,Unknown,,Japan
Unity,SF Bay Area,1800.0,1/8/2024,0.25,Other,Post-IPO,1300,United States
Flipkart,"Bengaluru, Non-U.S.",1100.0,1/8/2024,0.05,Retail,Acquired,12900,India
NuScale Power,Corvallis,154.0,1/8/2024,0.28,Energy,Post-IPO,470,United States
Flexe,Seattle,99.0,1/8/2024,0.38,Logistics,Series D,263,United States
Pitch,"Berlin, Non-U.S.",80.0,1/8/2024,0.67,Other,Series B,138,Germany
BenchSci,"Toronto, Non-U.S.",70.0,1/8/2024,0.17,Healthcare,Series D,164,Canada
Here,Miami,,1/8/2024,1.0,Real Estate,Seed,5,United States
Ledger Investing,New York City,,1/8/2024,0.25,Finance,Series B,91,United States
Lendio,Lehi,,1/8/2024,,Finance,Series E,108,United States
MeridianLink,Los Angeles,,1/8/2024,0.09,Finance,Post-IPO,485,United States
LiveVox,SF Bay Area,,1/7/2024,,Support,Acquired,12,United States
NanoString Technologies,Seattle,50.0,1/6/2024,0.09,Healthcare,Post-IPO,826,United States
Cue Health,San Diego,94.0,1/5/2024,0.13,Healthcare,Post-IPO,899,United States
Lever,SF Bay Area,,1/5/2024,,Recruiting,Acquired,123,United States
Trigo,"Tel Aviv, Non-U.S.",30.0,1/4/2024,0.15,Retail,Series C,199,Israel
InVision,New York City,,1/4/2024,1.0,Product,Series F,356,United States
VideoAmp,Los Angeles,,1/4/2024,0.2,Marketing,Series F,456,United States
Xerox,Norwalk,3000.0,1/3/2024,0.15,Hardware,Post-IPO,27200,United States
Lazada Group ,"Singapore, Non-U.S.",100.0,1/3/2024,0.3,Retail,Acquired,7200,Singapore
Orca Security,"Tel Aviv, Non-U.S.",60.0,1/3/2024,0.15,Security,Series C,632,Israel
Frontdesk,Milwaukee,200.0,1/2/2024,1.0,Travel,Unknown,26,United States
The Messenger,New York City,24.0,1/2/2024,,Media,Unknown,,United States
Ocado,"London, Non-U.S.",1000.0,12/31/2023,,Food,Post-IPO,2000,United Kingdom
Bolt.Earth,"Bengaluru, Non-U.S.",,12/29/2023,0.2,Energy,Series B,24,India
Strake,Boulder,,12/28/2023,1.0,Infrastructure,Unknown,,United States
Paytm,"Noida, Non-U.S.",1000.0,12/25/2023,,Finance,Unknown,,India
Intel,Sacramento,311.0,12/21/2023,,Hardware,Post-IPO,12,United States
Hyperloop One,Los Angeles,,12/21/2023,1.0,Transportation,Unknown,368,United States
Palmetto Clean Technology,Charleston,,12/21/2023,,Energy,Private Equity,628,United States
ShareChat,"Bengaluru, Non-U.S.",200.0,12/20/2023,0.15,Consumer,Series H,1700,India
InSightec,"Haifa, Non-U.S.",100.0,12/19/2023,0.2,Healthcare,Unknown,733,Israel
Kaspien,Seattle,,12/19/2023,1.0,Retail,Post-IPO,52,United States
Enphase Energy,SF Bay Area,350.0,12/18/2023,0.1,Energy,Post-IPO,116,United States
Udaan,"Bengaluru, Non-U.S.",100.0,12/18/2023,0.1,Retail,Unknown,1500,India
Checkout.com,"London, Non-U.S.",80.0,12/18/2023,,Finance,Series D,1800,United Kingdom
Arm Holdings,"Shanghai, Non-U.S.",70.0,12/18/2023,,Hardware,Post-IPO,,China
Delivery Hero,"Berlin, Non-U.S.",,12/18/2023,,Food,Post-IPO,9900,Germany
eBay,"Tel Aviv, Non-U.S.",20.0,12/17/2023,,Retail,Post-IPO,1200,Israel
Glowforge,Seattle,30.0,12/15/2023,,Manufacturing,Series E,133,United States
Jellysmack,"Paris, Non-U.S.",,12/15/2023,,Media,Series C,22,France
Superpedestrian,Boston,,12/15/2023,,Transportation,Series C,262,United States
Cruise,SF Bay Area,900.0,12/14/2023,0.24,Transportation,Acquired,15000,United States
Solarisbank,"Berlin, Non-U.S.",20.0,12/14/2023,,Finance,Unknown,385,Germany
Bolt,SF Bay Area,,12/14/2023,0.29,Finance,Series E,1300,United States
Curalie,"Berlin, Non-U.S.",,12/14/2023,1.0,Healthcare,Unknown,,Germany
Curbio,Washington D.C.,,12/14/2023,,Real Estate,Series B,76,United States
Flyhomes,Seattle,,12/14/2023,,Real Estate,Series C,310,United States
Stellar Pizza,Los Angeles,,12/14/2023,0.5,Food,Series A,25,United States
Invitae,SF Bay Area,235.0,12/13/2023,0.15,Healthcare,Post-IPO,2500,United States
Etsy,New York City,225.0,12/13/2023,0.11,Retail,Post-IPO,97,United States
Analog Devices,SF Bay Area,111.0,12/13/2023,,Manufacturing,Post-IPO,,United States
ForgeRock,SF Bay Area,109.0,12/13/2023,,Other,Acquired,234,United States
Flex,SF Bay Area,31.0,12/13/2023,,Manufacturing,Unknown,,United States
FourKites,Chicago,,12/13/2023,0.15,Logistics,Unknown,241,United States
Sojern,SF Bay Area,,12/13/2023,0.2,Marketing,Unknown,172,United States
TomTom,"Lodz, Non-U.S.",45.0,12/12/2023,,Transportation,Post-IPO,,Poland
Chipper Cash,SF Bay Area,15.0,12/11/2023,0.33,Finance,Series C,302,United States
Jungle Scout,Austin,,12/9/2023,,Retail,Private Equity,110,United States
SmileDirectClub,Nashville,,12/9/2023,1.0,Healthcare,Post-IPO,694,United States
Sunfolding,SF Bay Area,,12/9/2023,1.0,Energy,Series B,32,United States
Zulily,Seattle,839.0,12/8/2023,1.0,Retail,Acquired,194,United States
D2iQ,SF Bay Area,,12/8/2023,1.0,Infrastructure,Series D,247,United States
Simplilearn,"Bengaluru, Non-U.S.",200.0,12/7/2023,,Education,Acquired,76,India
Rivian,Detroit,20.0,12/7/2023,,Transportation,Post-IPO,10700,United States
Atmosphere,Austin,,12/7/2023,,Other,Series D,214,United States
Navan,SF Bay Area,145.0,12/6/2023,,Travel,Unknown,2200,United States
Tidal,New York City,40.0,12/6/2023,0.1,Consumer,Acquired,,United States
FNZ,"London, Non-U.S.",240.0,12/5/2023,,Finance,Private Equity,3500,United Kingdom
ZestMoney,"Bengaluru, Non-U.S.",150.0,12/5/2023,1.0,Finance,Series C,120,India
Navan,SF Bay Area,145.0,12/5/2023,0.05,Finance,Unknown,2200,United States
Incredibuild,"Tel Aviv, Non-U.S.",40.0,12/5/2023,0.2,Product,Series B,35,Israel
Bill.com,SF Bay Area,,12/5/2023,0.15,Finance,Post-IPO,280,United States
Contentful,"Berlin, Non-U.S.",,12/5/2023,,Marketing,Series F,350,Germany
Course Hero,SF Bay Area,,12/5/2023,0.25,Education,Series C,477,United States
Pivo,"Abuja, Non-U.S.",,12/5/2023,1.0,Finance,Seed,3,Nigeria
Yahoo,SF Bay Area,,12/5/2023,,Consumer,Acquired,6,United States
Spotify,"Stockholm, Non-U.S.",1500.0,12/4/2023,0.17,Media,Post-IPO,2100,Sweden
TuSimple,San Diego,150.0,12/4/2023,,Transportation,Post-IPO,648,United States
Meow Wolf,Santa Fe,8.0,12/4/2023,,Media,Unknown,185,United States
DwellWell,Los Angeles,,12/4/2023,1.0,Real Estate,Seed,6,United States
Twilio,SF Bay Area,,12/4/2023,0.05,Other,Post-IPO,614,United States
Filmic,Seattle,,12/1/2023,1.0,Other,Acquired,,United States
Loco,"Mumbai, Non-U.S.",40.0,11/30/2023,0.36,Consumer,Acquired,52,India
Zepz,"London, Non-U.S.",30.0,11/30/2023,0.02,Finance,Series E,700,United Kingdom
Domo,Salt Lake City,,11/30/2023,0.07,Data,Post-IPO,689,United States
Mojo,New York City,,11/30/2023,,Consumer,Unknown,100,United States
Pipedrive,"Tallinn, Non-U.S.",,11/30/2023,,Sales,Private Equity,90,Estonia
Vox Media,Washington D.C.,,11/30/2023,0.04,Media,Series F,307,United States
Unity,SF Bay Area,265.0,11/28/2023,0.04,Other,Post-IPO,1300,United States
Dataminr,New York City,150.0,11/28/2023,0.2,AI,Series F,1100,United States
Multiverse,"London, Non-U.S.",,11/28/2023,0.05,Education,Series D,414,United Kingdom
Tier Mobility,"Berlin, Non-U.S.",,11/28/2023,0.22,Transportation,Series D,646,Germany
VMware,SF Bay Area,2837.0,11/27/2023,,Infrastructure,Acquired,393,United States
Bytedance,"Shanghai, Non-U.S.",1000.0,11/27/2023,,Consumer,Unknown,9400,China
Our Next Energy,Detroit,128.0,11/27/2023,0.25,Transportation,Series B,390,United States
Veev,SF Bay Area,,11/26/2023,1.0,Construction,Series D,597,United States
Anar,"Mumbai, Non-U.S.",,11/25/2023,1.0,Marketing,Seed,6,India
Alerzo,"Ibadan, Non-U.S.",100.0,11/21/2023,,Retail,Series B,16,Nigeria
McMakler,"Berlin, Non-U.S.",60.0,11/21/2023,,Real Estate,Unknown,214,Germany
Tulip Retail,"Toronto, Non-U.S.",25.0,11/21/2023,,Retail,Series C,79,Canada
Jodo,"Bengaluru, Non-U.S.",100.0,11/20/2023,,Finance,Series A,19,India
C3.ai,SF Bay Area,,11/20/2023,,AI,Series F,228,United States
Presto,SF Bay Area,,11/20/2023,0.17,Food,Post-IPO,167,United States
Physics Wallah,"Noida, Non-U.S.",120.0,11/19/2023,0.01,Education,Series A,100,India
NextGen Healthcare,St. Louis,84.0,11/17/2023,,Healthcare,Acquired,,United States
Amazon,Seattle,,11/17/2023,,Retail,Post-IPO,108,United States
Buildertrend,Omaha,,11/17/2023,0.16,Construction,Unknown,,United States
Jane,Lehi,,11/17/2023,1.0,Retail,Series A,40,United States
Zazuu,London,,11/17/2023,,Finance,Unknown,,United Kingdom
Sierra Space,Boulder,115.0,11/16/2023,,Aerospace,Series B,1700,United States
Paystack,"Lagos, Non-U.S.",33.0,11/16/2023,,Finance,Acquired,10,Nigeria
Beamery,"London, Non-U.S.",,11/16/2023,0.25,HR,Series D,223,United Kingdom
Sonos,New York City,,11/16/2023,,Consumer,Post-IPO,455.2,United States
FintechOS,"Bucharest, Non-U.S.",,11/15/2023,,Finance,Series B,91,Romania
FreshBooks,"Toronto, Non-U.S.",,11/15/2023,0.06,Finance,Unknown,331,Canada
Landing,Birmingham,,11/15/2023,,Real Estate,Series C,347,United States
Singular Genomics,San Diego,,11/15/2023,0.1,Healthcare,Post-IPO,176,United States
Uleet,Columbus,,11/15/2023,1.0,Healthcare,Unknown,,United States
Chewy,Miami,200.0,11/14/2023,,Retail,Post-IPO,451,United States
Sarcos,Pittsburgh,150.0,11/14/2023,,Aerospace,Post-IPO,316,United States
Cake Group,"Singapore, Non-U.S.",50.0,11/14/2023,0.3,Crypto,Unknown,,Singapore
Halodoc,"Jakarta, Non-U.S.",,11/14/2023,,Healthcare,Series D,245,India
Markforged,Boston,,11/14/2023,,Manufacturing,Post-IPO,347,United States
Ping Identity,Denver,,11/14/2023,,Security,Acquired,128,United States
Amazon,Seattle,180.0,11/13/2023,,Retail,Post-IPO,108,United States
TripAdvisor,Boston,125.0,11/12/2023,0.04,Travel,Post-IPO,3,United States
Bowery Farming,New York City,,11/10/2023,,Food,Unknown,626,United States
Carta,SF Bay Area,,11/9/2023,,HR,Series G,1100,United States
Commure,SF Bay Area,,11/9/2023,,Healthcare,Unknown,1900,United States
OSlash,"Bengaluru, Non-U.S.",,11/9/2023,1.0,Other,Seed,7,India
Snap,Los Angeles,20.0,11/8/2023,,Consumer,Post-IPO,4900,United States
Amazon,Seattle,,11/8/2023,,Retail,Post-IPO,108,United States
BigCommerce,Austin,,11/8/2023,0.07,Retail,Post-IPO,224,United States
CloudKitchens,Los Angeles,,11/8/2023,,Real Estate,Unknown,1300,United States
Google,SF Bay Area,,11/8/2023,,Consumer,Post-IPO,26,United States
Oportun,SF Bay Area,185.0,11/7/2023,0.07,Finance,Post-IPO,766,United States
Zillow,Seattle,23.0,11/7/2023,,Real Estate,Post-IPO,97,United States
Nextdoor,SF Bay Area,,11/7/2023,0.25,Consumer,Post-IPO,736,United States
Zeus Living,SF Bay Area,,11/7/2023,1.0,Real Estate,Series C,151,United States
Ava Labs,New York City,,11/6/2023,0.12,Crypto,Unknown,640,United States
Homie,Salt Lake City,,11/6/2023,,Real Estate,Series B,35,United States
Moore Threads,"Beijing, Non-U.S.",,11/6/2023,,Hardware,Series B,,China
Pico Interactive,SF Bay Area,,11/6/2023,,Other,Acquired,62,United States
F5,Seattle,120.0,11/3/2023,0.02,Security,Post-IPO,,United States
NIO,"Shanghai, Non-U.S.",,11/3/2023,0.1,Transportation,Post-IPO,7200,China
OpenSea,New York City,,11/3/2023,0.5,Crypto,Series C,427,United States
Viasat,San Diego,800.0,11/2/2023,0.1,Other,Post-IPO,366,United States
Beyond Meat,Los Angeles,65.0,11/2/2023,0.08,Food,Post-IPO,122,United States
OpenSpace,SF Bay Area,,11/2/2023,,Construction,Series D,200,United States
Orchard,New York City,,11/2/2023,,Real Estate,Series D,472,United States
Sportradar,"St. Gallen, Non-U.S.",,11/2/2023,0.1,Data,Post-IPO,84,Switzerland
Informatica,SF Bay Area,545.0,11/1/2023,0.1,Data,Post-IPO,,United States
Splunk,SF Bay Area,500.0,11/1/2023,0.07,Data,Post-IPO,2400,United States
Faire,SF Bay Area,250.0,11/1/2023,0.2,Retail,Series G,1700,United States
Sana Benefits,Austin,73.0,11/1/2023,0.5,HR,Series B,106,United States
Olive,Columbus,,10/31/2023,1.0,Healthcare,Series H,856,United States
StepStone,"Berlin, Non-U.S.",215.0,10/30/2023,0.05,Recruiting,Acquired,,Germany
Bungie,Seattle,100.0,10/30/2023,0.08,Consumer,Acquired,100,United States
Hubilo,SF Bay Area,50.0,10/30/2023,,Other,Series B,153,United States
Karat Financial,Los Angeles,,10/27/2023,,Finance,Series B,116,United States
Hippo Insurance,SF Bay Area,120.0,10/26/2023,0.2,Finance,Post-IPO,1300,United States
Graphy,"Bengaluru, Non-U.S.",50.0,10/26/2023,0.2,Education,Subsidiary,,India
Salsify,Boston,110.0,10/25/2023,,Retail,Unknown,453,United States
F-Secure ,"Helsinki, Non-U.S.",70.0,10/25/2023,,Security,Post-IPO,,Finland
Virgio,"Bengaluru, Non-U.S.",20.0,10/25/2023,0.33,Retail,Series A,,India
Exabeam,SF Bay Area,,10/25/2023,0.2,Security,Series F,391,United States
Multiverse,"London, Non-U.S.",,10/25/2023,,Education,Series D,414,United Kingdom
Slync,Dallas,,10/25/2023,1.0,Logistics,Series B,76,United States
SiFive,SF Bay Area,130.0,10/24/2023,0.2,Hardware,Series F,365,United States
Pebble,SF Bay Area,,10/24/2023,1.0,Consumer,Seed,1,United States
Shipt,Birmingham,,10/24/2023,0.03,Retail,Acquired,65,United States
Parity Technologies,"London, Non-U.S.",100.0,10/23/2023,0.3,Crypto,Unknown,,United Kingdom
Roblox China,"Shenzen, Non-U.S.",15.0,10/23/2023,,Consumer,Subsidiary,,China
Nomad Health,New York City,119.0,10/20/2023,0.17,Healthcare,Unknown,218,United States
Tropic,New York City,26.0,10/20/2023,,Finance,Series B,67,United States
Nomad Health,New York City,,10/20/2023,0.25,Healthcare,Unknown,218,United States
Convoy,Seattle,500.0,10/19/2023,1.0,Logistics,Series E,1100,United States
Bullhorn,Boston,140.0,10/19/2023,0.09,Sales,Acquired,32,United States
LegalZoom,Austin,100.0,10/19/2023,,Legal,Post-IPO,951,United States
StellarAlgo,"Calgary, Non-U.S.",21.0,10/19/2023,0.28,Data,Series A,16,Canada
ManoMano,"Paris, Non-U.S.",230.0,10/18/2023,0.25,Retail,Series F,705,France
Google,SF Bay Area,40.0,10/18/2023,,Consumer,Post-IPO,26,United States
WeTransfer,"Amsterdam, Non-U.S.",35.0,10/18/2023,0.1,Other,Series A,64,Netherlands
Plume,Denver,24.0,10/18/2023,,Healthcare,Series B,38,United States
Belora Paris,"Gurugram, Non-U.S.",,10/18/2023,1.0,Retail,Seed,,India
Made Renovation,SF Bay Area,,10/18/2023,1.0,Construction,Seed,9,United States
Volta Trucks,"Stockholm, Non-U.S.",,10/18/2023,1.0,Transportation,Series C,391,Sweden
Expedia,Seattle,100.0,10/17/2023,,Travel,Post-IPO,3300,United States
Waymo,SF Bay Area,,10/17/2023,,Transportation,Subsidiary,5500,United States
LinkedIn,SF Bay Area,660.0,10/16/2023,0.03,Recruiting,Acquired,154,United States
CityMall,"Gurugram, Non-U.S.",90.0,10/16/2023,,Retail,Series C,112,India
C2FO,Kansas City,80.0,10/16/2023,0.03,Finance,Series H,537,United States
Kayak / OpenTable,Stamford,80.0,10/16/2023,,Travel,Acquired,229,United States
Bandcamp,SF Bay Area,58.0,10/16/2023,0.5,Other,Acquired,,United States
Stack Overflow,New York City,,10/16/2023,0.28,Recruiting,Acquired,153,United States
PokerStars,"Leeds, Non-U.S.",,10/15/2023,,Consumer,Acquired,,United Kingdom
Adda247,"Gurugram, Non-U.S.",300.0,10/14/2023,,Education,Series B,61,India
Flexport,SF Bay Area,,10/13/2023,0.2,Logistics,Series E,2400,United States
Uno Health,New York City,,10/13/2023,,Healthcare,Unknown,,United States
Qualcomm,San Diego,1258.0,10/12/2023,0.02,Hardware,Post-IPO,,United States
Lending Club,SF Bay Area,172.0,10/12/2023,0.14,Finance,Post-IPO,392,United States
MariaDB,SF Bay Area,84.0,10/12/2023,0.28,Data,Post-IPO,272,United States
Deepgram,SF Bay Area,20.0,10/11/2023,0.2,AI,Series B,86,United States
Acronis,"Zurich, Non-U.S.",,10/11/2023,,Security,Private Equity,658,Switzerland
Neon,"Sao Paulo, Non-U.S.",180.0,10/10/2023,,Finance,Series D,727,Brazil
Stitch Fix,Dallas,558.0,10/9/2023,,Retail,Post-IPO,79,United States
Carbon Health,SF Bay Area,114.0,10/9/2023,0.05,Healthcare,Series D,522,United States
Blue Origin,Seattle,40.0,10/9/2023,,Aerospace,Unknown,167,United States
Braid,SF Bay Area,,10/9/2023,1.0,Finance,Unknown,,United States
Product Hunt,,,10/9/2023,0.6,Consumer,Acquired,,United States
VTrips,Jacksonville,75.0,10/7/2023,0.09,Travel,Private Equity,,United States
Juniper Networks,SF Bay Area,440.0,10/6/2023,0.04,Hardware,Post-IPO,39,United States
InvestCloud,Los Angeles,80.0,10/6/2023,0.05,Finance,Private Equity,54,United States
Brave,SF Bay Area,,10/6/2023,0.09,Consumer,Series B,42,United States
Dash,New York City,,10/6/2023,1.0,Finance,Unknown,86,United States
Shift,SF Bay Area,,10/6/2023,1.0,Transportation,Post-IPO,504,United States
Yuga Labs,Miami,,10/6/2023,,Crypto,Unknown,450,United States
Enovix,SF Bay Area,185.0,10/5/2023,,Energy,Post-IPO,516,United States
Bizongo,"Mumbai, Non-U.S.",50.0,10/5/2023,,Retail,Series E,315,India
SchoolMint,SF Bay Area,29.0,10/5/2023,0.14,Education,Acquired,8,United States
SeekOut,Seattle,16.0,10/5/2023,0.07,Recruiting,Series C,,United States
Arrival,"London, Non-U.S.",,10/5/2023,0.25,Transportation,Post-IPO,629,United Kingdom
Ledger,"Paris, Non-U.S.",,10/5/2023,0.12,Crypto,Series C,577,France
Qualtrics,Salt Lake City,780.0,10/4/2023,0.14,Other,Acquired,400,United States
Hopper,"Montreal, Non-U.S.",250.0,10/4/2023,0.3,Travel,Unknown,730,Canada
Bird,Los Angeles,,10/4/2023,,Transportation,Post-IPO,916,United States
Block,SF Bay Area,,10/4/2023,,Finance,Post-IPO,150,United States
Meta,SF Bay Area,,10/4/2023,,Consumer,Post-IPO,26000,United States
Dare,"London, Non-U.S.",,10/3/2023,,Energy,Unknown,,United Kingdom
Sendoso,SF Bay Area,,10/3/2023,,Marketing,Series C,152,United States
Twitch,SF Bay Area,,10/3/2023,,Consumer,Acquired,35,United States
Chainalysis,New York City,150.0,10/2/2023,0.15,Crypto,Series F,536,United States
Synapse,SF Bay Area,86.0,10/2/2023,0.4,Finance,Series B,50,United States
Chia Network,SF Bay Area,26.0,10/2/2023,0.37,Crypto,Series D,70,United States
IronNet,Washington D.C.,,10/2/2023,1.0,Security,Post-IPO,428,United States
Sono Motors,"Munich, Non-U.S.",,10/2/2023,,Transportation,Post-IPO,127,Germany
Cowbell,SF Bay Area,28.0,9/29/2023,0.12,Finance,Series B,123,United States
N26,"Berlin, Non-U.S.",14.0,9/29/2023,,Finance,Series E,1700,Germany
Andgo,"Saskatoon, Non-U.S.",9.0,9/29/2023,,HR,Series A,5,Canada
Vendasta,"Saskatoon, Non-U.S.",,9/29/2023,,Marketing,Series D,178,Canada
Epic Games,Raleigh,870.0,9/28/2023,0.16,Consumer,Unknown,6400,United States
Lululemon Studio,New York City,120.0,9/28/2023,,Fitness,Acquired,75,United States
2U,Washington D.C.,,9/28/2023,,Education,Post-IPO,426,United States
Fit Analytics,"Berlin, Non-U.S.",,9/28/2023,1.0,Retail,Acquired,,
Snap,Los Angeles,170.0,9/27/2023,,Consumer,Post-IPO,4900,United States
Fi.Money,"Bengaluru, Non-U.S.",30.0,9/27/2023,0.1,Finance,Series C,137,India
Dunzo,"Bengaluru, Non-U.S.",150.0,9/26/2023,0.3,Food,Unknown,458,India
Flexe,Seattle,131.0,9/26/2023,0.33,Logistics,Series D,263,United States
Talkdesk,SF Bay Area,,9/26/2023,,Support,Series D,497,United States
Lucid Software,Salt Lake City,75.0,9/25/2023,0.07,Other,Series E,170,United States
Eat Just,SF Bay Area,40.0,9/22/2023,,Food,Unknown,465,United States
Appsmith,SF Bay Area,35.0,9/22/2023,0.25,,Series B,51,United States
Roblox,New York City,30.0,9/22/2023,,Consumer,Post-IPO,857,United States
Foodpanda,"Singapore, Non-U.S.",,9/22/2023,,Food,Acquired,749,Singapore
Recast,"Edinburgh, Non-U.S.",,9/22/2023,1.0,Media,Series A,14,United Kingdom
DealShare,"Bengaluru, Non-U.S.",130.0,9/21/2023,,Retail,Series E,390,India
Merative,"Dublin, Non-U.S.",100.0,9/21/2023,,Healthcare,Acquired,,Ireland
Robinhood,SF Bay Area,,9/21/2023,,Finance,Post-IPO,5600,United States
Akudo,"Bengaluru, Non-U.S.",,9/20/2023,1.0,Finance,Seed,4,India
Outreach,Seattle,,9/20/2023,0.12,Sales,Series G,489,United States
Truss Works,SF Bay Area,,9/20/2023,,Real Estate,Unknown,,United States
Nowadays,SF Bay Area,,9/18/2023,1.0,Food,Seed,10,United States
Cisco,SF Bay Area,350.0,9/17/2023,,Infrastructure,Post-IPO,2,United States
Hooray Foods,SF Bay Area,,9/17/2023,1.0,Food,Seed,7,United States
Sage Therapeutics copy,Boston,290.0,9/15/2023,,Healthcare,Post-IPO,438,United States
7shifts,"Saskatoon, Non-U.S.",30.0,9/15/2023,0.07,Food,Series C,131,Canada
Velocity,"Bengaluru, Non-U.S.",,9/15/2023,0.14,Finance,Series A,30,India
Airtable,SF Bay Area,237.0,9/14/2023,0.27,Product,Series F,1400,United States
Project44,Chicago,116.0,9/14/2023,,Logistics,Unknown,817,United States
VideoAmp,Los Angeles,40.0,9/14/2023,0.1,Marketing,Series F,456,United States
R3,New York City,,9/14/2023,0.2,Crypto,Series A,112,United States
Google,SF Bay Area,75.0,9/13/2023,,Consumer,Post-IPO,26,United States
Akili Labs,Boston,,9/13/2023,0.4,Healthcare,Post-IPO,301,United States
Evolve,Denver,175.0,9/12/2023,0.2,Travel,Series F,224,United States
Binance.US,SF Bay Area,100.0,9/12/2023,0.33,Crypto,Subsidiary,,United States
Paper,"Montreal, Non-U.S.",87.0,9/12/2023,0.03,Education,Series D,389,Canada
Homeday,"Berlin, Non-U.S.",40.0,9/12/2023,0.2,Real Estate,Unknown,71,Germany
At-Bay,SF Bay Area,27.0,9/12/2023,0.09,Security,Unknown,296,United States
Eurora,"Tallinn, Non-U.S.",111.0,9/11/2023,,Other,Series A,42,Estonia
Chargebee,SF Bay Area,100.0,9/11/2023,0.1,Finance,Series H,468,United States
Divvy Homes,SF Bay Area,94.0,9/11/2023,,Real Estate,Series B,180,United States
Grabango,SF Bay Area,34.0,9/11/2023,0.4,Food,Unknown,94,United States
Bonterra ,Austin,,9/11/2023,,Other,Unknown,,United States
Mollie,"Amsterdam, Non-U.S.",,9/11/2023,,Finance,Series C,928,Netherlands
Oyster,Charlotte,,9/11/2023,,HR,Series C,224,United States
ChargePoint,SF Bay Area,,9/8/2023,0.1,Manufacturing,Unknown,1400,United States
Sensor Tower,SF Bay Area,,9/8/2023,,Marketing,Private Equity,46,United States
Drift,Boston,100.0,9/7/2023,0.25,Marketing,Acquired,107,United States
Hijra,"Jakarta, Non-U.S.",,9/7/2023,,Finance,Unknown,67,Indonesia
Roku,SF Bay Area,360.0,9/6/2023,0.1,Media,Post-IPO,208,United States
ForeScout,"Tel Aviv, Non-U.S.",40.0,9/6/2023,,Security,Acquired,125,Israel
Better.com,New York City,,9/6/2023,,Real Estate,Unknown,905,United States
Blue Origin,Seattle,,9/6/2023,,Aerospace,Unknown,167,United States
iSpecimen,Boston,,9/6/2023,0.2,Healthcare,Post-IPO,31,United States
MaxMilhas,"Belo Horizonte, Non-U.S.",82.0,9/5/2023,0.18,Travel,Unknown,,Brazil
Absci,Portland,30.0,9/5/2023,0.15,Healthcare,Post-IPO,238,United States
Hodinkee,New York City,24.0,9/5/2023,0.2,Retail,Seed,40,United States
Talent.com,"Montreal, Non-U.S.",,9/5/2023,,Recruiting,Series B,150,Canada
mPharma,"Accra, Non-U.S.",150.0,9/4/2023,,Healthcare,Series D,90,Ghana
Xolo,"Tallinn, Non-U.S.",24.0,9/4/2023,,Finance,Series A,11,Estonia
Nexar,New York City,17.0,9/4/2023,0.14,Transportation,Series D,149,United States
Khatabook,"Bengaluru, Non-U.S.",42.0,9/1/2023,,Finance,Series C,187,India
Clearcover,Chicago,,9/1/2023,0.28,Finance,Series D,304,United States
Gated,SF Bay Area,,9/1/2023,1.0,Other,Seed,3,United States
Lunchtime,"Brno, Non-U.S.",,9/1/2023,1.0,Food,Acquired,,Czech Republic
Pegasystems,Boston,240.0,8/31/2023,0.04,HR,Post-IPO,,United States
Biofourmis,Boston,120.0,8/31/2023,,Healthcare,Series D,464,United States
Malwarebytes,SF Bay Area,100.0,8/31/2023,,Security,Series B,80,United States
Expedia,Seattle,,8/31/2023,,Travel,Post-IPO,3300,United States
Productboard,SF Bay Area,,8/31/2023,0.1,Product,Series D,,United States
SkyKick,Seattle,140.0,8/30/2023,,Other,Unknown,198,United States
Omuni,"Bengaluru, Non-U.S.",60.0,8/30/2023,0.35,Retail,Acquired,10,India
Kenko Health,"Mumbai, Non-U.S.",50.0,8/30/2023,0.2,Healthcare,Series A,14,India
Huma,"London, Non-U.S.",45.0,8/30/2023,0.1,Healthcare,Unknown,217,United Kingdom
Zeplin,SF Bay Area,37.0,8/30/2023,0.35,Product,Seed,1,United States
Kenko Health,"Mumbai, Non-U.S.",50.0,8/29/2023,0.2,Healthcare,Unknown,14,India
123Milhas,"Belo Horizonte, Non-U.S.",,8/29/2023,,Travel,Unknown,,Brazil
Zebra Technologies,Chicago,700.0,8/28/2023,0.07,Manufacturing,Post-IPO,2000,United States
CoinSwitch,"Bengaluru, Non-U.S.",44.0,8/28/2023,,Crypto,Series C,301,India
Clockwork,Dallas,,8/28/2023,1.0,Crypto,Seed,4,United States
SenseTime,"Hong Kong, Non-U.S.",,8/28/2023,,AI,Post-IPO,2600,Hong Kong
HackerRank,SF Bay Area,53.0,8/27/2023,,Recruiting,Series D,103,United States
Cuemath,"Bengaluru, Non-U.S.",100.0,8/26/2023,,Education,Unknown,121,India
Fortinet,SF Bay Area,,8/25/2023,,Security,Post-IPO,89,United States
Captiv8,SF Bay Area,8.0,8/24/2023,0.03,Marketing,Unknown,4,United States
Chingari,"Bengaluru, Non-U.S.",,8/24/2023,0.5,Media,Unknown,88,India
Atlas,Chicago,150.0,8/23/2023,0.3,HR,Series B,220,United States
Veriff,"Tallinn, Non-U.S.",101.0,8/23/2023,0.21,Security,Series C,192,Estonia
BlackLine,Los Angeles,95.0,8/23/2023,0.05,Finance,Post-IPO,220,United States
Rivos,SF Bay Area,24.0,8/23/2023,0.06,Hardware,Unknown,,United States
Cellulant,"Nairobi, Non-U.S.",,8/23/2023,0.2,Finance,Series C,54,Kenya
JOIN,"Berlin, Non-U.S.",,8/23/2023,,Recruiting,Unknown,,Germany
Getir,"London, Non-U.S.",2500.0,8/22/2023,0.11,Food,Series E,1800,United Kingdom
CoinDCX,"Mumbai, Non-U.S.",,8/22/2023,0.12,Crypto,Series D,247,India
Datagen,"Tel Aviv, Non-U.S.",,8/22/2023,,AI,Series B,72,Israel
Hypefast,"Jakarta, Non-U.S.",,8/22/2023,0.3,Retail,Series A,33,Indonesia
Tempo Automation,SF Bay Area,,8/22/2023,,Other,Post-IPO,154,United States
Recur,Miami,,8/21/2023,,Crypto,Series A,55,United States
Unite Us,New York City,,8/21/2023,,Healthcare,Series C,196,United States
Twiga,"Nairobi, Non-U.S.",283.0,8/20/2023,0.33,Food,Series C,157,Kenya
Spartan Poker,"Kolkata, Non-U.S.",125.0,8/19/2023,0.4,Consumer,Unknown,,India
Times Internet ,"Gurugram, Non-U.S.",100.0,8/18/2023,0.05,Media,Subsidiary,,India
Detectify,"Stockholm, Non-U.S.",30.0,8/18/2023,,Security,Unknown,42,Sweden
Embrace,SF Bay Area,,8/18/2023,,Product,Unknown,77,United States
Zylo,Indianapolis,,8/18/2023,0.1,Other,Series C,72,United States
Illumina,San Diego,151.0,8/17/2023,,Healthcare,Post-IPO,28,United States
AppFolio,Santa Barbara,149.0,8/17/2023,0.09,Real Estate,Post-IPO,30,United States
Intel,SF Bay Area,140.0,8/17/2023,,Hardware,Post-IPO,12,United States
StreamElements,"Tel Aviv, Non-U.S.",60.0,8/17/2023,0.35,Media,Series B,111,Israel
CircleCI,SF Bay Area,,8/17/2023,,Product,Series F,315,United States
FlexCar,Boston,20.0,8/16/2023,,Transportation,Unknown,297,United States
Xendit,"Jakarta, Non-U.S.",,8/16/2023,,Finance,Series D,534,Indonesia
Noice,"Helsinki, Non-U.S.",,8/15/2023,,Consumer,Seed,5,Finland
SecureWorks,Atlanta,300.0,8/14/2023,0.15,Security,Post-IPO,83,United States
Easee,"Sandnes, Non-U.S.",200.0,8/14/2023,0.57,Energy,Unknown,,Norway
CoinDesk,New York City,,8/14/2023,,Crypto,Acquired,,United States
iQiyi Smart,"Beijing, Non-U.S.",,8/14/2023,,Other,Series C,,China
LingoAce,"Singapore, Non-U.S.",,8/11/2023,,Education,Series C,180,Singapore
Shutterfly,Minneapolis,246.0,8/10/2023,,Manufacturing,Post-IPO,50,United States
SHINE Technologies,Milwaukee,59.0,8/10/2023,,Other,Series C,672,United States
Hike,"New Delhi, Non-U.S.",55.0,8/10/2023,,Consumer,Unknown,261,India
NCC Group,"Manchester, Non-U.S.",,8/10/2023,,Security,Post-IPO,,United Kingdom
Blend,SF Bay Area,150.0,8/9/2023,0.19,Finance,Post-IPO,665,United States
Niantic,Los Angeles,100.0,8/9/2023,,Other,Series D,770,United States
Babylon Health,"London, Non-U.S.",94.0,8/9/2023,,Healthcare,Post-IPO,1200,United Kingdom
Dealtale,"Tel Aviv, Non-U.S.",70.0,8/9/2023,1.0,Sales,Acquired,2,Israel
Bukalapak,"Jakarta, Non-U.S.",,8/9/2023,,Retail,Post-IPO,925,Indonesia
Podium,Lehi,,8/9/2023,,Support,Series D,419,United States
Quizy,"Gurugram, Non-U.S.",,8/9/2023,1.0,Consumer,Seed,,India
StyleSeat,SF Bay Area,,8/9/2023,0.17,Consumer,Series C,40,United States
Thoughtworks,Chicago,579.0,8/8/2023,0.05,Other,Post-IPO,748,United States
Rapid7,Boston,470.0,8/8/2023,0.18,Security,Post-IPO,89,United States
MPL,"Bengaluru, Non-U.S.",350.0,8/8/2023,,Consumer,Unknown,375,India
Doximity,SF Bay Area,100.0,8/8/2023,0.1,Healthcare,Post-IPO,82,United States
23andMe,SF Bay Area,71.0,8/8/2023,0.11,Healthcare,Post-IPO,1100,United States
Caliva,SF Bay Area,54.0,8/8/2023,,Retail,Series B,75,United States
Sendy,"Nairobi, Non-U.S.",,8/8/2023,1.0,Logistics,Series B,26,Kenya
Dell,Austin,,8/7/2023,,Hardware,Post-IPO,,United States
Verse,"Barcelona, Non-U.S.",,8/7/2023,1.0,Finance,Acquired,38,Spain
Qomplx,Washington D.C.,60.0,8/4/2023,,AI,Series A,107,United States
CodeClan,"Edinburgh, Non-U.S.",57.0,8/4/2023,1.0,Education,Seed,,United Kingdom
Top Hat,"Toronto, Non-U.S.",42.0,8/4/2023,0.07,Education,Series E,234,Canada
Astra,SF Bay Area,,8/4/2023,0.25,Aerospace,Post-IPO,300,United States
Big Cabal Media,"Lagos, Non-U.S.",,8/4/2023,0.19,Media,Seed,3,Nigeria
Discord,SF Bay Area,37.0,8/3/2023,0.04,Consumer,Series H,995,United States
Bardee,"Melbourne, Non-U.S.",30.0,8/3/2023,,Food,Seed,5,Australia
Aware,Columbus,,8/3/2023,,Security,Series C,88,United States
Ayoconnect,"Jakarta, Non-U.S.",,8/3/2023,0.1,Finance,Series B,43,Indonesia
Finastra,"Tel Aviv, Non-U.S.",,8/3/2023,,Finance,Unknown,,Israel
Spinny,"Gurugram, Non-U.S.",300.0,8/2/2023,0.05,Transportation,Series E,513,India
Tekion,"Bengaluru, Non-U.S.",300.0,8/2/2023,0.1,Other,Series D,435,India
BetterUp,SF Bay Area,100.0,8/2/2023,0.16,HR,Series E,567,United States
Augury,New York City,70.0,8/2/2023,0.18,Manufacturing,Series E,274,United States
Gem,SF Bay Area,70.0,8/2/2023,,Recruiting,Series C,148,United States
Gupy,"Sao Paulo, Non-U.S.",58.0,8/2/2023,0.08,HR,Series B,105,Brazil
Salesforce,"Dublin, Non-U.S.",50.0,8/2/2023,,Sales,Post-IPO,65,Ireland
FamPay,"Bengaluru, Non-U.S.",18.0,8/2/2023,,Finance,Series A,42,India
Actyv.ai,"Bengaluru, Non-U.S.",,8/2/2023,0.6,Finance,Seed,12,India
ConnectedH,"Gurugram, Non-U.S.",,8/2/2023,1.0,Healthcare,Seed,2,India
DICE,"London, Non-U.S.",,8/2/2023,,Consumer,Series C,135,United Kingdom
HackerOne,SF Bay Area,,8/2/2023,0.12,Security,Series E,159,United States
Silofit,"Montreal, Non-U.S.",,8/2/2023,1.0,Fitness,Series A,19,Canada
TripAdvisor,Boston,,8/2/2023,,Travel,Post-IPO,3,United States
Vesttoo,"Tel Aviv, Non-U.S.",150.0,8/1/2023,0.75,Finance,Series C,110,Israel
Planet,SF Bay Area,117.0,8/1/2023,0.1,Aerospace,Post-IPO,574,United States
Paper,"Montreal, Non-U.S.",106.0,8/1/2023,0.04,Education,Series D,389,Canada
Archipelago,SF Bay Area,40.0,8/1/2023,0.3,Real Estate,Series B,57,United States
Increff,"Bengaluru, Non-U.S.",,8/1/2023,0.2,Retail,Series B,17,India
Indigo,Boston,,8/1/2023,,Other,Series F,1200,United States
inDrive,SF Bay Area,,8/1/2023,0.1,Transportation,Unknown,387,United States
Outreach ,Seattle,,8/1/2023,0.05,Sales,Series G,489,United States
Qoala,"Jakarta, Non-U.S.",80.0,7/31/2023,,Finance,Series B,89,Indonesia
Fable,"Toronto, Non-U.S.",13.0,7/31/2023,0.09,Other,Series A,12,Canada
Nexar,New York City,12.0,7/31/2023,,Transportation,Series D,149,United States
Cambricon,"Beijing, Non-U.S.",,7/31/2023,,Hardware,Series B,200,China
Kape Technologies,"London, Non-U.S.",200.0,7/30/2023,0.3,Security,Post-IPO,188,United Kingdom
Eroad,"Auckland, Non-U.S.",200.0,7/28/2023,0.31,Transportation,Unknown,46,New Zealand
Kape,"London, Non-U.S.",180.0,7/28/2023,,Security,Post-IPO,188,United Kingdom
Homology,Boston,,7/28/2023,,Healthcare,Post-IPO,187,United States
Milkbasket,"Gurugram, Non-U.S.",400.0,7/27/2023,0.67,Food,Acquired,39,India
Wish,SF Bay Area,255.0,7/27/2023,0.34,Retail,Post-IPO,1600,United States
Point,SF Bay Area,61.0,7/27/2023,0.28,Real Estate,Series C,149,United States
Akseleran,"Jakarta, Non-U.S.",60.0,7/27/2023,,Finance,Series A,9,Indonesia
Verbit,New York City,60.0,7/27/2023,0.06,Data,Series E,569,United States
Datree,SF Bay Area,,7/27/2023,1.0,Other,Seed,11,United States
Degreed,SF Bay Area,,7/27/2023,,Education,Unknown,463,United States
Copia,"Nairobi, Non-U.S.",350.0,7/26/2023,0.25,Retail,Series C,103,Kenya
Figure,SF Bay Area,90.0,7/26/2023,0.2,Crypto,Unknown,1500,United States
Calendly,Atlanta,60.0,7/26/2023,0.1,Other,Series B,351,United States
Myntra,"Bengaluru, Non-U.S.",50.0,7/26/2023,,Retail,Acquired,516,India
Kleos Space,"Luxembourg, Raleigh",,7/26/2023,1.0,Aerospace,Post-IPO,17,Luxembourg
Ripl,Seattle,,7/26/2023,,Marketing,Unknown,9,United States
Deep Instict,New York City,46.0,7/25/2023,0.15,Security,Unknown,322,United States
Pluralsight,Salt Lake City,,7/25/2023,,Education,Acquired,192,United States
AppHarvest,Lexington,,7/24/2023,1.0,Food,Post-IPO,692,United States
Arive,"Munich, Non-U.S.",,7/24/2023,,Retail,Unknown,37,Germany
Onfido,"London, Non-U.S.",,7/24/2023,,Finance,Series D,182,United Kingdom
PathAI,Boston,87.0,7/21/2023,,Healthcare,Series C,255,United States
Bundle Africa,"Lagos, Non-U.S.",,7/21/2023,1.0,Crypto,Seed,1,Nigeria
Viaplay,"Stockholm, Non-U.S.",450.0,7/20/2023,0.25,Media,Unknown,,Sweden
Stoa,Phoenix,80.0,7/20/2023,0.8,Real Estate,Unknown,,United States
Dunzo,"Bengaluru, Non-U.S.",,7/20/2023,,Food,Unknown,382,India
MiQ,"London, Non-U.S.",,7/20/2023,,Marketing,Private Equity,,United Kingdom
Phunware,Austin,,7/20/2023,,Other,Post-IPO,87,United States
Saarthi.ai,"Bengaluru, Non-U.S.",,7/20/2023,,Support,Unknown,,India
AgentSync,Denver,67.0,7/19/2023,0.24,Finance,Series B,111,United States
Inspirato,Denver,50.0,7/19/2023,0.06,Travel,Post-IPO,179,United States
Tilia,SF Bay Area,28.0,7/19/2023,0.32,Finance,Unknown,32,United States
Blue Apron,New York City,,7/19/2023,0.2,Food,Post-IPO,422,United States
Microsoft,Seattle,1000.0,7/18/2023,,Other,Post-IPO,1,United States
Cameo,Chicago,80.0,7/18/2023,,Consumer,Unknown,165,United States
Square Roots,New York City,,7/18/2023,,Food,Unknown,91,United States
Sarcos,Salt Lake City,75.0,7/17/2023,0.25,Aerospace,Post-IPO,316,United States
Code42,Minneapolis,,7/17/2023,,Security,Unknown,137,United States
Ezoic,San Diego,,7/17/2023,0.28,Infrastructure,Series A,39,United States
IBM,"Tel Aviv, Non-U.S.",,7/17/2023,,Hardware,Post-IPO,,Israel
Lamudi Indonesia,"Jakarta, Non-U.S.",,7/17/2023,,Real Estate,Acquired,56,Indonesia
Binance,Cayman Islands,1000.0,7/14/2023,,Crypto,Unknown,,Cayman Islands
PayScale,Seattle,14.0,7/14/2023,0.02,HR,Acquired,33,United States
Navi Technologies,"Bengaluru, Non-U.S.",200.0,7/13/2023,,Finance,Unknown,659,India
Skill Lync,"Chennai, Non-U.S.",200.0,7/13/2023,,Education,Series A,17,India
Amazon,Seattle,80.0,7/13/2023,,Retail,Post-IPO,108,United States
AudioCodes,"Tel Aviv, Non-U.S.",80.0,7/13/2023,0.06,Other,Post-IPO,91,Israel
Tempo Automation,SF Bay Area,62.0,7/13/2023,,Other,Post-IPO,154,United States
Uber Freight,SF Bay Area,40.0,7/13/2023,,Logistics,Subsidiary,2700,United States
Deepwatch,Tampa Bay,30.0,7/13/2023,0.07,Security,Series C,256,United States
Centr,"Sydney, Non-U.S.",22.0,7/13/2023,,Fitness,Unknown,,Australia
Factorial,"Barcelona, Non-U.S.",20.0,7/13/2023,,HR,Series C,220,Spain
Peloton,New York City,11.0,7/13/2023,,Fitness,Post-IPO,1900,United States
Bark,New York City,,7/13/2023,0.08,Retail,Post-IPO,282,United States
Khoros,Austin,,7/13/2023,0.05,Sales,Private Equity,138,United States
Netlify,SF Bay Area,,7/13/2023,,Other,Series D,212,United States
SAS,Raleigh,,7/13/2023,,Data,Unknown,,United States
Stitch Fix,Philadelphia,400.0,7/12/2023,,Retail,Post-IPO,79,United States
Dapper Labs,Vancouver,51.0,7/12/2023,,Crypto,Unknown,,Canada
DeepVerge,"Dublin, Non-U.S.",50.0,7/12/2023,1.0,Healthcare,Post-IPO,20,Ireland
Freightos,Miami,50.0,7/12/2023,0.13,Logistics,Post-IPO,118,United States
Circle,Boston,,7/12/2023,,Crypto,Private Equity,1100,United States
CyberGRX,Denver,,7/12/2023,,Security,Acquired,99,United States
Duck Creek Technologies,Boston,,7/12/2023,0.09,Finance,Acquired,357,United States
Expedia,Seattle,,7/12/2023,,Travel,Post-IPO,3300,United States
WayCool,"Chennai, Non-U.S.",300.0,7/11/2023,0.12,Food,Unknown,363,India
Matterport,SF Bay Area,170.0,7/11/2023,0.3,Data,Post-IPO,409,United States
Everquote,Evansville,100.0,7/11/2023,,Finance,Post-IPO,53,United States
Sisense,New York City,100.0,7/11/2023,0.15,Data,Series F,274,United States
Built Technologies,Nashville,,7/11/2023,,Construction,Unknown,313,United States
Butterfly Network copy,Boston,,7/11/2023,0.25,Healthcare,Post-IPO,530,United States
Dukaan,"Bengaluru, Non-U.S.",,7/11/2023,,Retail,Series A,17,India
Jasper,"Montreal, Non-U.S.",,7/11/2023,,AI,Series A,131,Canada
Shift,SF Bay Area,,7/11/2023,0.34,Transportation,Post-IPO,504,United States
Rad Power Bikes,Seattle,40.0,7/10/2023,,Transportation,Series D,329,United States
FrontRow,"Bengaluru, Non-U.S.",,7/10/2023,1.0,Education,Series A,17,India
IntelyCare,Boston,,7/10/2023,,Healthcare,Series C,171,United States
Latch,New York City,,7/10/2023,0.59,Security,Post-IPO,342,United States
Motive,SF Bay Area,,7/10/2023,0.05,Transportation,Series F,567,United States
Medsaf,"Lagos, Non-U.S.",30.0,7/7/2023,1.0,Healthcare,Unknown,,Nigeria
Evernote,SF Bay Area,,7/7/2023,,Consumer,Acquired,290,United States
PaulCamper,"Berlin, Non-U.S.",,7/7/2023,,Travel,Acquired,12,Germany
Trellix,SF Bay Area,,7/7/2023,,Security,Unknown,35,United States
Amdocs,St. Louis,2000.0,7/6/2023,0.06,Support,Post-IPO,,United States
FNZ,"London, Non-U.S.",1000.0,7/6/2023,0.15,Finance,Private Equity,1400,United Kingdom
FNZ,"London, Non-U.S.",1000.0,7/6/2023,0.15,Finance,Private Equity,3500,United Kingdom
Perfect Day,SF Bay Area,134.0,7/6/2023,0.15,Food,Series D,711,United States
Solidigm,Sacramento,98.0,7/6/2023,,Hardware,Unknown,,United States
TytoCare,New York City,20.0,7/6/2023,0.1,Healthcare,Series D,156,United States
Circles.Life,"Singapore, Non-U.S.",,7/6/2023,,Marketing,Unknown,50,Singapore
ConnectRN,Boston,,7/6/2023,,Healthcare,Unknown,160,United States
Crunchbase,SF Bay Area,,7/6/2023,,Sales,Series D,106,United States
DayTwo,SF Bay Area,,7/6/2023,,Healthcare,Series B,90,United States
Athennian,"Calgary, Non-U.S.",30.0,7/5/2023,,Legal,Series B,47,Canada
Vista Group,"Auckland, Non-U.S.",,7/5/2023,0.06,Data,Post-IPO,,New Zealand
Highsnobiety,"Berlin, Non-U.S.",24.0,7/3/2023,0.1,Media,Acquired,8,Germany
Zip,"Sydney, Non-U.S.",300.0,7/2/2023,0.2,Finance,Post-IPO,896,Australia
Buzzer,New York City,,6/30/2023,1.0,Consumer,Series A,24,United States
Lunya,Los Angeles,,6/30/2023,1.0,Retail,Unknown,,United States
MediaMath,New York City,,6/30/2023,1.0,Marketing,Private Equity,607,United States
Petal,New York City,,6/30/2023,0.2,Finance,Series D,704,United States
Niantic,SF Bay Area,230.0,6/29/2023,,Other,Series D,770,United States
Headspace,Los Angeles,181.0,6/29/2023,0.15,Healthcare,Unknown,216,United States
Artsy,New York City,35.0,6/29/2023,0.15,Retail,Series D,100,United States
Candy Digital,New York City,30.0,6/29/2023,,Crypto,Series A,138,United States
Xiaomi India,"Bengaluru, Non-U.S.",30.0,6/29/2023,,Other,Subsidiary,,India
Torii,"Ra'anana, Non-U.S.",28.0,6/29/2023,0.3,Other,Series B,65,Israel
Insider Intelligence,New York City,20.0,6/29/2023,,Media,Subsidiary,,United States
Merama,"Mexico City, Non-U.S.",,6/29/2023,0.1,Retail,Series B,445,Mexico
Qyuki,"Bengaluru, Non-U.S.",,6/29/2023,0.3,Other,Seed,19,India
Stripe,SF Bay Area,,6/29/2023,,Finance,Series I,8700,United States
Vowel,New York City,,6/29/2023,1.0,Other,Series A,18,United States
ClickUp,San Diego,90.0,6/28/2023,0.1,Other,Series C,537,United States
Ludia,"Montreal, Non-U.S.",55.0,6/28/2023,,Consumer,Acquired,1,
Karat,Seattle,47.0,6/28/2023,,HR,Unknown,169,United States
Plex,SF Bay Area,37.0,6/28/2023,0.2,Media,Unknown,81,United States
Starburst,Boston,,6/28/2023,0.15,Data,Series D,414,United States
Zapier,SF Bay Area,,6/28/2023,0.1,Other,Seed,1,United States
Selina,"London, Non-U.S.",350.0,6/27/2023,,Travel,Post-IPO,612,United Kingdom
New Relic,SF Bay Area,255.0,6/27/2023,0.1,Infrastructure,Post-IPO,214,United States
Tibber,"Førde, Non-U.S.",50.0,6/27/2023,,Energy,Series C,181,Norway
ClearPay,"Manchester, Non-U.S.",,6/27/2023,,Finance,Acquired,85,United Kingdom
Eyowo,"Lagos, Non-U.S.",,6/27/2023,1.0,Finance,Unknown,,Nigeria
Honor,SF Bay Area,,6/27/2023,0.15,Healthcare,Unknown,625,United States
Loopio,"Toronto, Non-U.S.",,6/27/2023,0.09,Sales,Private Equity,263,Canada
Lordstown Motors,Detroit,,6/27/2023,1.0,Transportation,Post-IPO,1100,United States
Waze,SF Bay Area,,6/27/2023,,Transportation,Acquired,67,United States
Payoneer,New York City,200.0,6/26/2023,0.1,Finance,Post-IPO,,United States
Robinhood,SF Bay Area,150.0,6/26/2023,0.07,Finance,Post-IPO,5600,United States
Convoy,Seattle,30.0,6/26/2023,0.05,Logistics,Series E,1100,United States
Joonko,New York City,,6/25/2023,1.0,Recruiting,Series B,38,United States
IRL,SF Bay Area,,6/23/2023,1.0,Consumer,Series C,197,United States
Retool,SF Bay Area,,6/22/2023,0.09,Other,Series C,141,United States
Anaplan,SF Bay Area,300.0,6/21/2023,,Other,Acquired,300,United States
Uber,SF Bay Area,200.0,6/21/2023,,Transportation,Post-IPO,25200,United States
Tackle.io,Boise,75.0,6/21/2023,,Infrastructure,Series C,148,United States
Ritual,"Toronto, Non-U.S.",38.0,6/21/2023,0.4,Food,Series C,134,Canada
Friday Health Plans,Alamosa,,6/21/2023,,Healthcare,Private Equity,306,United States
Illumina,San Diego,,6/21/2023,,Healthcare,Post-IPO,28,United States
Mutiny,SF Bay Area,,6/21/2023,0.3,Marketing,Series B,69,United States
Grab,"Singapore, Non-U.S.",1000.0,6/20/2023,0.11,Transportation,Post-IPO,16500,Singapore
OLX Group,"Amsterdam, Non-U.S.",800.0,6/20/2023,,Marketing,Acquired,,Netherlands
AvantStay,Los Angeles,37.0,6/20/2023,,Travel,Private Equity,686,United States
Karakuki,"London, Non-U.S.",,6/20/2023,1.0,Food,Unknown,13,United Kingdom
Chingari,"Bengaluru, Non-U.S.",48.0,6/19/2023,0.2,Media,Unknown,88,India
Panther,Tampa Bay,,6/19/2023,1.0,HR,Seed,2,United States
Fuzzy,SF Bay Area,,6/18/2023,1.0,Healthcare,Series C,80,United States
Mojocare,"Bengaluru, Non-U.S.",170.0,6/17/2023,0.8,Healthcare,Series A,24,India
Nikola,Phoenix,270.0,6/16/2023,,Transportation,Post-IPO,3300,United States
Qualcomm,SF Bay Area,84.0,6/16/2023,,Hardware,Post-IPO,,United States
Pilot,SF Bay Area,45.0,6/16/2023,0.13,Finance,Unknown,116,United States
Karshare,"London, Non-U.S.",,6/16/2023,1.0,Transportation,Seed,4,United Kingdom
Zulily,Seattle,,6/16/2023,,Retail,Acquired,194,United States
CareRev,Los Angeles,100.0,6/15/2023,0.33,Healthcare,Series A,51,United States
TADA,"Seoul, Non-U.S.",45.0,6/15/2023,0.6,Transportation,Subsidiary,,South Korea
Binance.US,SF Bay Area,,6/15/2023,,Crypto,Subsidiary,,United States
Cerner,Kansas City,,6/15/2023,,Healthcare,Acquired,,United States
FrontRow,"Bengaluru, Non-U.S.",,6/15/2023,0.9,Education,Series A,17,India
Bitwise Industries,SF Bay Area,900.0,6/14/2023,1.0,Education,Series C,158,United States
Sonos,New York City,130.0,6/14/2023,0.07,Consumer,Post-IPO,455.2,United States
TrueCar,Los Angeles,102.0,6/14/2023,0.24,Transportation,Post-IPO,340,United States
Olo,New York City,81.0,6/14/2023,0.11,Food,Post-IPO,184,United States
Mamaearth,"Gurugram, Non-U.S.",80.0,6/14/2023,,Retail,Unknown,111,India
Synapse,SF Bay Area,,6/14/2023,0.18,Finance,Series B,50,United States
Western Digital,SF Bay Area,211.0,6/13/2023,,Hardware,Post-IPO,900,United States
JupiterOne,Raleigh,8.0,6/13/2023,,Security,Series C,119,United States
Zalando,"Berlin, Non-U.S.",,6/13/2023,,Retail,Post-IPO,468,Germany
Grubhub,SF Bay Area,400.0,6/12/2023,0.15,Food,Acquired,284,United States
GoCardless,"London, Non-U.S.",150.0,6/12/2023,0.17,Finance,Series G,529,United Kingdom
Pendo,Raleigh,100.0,6/12/2023,0.12,Product,Series F,469,United States
Chegg,SF Bay Area,80.0,6/12/2023,0.04,Education,Post-IPO,227,United States
dot.LA,Los Angeles,,6/12/2023,1.0,Media,Seed,4,United States
TaxBit,SF Bay Area,80.0,6/11/2023,0.4,Crypto,Unknown,253,United States
Tiki,"Singapore, Non-U.S.",,6/11/2023,1.0,Consumer,Unknown,,Singapore
Trybe,"Sao Paulo, Non-U.S.",128.0,6/9/2023,0.35,Education,Series B,40,Brazil
23andMe,SF Bay Area,75.0,6/9/2023,0.09,Healthcare,Post-IPO,1100,United States
Expel,Washington D.C.,60.0,6/9/2023,0.1,Security,Series E,288,United States
Branch,Columbus,186.0,6/8/2023,,Finance,Series C,229,United States
Cityblock Health,New York City,155.0,6/8/2023,0.12,Healthcare,Series D,891,United States
Highspot,Seattle,140.0,6/8/2023,0.15,Sales,Series F,644,United States
Cohesity,SF Bay Area,,6/8/2023,,Data,Series E,805,United States
Freshworks,SF Bay Area,,6/8/2023,,Support,Post-IPO,484,United States
Opora,SF Bay Area,,6/8/2023,1.0,Security,Seed,7,United States
Byju's,"Bengaluru, Non-U.S.",1000.0,6/7/2023,,Education,Private Equity,5500,India
Nubank,"Sao Paulo, Non-U.S.",296.0,6/7/2023,,Finance,Post-IPO,4100,Brazil
Sumo Logic,SF Bay Area,79.0,6/7/2023,,Data,Acquired,340,United States
Flatiron Health,New York City,39.0,6/7/2023,,Healthcare,Acquired,324,United States
Better.com,New York City,,6/7/2023,,Real Estate,Unknown,905,United States
HashiCorp,SF Bay Area,,6/7/2023,0.08,Infrastructure,Post-IPO,349,United States
Ursa Major,Denver,,6/7/2023,,Aerospace,Series D,233,United States
Coherent,SF Bay Area,196.0,6/6/2023,,Manufacturing,Post-IPO,,United States
Edgio,Phoenix,134.0,6/6/2023,0.12,Infrastructure,Post-IPO,462,United States
Reddit,SF Bay Area,90.0,6/6/2023,0.05,Consumer,Series F,1300,United States
Linktree,"Melbourne, Non-U.S.",60.0,6/6/2023,0.27,Consumer,Unknown,165,Australia
Dragos,Baltimore,50.0,6/6/2023,0.09,Security,Series D,364,United States
Unity,SF Bay Area,50.0,6/6/2023,,Other,Post-IPO,1300,United States
Mara,"Nairobi, Non-U.S.",6.0,6/6/2023,,Crypto,Seed,23,Kenya
Bunnii,New York City,,6/6/2023,1.0,Healthcare,Unknown,,United States
Spotify,"Stockholm, Non-U.S.",200.0,6/5/2023,0.02,Media,Post-IPO,2100,Sweden
Azibo,Reno,,6/5/2023,,Finance,Series A,19,United States
Flyhomes,Seattle,,6/5/2023,,Real Estate,Series C,310,United States
Meati Foods,Denver,,6/3/2023,0.05,Food,Series C,274,United States
ZoomInfo,"Vancouver, Non-U.S.",120.0,6/2/2023,0.03,Sales,Post-IPO,7,Canada
Staffbase,"Chemnitz, Non-U.S.",90.0,6/2/2023,,Other,Series E,307,Germany
Zume,SF Bay Area,,6/2/2023,1.0,Food,Unknown,423,United States
Haven Technologies,New York City,280.0,6/1/2023,0.7,Finance,Subsidiary,,United States
Mural,SF Bay Area,170.0,6/1/2023,,Product,Series C,192,United States
Glamyo Health,"New Delhi, Non-U.S.",160.0,6/1/2023,,Healthcare,Series B,9,India
Outbrain,New York City,90.0,6/1/2023,0.1,Marketing,Post-IPO,394,United States
CloudTrucks,SF Bay Area,,6/1/2023,,Logistics,Series B,141,United States
CoachHub,"Berlin, Non-U.S.",,6/1/2023,0.1,HR,Series C,332,Germany
Fractal Software,New York City,,6/1/2023,,Other,Unknown,,United States
SentinelOne,SF Bay Area,,6/1/2023,0.05,Security,Post-IPO,696,United States
SmartAsset,New York City,,6/1/2023,0.19,Finance,Series D,161,United States
Zendesk,SF Bay Area,320.0,5/31/2023,0.08,Support,Acquired,85,United States
ZipRecruiter,Los Angeles,270.0,5/31/2023,0.2,Recruiting,Post-IPO,769,United States
Vendr,Boston,100.0,5/31/2023,0.25,Other,Series B,216,United States
McMakler,"Berlin, Non-U.S.",60.0,5/31/2023,,Real Estate,Unknown,214,Germany
Mux,SF Bay Area,40.0,5/31/2023,0.3,Infrastructure,Series D,173,United States
Away,New York City,22.0,5/31/2023,0.08,Retail,Series D,181,United States
Taxfix,"Berlin, Non-U.S.",120.0,5/30/2023,0.2,Finance,Series D,330,Germany
Mensa Brands,"Bengaluru, Non-U.S.",30.0,5/30/2023,,Retail,Unknown,254,India
Coupa,SF Bay Area,,5/30/2023,,Finance,Acquired,219,United States
Nansen,"Singapore, Non-U.S.",,5/30/2023,,Crypto,Series B,88,Singapore
PacketFabric,Los Angeles,,5/30/2023,,Infrastructure,Unknown,109,United States
Evolve,Denver,164.0,5/29/2023,0.14,Travel,Series F,224,United States
Project44,Chicago,130.0,5/26/2023,0.1,Logistics,Unknown,817,United States
DHI Group,New York City,53.0,5/26/2023,0.1,Recruiting,Post-IPO,,United States
BenevolentAI,"London, Non-U.S.",180.0,5/25/2023,,Healthcare,Private Equity,292,United Kingdom
Airmeet,"Bengaluru, Non-U.S.",75.0,5/25/2023,0.3,Marketing,Series B,50,India
Circus Kitchens,"Hamburg, Non-U.S.",35.0,5/25/2023,,Food,Seed,12,Germany
Jellysmack,"Paris, Non-U.S.",13.0,5/25/2023,,Media,Series C,22,France
Kabam,SF Bay Area,,5/25/2023,0.12,Consumer,Acquired,244,United States
Guild,Denver,172.0,5/24/2023,0.12,Education,Series F,643,United States
WillowTree,Charlottesville,120.0,5/24/2023,0.11,Marketing,Acquired,,United States
Flink,"Berlin, Non-U.S.",100.0,5/24/2023,0.16,Food,Series B,1000,Germany
Western Digital,"Kfar Saba, Non-U.S.",60.0,5/24/2023,0.07,Hardware,Post-IPO,900,Israel
Alibaba Cloud,"Hangzhou, Non-U.S.",,5/24/2023,0.07,Data,Subsidiary,,China
Brainly,"Krakow, Non-U.S.",,5/24/2023,0.3,Education,Series D,148,Poland
Reliance JioMart,"Mumbai, Non-U.S.",1000.0,5/23/2023,,Food,Subsidiary,,India
Qualcomm,"Haifa, Non-U.S.",30.0,5/23/2023,,Hardware,Post-IPO,,Israel
SoundCloud,"Berlin, Non-U.S.",,5/23/2023,0.08,Consumer,Unknown,542,Germany
Tractable,"London, Non-U.S.",,5/23/2023,,Finance,Series D,119,United Kingdom
AppFolio,Santa Barbara,62.0,5/22/2023,,Real Estate,Post-IPO,30,United States
Daylight,Los Angeles,,5/22/2023,1.0,Finance,Series A,20,United States
FemTech Health,Houston,,5/22/2023,1.0,Healthcare,Unknown,,United States
Paperless Parts,Boston,,5/22/2023,,Manufacturing,Series B,30,United States
Nuance Communications,Boston,,5/20/2023,,Healthcare,Acquired,,United States
Moss,"Berlin, Non-U.S.",30.0,5/19/2023,,Finance,Series B,150,Germany
Pie Insurance,Washington D.C.,63.0,5/18/2023,0.14,Finance,Series D,621,United States
Clearbit,SF Bay Area,,5/18/2023,,Sales,Series A,17,United States
dbt Labs,Philadelphia,,5/18/2023,0.15,Data,Series D,414,United States
L1ght,"Tel Aviv, Non-U.S.",,5/18/2023,1.0,Other,Seed,15,Israel
Nextbite,Denver,,5/18/2023,,Food,Series C,150,United States
TuSimple,San Diego,,5/18/2023,0.3,Transportation,Post-IPO,648,United States
Stash,New York City,40.0,5/17/2023,0.1,Finance,Unknown,480,United States
Formstack,Indianapolis,,5/17/2023,0.4,Other,Private Equity,425,United States
Cerner,Kansas City,3000.0,5/16/2023,0.11,Healthcare,Acquired,,United States
Zepz,"London, Non-U.S.",420.0,5/16/2023,0.26,Finance,Series E,700,United Kingdom
Lemonade,New York City,45.0,5/16/2023,0.03,Finance,Post-IPO,481,United States
DroneUp,Norfolk,,5/16/2023,,Logistics,Unknown,7,United States
Quanto,"Sao Paulo, Non-U.S.",,5/16/2023,0.85,Finance,Series A,20,Brazil
Cana,SF Bay Area,,5/13/2023,1.0,Food,Unknown,30,United States
Nuro,SF Bay Area,340.0,5/12/2023,0.3,Transportation,Series D,2100,United States
Telenav,"Cluj-Napoca, Non-U.S.",172.0,5/12/2023,,Transportation,Post-IPO,30,Romania
Happay,"Bengaluru, Non-U.S.",160.0,5/12/2023,0.35,Finance,Acquired,21,India
Slickdeals,Las Vegas,79.0,5/12/2023,0.33,Retail,Unknown,,United States
Toothsi,"Mumbai, Non-U.S.",20.0,5/12/2023,,Healthcare,Series C,87,India
Everlaw,SF Bay Area,,5/12/2023,0.1,Legal,Series D,298,United States
Tessera,New York City,,5/12/2023,1.0,Crypto,Series A,43,United States
Cornershop,"Santiago, Non-U.S.",250.0,5/11/2023,0.11,Food,Acquired,31,Chile
Varo,SF Bay Area,97.0,5/11/2023,,Finance,Series E,992,United States
CS Disco,Austin,,5/11/2023,0.08,Legal,Post-IPO,233,United States
Microsoft,Seattle,158.0,5/10/2023,,Other,Post-IPO,1,United States
Redbubble,"Melbourne, Non-U.S.",70.0,5/10/2023,0.23,Retail,Post-IPO,55,Australia
Similarweb,New York City,60.0,5/10/2023,0.06,Other,Post-IPO,235,United States
Stack Overflow,New York City,58.0,5/10/2023,0.1,Recruiting,Acquired,153,United States
Akamai,Boston,290.0,5/9/2023,0.03,Security,Post-IPO,35,United States
Sonatype,Baltimore,100.0,5/9/2023,0.14,Security,Acquired,154,United States
AudioCodes,"Tel Aviv, Non-U.S.",80.0,5/9/2023,0.06,Other,Post-IPO,91,Israel
Buzzer,New York City,,5/9/2023,,Media,Unknown,32,United States
Marqeta,SF Bay Area,,5/9/2023,0.15,Finance,Post-IPO,530,United States
LinkedIn,SF Bay Area,716.0,5/8/2023,0.04,Recruiting,Acquired,154,United States
Cuemath,"Bengaluru, Non-U.S.",100.0,5/8/2023,,Education,Unknown,121,India
Momentis Surgical,"Tel Aviv, Non-U.S.",70.0,5/8/2023,0.6,Healthcare,Series D,,Israel
Glean AI,New York City,5.0,5/8/2023,,Finance,Seed,11,United States
Everledger,"Brisbane, Non-U.S.",,5/8/2023,1.0,Crypto,Unknown,27,Australia
Twist Bioscience,SF Bay Area,270.0,5/5/2023,0.25,Healthcare,Post-IPO,503,United States
Meesho,"Bengaluru, Non-U.S.",251.0,5/5/2023,0.15,Retail,Series F,1100,India
Teachmint,"Bengaluru, Non-U.S.",70.0,5/5/2023,,Education,Series B,118,India
Eventus,Austin,,5/5/2023,0.33,Finance,Series B,45,United States
Shopify,"Ottawa, Non-U.S.",2300.0,5/4/2023,0.2,Retail,Post-IPO,122,Canada
Sabre,Dallas,1100.0,5/4/2023,0.15,Travel,Post-IPO,1700,United States
Scribe Media,Austin,90.0,5/4/2023,1.0,Marketing,Unknown,,United States
Autograph,Los Angeles,30.0,5/4/2023,0.33,Crypto,Series B,205,United States
Earnix,"Tel Aviv, Non-U.S.",30.0,5/4/2023,0.1,Finance,Unknown,100,Israel
Karma,"Tel Aviv, Non-U.S.",20.0,5/4/2023,0.28,Retail,Series A,34,Israel
Glassbox,"London, Non-U.S.",,5/4/2023,0.14,Data,Series C,70,United Kingdom
Unity,SF Bay Area,600.0,5/3/2023,0.08,Other,Post-IPO,1300,United States
Upwork,SF Bay Area,137.0,5/3/2023,0.15,Other,Post-IPO,168,United States
Cars24,"Jakarta, Non-U.S.",100.0,5/3/2023,,Transportation,Series G,1300,Indonesia
Brightcove,Boston,70.0,5/3/2023,0.1,Marketing,Post-IPO,145,United States
Healthy.io,"Tel Aviv, Non-U.S.",70.0,5/3/2023,0.33,Healthcare,Series D,185,Israel
Zymergen,SF Bay Area,27.0,5/3/2023,,Other,Acquired,974,United States
TheSkimm,New York City,22.0,5/3/2023,0.13,Media,Series C,28,United States
Brightline,SF Bay Area,,5/3/2023,0.2,Healthcare,Series C,212,United States
Bishop Fox,Phoenix,50.0,5/2/2023,0.13,Security,Series B,146,United States
Zoomo,"Sydney, Non-U.S.",27.0,5/2/2023,0.08,Transportation,Series B,105,Australia
Vallai,"Paris, Non-U.S.",,5/2/2023,1.0,Data,Seed,,France
SAS,Raleigh,250.0,5/1/2023,,Data,Unknown,,United States
Lev,New York City,34.0,5/1/2023,,Real Estate,Series B,114,United States
PharmEasy,"Mumbai, Non-U.S.",,5/1/2023,,Healthcare,Unknown,1600,India
Vah Vah!,"Bengaluru, Non-U.S.",150.0,4/30/2023,,Education,Seed,2,India
Cogito,"New Delhi, Non-U.S.",177.0,4/29/2023,,Data,Unknown,,India
Cue Health,San Diego,326.0,4/28/2023,0.3,Healthcare,Post-IPO,899,United States
N26,"Berlin, Non-U.S.",71.0,4/28/2023,0.04,Finance,Series E,1700,Germany
Embark Vet,Boston,28.0,4/28/2023,,Healthcare,Series B,94,United States
Poparazzi,Los Angeles,,4/28/2023,1.0,Consumer,Series A,15,United States
Providoor,"Melbourne, Non-U.S.",,4/28/2023,1.0,Food,Unknown,,Australia
Dropbox,SF Bay Area,500.0,4/27/2023,0.16,Other,Post-IPO,1700,United States
Alteryx,Los Angeles,320.0,4/27/2023,0.11,Data,Post-IPO,613,United States
Vroom,New York City,120.0,4/27/2023,0.11,Transportation,Post-IPO,1300,United States
Greenhouse,New York City,100.0,4/27/2023,0.12,Recruiting,Private Equity,110,United States
Rebellion Defense,Washington D.C.,90.0,4/27/2023,,Data,Series B,150,United States
Poppulo,Denver,85.0,4/27/2023,,HR,Acquired,30,United States
Megaport,"Brisbane, Non-U.S.",50.0,4/27/2023,0.16,Infrastructure,Post-IPO,98,Australia
Airtasker,"Sydney, Non-U.S.",45.0,4/27/2023,0.2,Retail,Series C,26,Australia
Chief,New York City,43.0,4/27/2023,0.14,Other,Series B,140,United States
Tickertape,"Bengaluru, Non-U.S.",29.0,4/27/2023,0.29,Finance,Seed,5,India
Clubhouse,SF Bay Area,,4/27/2023,0.5,Consumer,Series C,110,United States
Oddle,"Singapore, Non-U.S.",,4/27/2023,0.25,Food,Series B,9,Singapore
Rad Power Bikes,Seattle,,4/27/2023,,Transportation,Series D,329,United States
Extramarks,"Noida, Non-U.S.",300.0,4/26/2023,,Education,Unknown,,India
Teampay,New York City,30.0,4/26/2023,0.33,Finance,Series B,79,United States
RenoRun,"Montreal, Non-U.S.",,4/26/2023,1.0,Construction,Series B,163,Canada
Skill Lync,"Chennai, Non-U.S.",400.0,4/25/2023,,Education,Series A,17,India
Rapid,SF Bay Area,115.0,4/25/2023,0.5,Finance,Series D,272,United States
Rapid,SF Bay Area,70.0,4/25/2023,0.3,Finance,Series D,272,United States
Flink,"Berlin, Non-U.S.",8000.0,4/24/2023,0.4,Food,Series B,1000,Germany
Red Hat,Raleigh,760.0,4/24/2023,0.04,Other,Acquired,,United States
BigPanda,SF Bay Area,40.0,4/24/2023,0.13,Infrastructure,Series E,337,United States
Lyft,SF Bay Area,1072.0,4/21/2023,0.26,Transportation,Post-IPO,4900,United States
Benchling,SF Bay Area,74.0,4/21/2023,0.09,Other,Series F,411,United States
Pluralsight,Salt Lake City,,4/21/2023,,Education,Acquired,192,United States
BuzzFeed,New York City,180.0,4/20/2023,0.15,Media,Post-IPO,696,United States
Koo,"Bengaluru, Non-U.S.",78.0,4/20/2023,0.3,Consumer,Series B,50,India
Open,"Bengaluru, Non-U.S.",47.0,4/20/2023,,Finance,Series D,190,India
Gloat,New York City,35.0,4/20/2023,0.12,HR,Series D,192,United States
Insider,New York City,,4/20/2023,0.1,Media,Unknown,,United States
Iress,"Melbourne, Non-U.S.",,4/20/2023,0.1,Finance,Unknown,,Australia
Lenovo,Raleigh,,4/20/2023,,Hardware,Post-IPO,850,United States
F5,Seattle,623.0,4/19/2023,0.09,Security,Post-IPO,,United States
WalkMe,SF Bay Area,112.0,4/19/2023,0.1,Other,Post-IPO,307,United States
Opendoor,SF Bay Area,560.0,4/18/2023,0.22,Real Estate,Post-IPO,1900,United States
Noon,"Riyadh, Non-U.S.",340.0,4/18/2023,0.1,Retail,Unknown,,Saudi Arabia
Culture Amp,"Melbourne, Non-U.S.",90.0,4/18/2023,0.09,HR,Series F,257,Australia
TRM Labs,SF Bay Area,16.0,4/18/2023,0.09,Crypto,Series B,149,United States
CoLab,"Sydney, Non-U.S.",,4/18/2023,1.0,Food,Seed,3,Australia
Ten Square Games,"Wrocław, Non-U.S.",120.0,4/17/2023,0.25,Consumer,Seed,,Poland
Clearcover,Chicago,81.0,4/17/2023,0.15,Finance,Series D,304,United States
Paper,"Montreal, Non-U.S.",81.0,4/17/2023,0.03,Education,Series D,389,Canada
Ynsect,"Paris, Non-U.S.",17.0,4/17/2023,0.25,Food,Series D,579,France
FamPay,"Bengaluru, Non-U.S.",,4/17/2023,,Finance,Series A,42,India
Kumu,"Manila, Non-U.S.",,4/17/2023,,Media,Series C,94,Philippines
Utopia Music,"Zug, Non-U.S.",,4/17/2023,0.15,Other,Series B,,Switzerland
Quadream,"Tel Aviv, Non-U.S.",,4/16/2023,1.0,Security,Unknown,,Israel
Drip Capital,SF Bay Area,75.0,4/14/2023,0.2,Finance,Series C,85,United States
Community Gaming,New York City,17.0,4/14/2023,0.17,Crypto,Series A,18,United States
Calibrate,New York City,,4/14/2023,0.18,Healthcare,Series B,127,United States
OpenClassrooms,"Paris, Non-U.S.",,4/14/2023,0.25,Education,Series C,150,France
Sayurbox,"Jakarta, Non-U.S.",,4/14/2023,,Food,Series C,139,Indonesia
Snyk,Boston,128.0,4/13/2023,,Security,Series F,849,United States
Astronomer,Cincinnati,100.0,4/13/2023,0.4,Data,Series C,282,United States
Bluepad,"Bengaluru, Non-U.S.",,4/13/2023,1.0,Media,Seed,,India
Heygo,"London, Non-U.S.",,4/13/2023,1.0,Travel,Series A,20,United Kingdom
Lazerpay,"Lagos, Non-U.S.",,4/13/2023,1.0,Crypto,Unknown,,Nigeria
Mediafly,Chicago,,4/13/2023,,Sales,Private Equity,59,United States
Viasat,San Diego,300.0,4/12/2023,0.04,Other,Post-IPO,366,United States
Science 37,Los Angeles,140.0,4/12/2023,,Healthcare,Post-IPO,347,United States
Medtronic,SF Bay Area,59.0,4/12/2023,,Healthcare,Post-IPO,5900,United States
Milkrun,"Sydney, Non-U.S.",400.0,4/11/2023,1.0,Food,Series A,86,Australia
Redfin,Seattle,201.0,4/11/2023,0.04,Real Estate,Post-IPO,320,United States
Permutive,"London, Non-U.S.",80.0,4/11/2023,0.4,Marketing,Series C,105,United Kingdom
Examedi,"Santiago, Non-U.S.",45.0,4/11/2023,0.25,Healthcare,Unknown,19,Chile
Acxiom,Little Rock,,4/11/2023,,Marketing,Post-IPO,,United States
Euler Motors,"New Delhi, Non-U.S.",,4/11/2023,0.1,Transportation,Series C,92,India
Reforge,SF Bay Area,,4/11/2023,,Education,Series B,81,United States
Flock Freight,San Diego,45.0,4/10/2023,0.08,Logistics,Series D,399,United States
Nori,Seattle,10.0,4/10/2023,0.37,Energy,Unknown,13,United States
Simpl,"Bengaluru, Non-U.S.",150.0,4/9/2023,0.25,Finance,Series B,71,India
Practo,"Bengaluru, Non-U.S.",41.0,4/8/2023,,Healthcare,Series D,222,India
Pear Therapeutics,Boston,170.0,4/7/2023,0.92,Healthcare,Post-IPO,409,United States
Workit Health,Ann Arbor,100.0,4/7/2023,,Healthcare,Series C,138,United States
ZestMoney,"Bengaluru, Non-U.S.",100.0,4/7/2023,0.2,Finance,Series C,120,India
Absolute Software,"Vancouver, Non-U.S.",40.0,4/6/2023,0.05,Security,Post-IPO,,Canada
Avocargo,"Berlin, Non-U.S.",16.0,4/6/2023,1.0,Transportation,Seed,,Germany
Dunzo,"Bengaluru, Non-U.S.",300.0,4/5/2023,0.3,Food,Unknown,382,India
Amplitude,SF Bay Area,99.0,4/5/2023,0.13,Data,Post-IPO,311,United States
Talent.com,"Montreal, Non-U.S.",86.0,4/5/2023,0.18,Recruiting,Series B,150,Canada
1K Kirana,"Gurugram, Non-U.S.",600.0,4/4/2023,0.4,Retail,Series B,,India
Foundation Medicine,Boston,135.0,4/4/2023,,Healthcare,Acquired,96,United States
Finder,"Sydney, Non-U.S.",40.0,4/4/2023,,Retail,Unknown,30,Australia
Boost,New York City,15.0,4/4/2023,0.2,Finance,Series B,37,United States
Cin7,"Auckland, Non-U.S.",,4/4/2023,,Retail,Private Equity,,New Zealand
Hyland Software,Cleveland,1000.0,4/3/2023,0.2,Other,Acquired,,United States
View,SF Bay Area,170.0,4/3/2023,0.23,Other,Post-IPO,2300,United States
Guideline,SF Bay Area,48.0,4/3/2023,0.11,Finance,Series E,339,United States
Textio,Seattle,15.0,4/3/2023,0.12,Recruiting,Unknown,42,United States
Apple,SF Bay Area,,4/3/2023,,Retail,Post-IPO,6200,United States
Checkout.com,"London, Non-U.S.",,4/3/2023,,Finance,Series D,1800,United Kingdom
Domestika,"Madrid, Non-U.S.",89.0,3/31/2023,0.45,Education,Series D,130,Spain
Airbyte,SF Bay Area,,3/31/2023,,Data,Series B,181,United States
Hulu,"Beijing, Non-U.S.",200.0,3/30/2023,,Media,Acquired,683,China
Roku,SF Bay Area,200.0,3/30/2023,0.06,Media,Post-IPO,208,United States
LendingTree,Charlotte,150.0,3/30/2023,0.13,Finance,Post-IPO,,United States
FanClash,"Gurugram, Non-U.S.",100.0,3/30/2023,0.75,Consumer,Series B,50,India
Loop,Austin,19.0,3/30/2023,0.25,Finance,Series A,24,United States
Crossbeam,Philadelphia,17.0,3/30/2023,0.15,Sales,Series C,116,United States
Spotify,"Stockholm, Non-U.S.",15.0,3/30/2023,,Media,Post-IPO,2100,Sweden
AnswerLab,SF Bay Area,,3/30/2023,0.17,Marketing,Unknown,,United States
Endowus,"Singapore, Non-U.S.",,3/30/2023,,Finance,Unknown,44,Singapore
GoodWorker,"Singapore, Non-U.S.",,3/30/2023,0.9,Recruiting,Acquired,,Singapore
Kyndryl,New York City,,3/30/2023,,Infrastructure,Post-IPO,,United States
Nowports,"Monterrey, Non-U.S.",,3/30/2023,0.15,Logistics,Series C,,Mexico
Unacademy,"Bengaluru, Non-U.S.",,3/30/2023,0.12,Education,Series H,838,India
CoverMyMeds,Columbus,800.0,3/29/2023,,Healthcare,Acquired,5,United States
Electronic Arts,SF Bay Area,780.0,3/29/2023,0.06,Consumer,Post-IPO,2,United States
Seagate,SF Bay Area,480.0,3/29/2023,,Hardware,Post-IPO,,United States
Drizly,Boston,100.0,3/29/2023,,Retail,Acquired,119,United States
iCAD,Nashua,23.0,3/29/2023,0.28,Healthcare,Post-IPO,59,United States
Anyline,"Vienna, Non-U.S.",,3/29/2023,0.25,Other,Series B,37,Austria
OnePipe,"Lagos, Non-U.S.",,3/29/2023,,Finance,Seed,9,Nigeria
Shift,SF Bay Area,,3/29/2023,0.3,Transportation,Post-IPO,504,United States
Lucid Motors,SF Bay Area,1300.0,3/28/2023,0.18,Transportation,Post-IPO,8300,United States
Blue Nile,Seattle,119.0,3/28/2023,,Retail,Acquired,62,United States
AEye,SF Bay Area,46.0,3/28/2023,0.33,Transportation,Post-IPO,314,United States
Rackspace,San Antonio,275.0,3/27/2023,,Data,Acquired,17,United States
Better Therapeutics,SF Bay Area,,3/27/2023,0.35,Healthcare,Post-IPO,143,United States
Aspiration,Los Angeles,170.0,3/24/2023,,Finance,Unknown,250,United States
The Meet Group,New Hope,,3/24/2023,,Consumer,Acquired,,United States
Cimpress,"Paris, Non-U.S.",500.0,3/23/2023,,Retail,Post-IPO,300,France
Veeam,Columbus,200.0,3/23/2023,,Data,Acquired,500,United States
Glovo,"Barcelona, Non-U.S.",140.0,3/23/2023,,Food,Acquired,1200,Spain
TakeOff,"Kyiv, Non-U.S.",50.0,3/23/2023,,Retail,Unknown,146,Ukraine
Slite,"Paris, Non-U.S.",10.0,3/23/2023,0.25,Other,Series A,15,France
Indeed,Austin,2200.0,3/22/2023,0.15,HR,Acquired,5,United States
Logitech,"Geneva, Non-U.S.",300.0,3/22/2023,,Hardware,Post-IPO,,Switzerland
Glassdoor,SF Bay Area,140.0,3/22/2023,0.15,HR,Acquired,204,United States
Wejo,"Chester, Non-U.S.",40.0,3/22/2023,0.16,Transportation,Post-IPO,376,United Kingdom
Copper,"London, Non-U.S.",,3/22/2023,0.15,Crypto,Series C,281,United Kingdom
Rewind,"Ottawa, Non-U.S.",,3/22/2023,,Data,Series B,80,Canada
Roofstock,SF Bay Area,,3/22/2023,0.27,Real Estate,Series E,365,United States
Just Eat,"London, Non-U.S.",1700.0,3/21/2023,,Food,Acquired,,United Kingdom
Marvell,SF Bay Area,320.0,3/21/2023,0.04,Hardware,Post-IPO,,United States
Workhuman,"Dublin, Non-U.S.",130.0,3/21/2023,0.1,HR,Unknown,131,Ireland
FreshBooks,"Toronto, Non-U.S.",80.0,3/21/2023,0.1,Finance,Unknown,331,Canada
Xing,"Hamburg, Non-U.S.",68.0,3/21/2023,,HR,Series A,,Germany
Mr Yum,"Melbourne, Non-U.S.",40.0,3/21/2023,,Food,Series A,101,Australia
Smallcase,"Bengaluru, Non-U.S.",15.0,3/21/2023,0.04,Finance,Series C,62,India
Expedia,Seattle,,3/21/2023,,Travel,Post-IPO,3300,United States
GAMURS Group,"Sydney, Non-U.S.",,3/21/2023,,Consumer,Series A,17,Australia
Grin,Sacramento,,3/21/2023,,Marketing,Series B,145,United States
Laybuy,"Auckland, Non-U.S.",,3/21/2023,0.1,Finance,Post-IPO,130,New Zealand
Amazon,Seattle,9000.0,3/20/2023,,Retail,Post-IPO,108,United States
Huuuge Games,"Warsaw, Non-U.S.",,3/20/2023,0.1,Consumer,Series C,57,Poland
Livspace,"Bengaluru, Non-U.S.",100.0,3/17/2023,0.02,Retail,Series F,431,India
Symend,"Calgary, Non-U.S.",50.0,3/17/2023,0.25,Other,Series C,148,Canada
Candor Technology,Atlanta,,3/17/2023,,Real Estate,Unknown,23,United States
Freshworks,SF Bay Area,114.0,3/16/2023,0.02,Support,Post-IPO,484,United States
Coherent,SF Bay Area,108.0,3/16/2023,,Manufacturing,Post-IPO,,United States
Runtastic,"Linz, Non-U.S.",70.0,3/16/2023,0.28,Fitness,Acquired,,Austria
Course Hero,SF Bay Area,42.0,3/16/2023,0.15,Education,Series C,477,United States
Leafly,Seattle,40.0,3/16/2023,0.21,Retail,Post-IPO,71,United States
Bonusly,Boulder,,3/16/2023,,HR,Series B,31,United States
Klaviyo,Boston,140.0,3/15/2023,,Marketing,Unknown,778,United States
Dukaan,"Bengaluru, Non-U.S.",56.0,3/15/2023,0.3,Retail,Series A,17,India
Boxed,New York City,32.0,3/15/2023,0.25,Retail,Post-IPO,365,United States
Nubank,"Sao Paulo, Non-U.S.",30.0,3/15/2023,,Finance,Post-IPO,4100,Brazil
TradeWindow,"Auckland, Non-U.S.",25.0,3/15/2023,0.3,Finance,Series B,24,New Zealand
Hometap,Boston,,3/15/2023,,Real Estate,Unknown,172,United States
Meta,SF Bay Area,10000.0,3/14/2023,,Consumer,Post-IPO,26000,United States
Fetch,Madison,100.0,3/14/2023,0.1,Retail,Series E,581,United States
Anchorage Digital,SF Bay Area,75.0,3/14/2023,0.2,Crypto,Series D,487,United States
Avidbots,"Kitchener, Non-U.S.",50.0,3/14/2023,0.14,Hardware,Series C,106,Canada
Samsung,SF Bay Area,30.0,3/14/2023,,Hardware,Post-IPO,,United States
Kaleidoscope,Minneapolis,15.0,3/14/2023,0.3,Finance,Series A,16,United States
GoTo Group,"Jakarta, Non-U.S.",600.0,3/10/2023,,Transportation,Post-IPO,1300,Indonesia
Cookpad,"Tokyo, Non-U.S.",80.0,3/10/2023,,Consumer,Unknown,,Japan
Xero,"Wellington, Non-U.S.",800.0,3/9/2023,0.15,Finance,Post-IPO,681,New Zealand
Shopee,"Jakarta, Non-U.S.",200.0,3/9/2023,,Food,Unknown,,Indonesia
Gopuff,Philadelphia,100.0,3/9/2023,0.02,Food,Series H,3400,United States
Wave Financial,"Toronto, Non-U.S.",50.0,3/9/2023,,Finance,Acquired,79,Canada
Morning Brew,New York City,40.0,3/9/2023,,Media,Acquired,,United States
Bonusly,Boulder,,3/9/2023,,HR,Series B,31,United States
Neoleukin Therapeutics,Seattle,,3/9/2023,0.7,Healthcare,Post-IPO,157,United States
Toucan,Los Angeles,,3/9/2023,1.0,Education,Series A,,United States
Wattpad,"Toronto, Non-U.S.",42.0,3/8/2023,0.15,Media,Acquired,117,Canada
Appcues,Boston,,3/8/2023,0.15,Data,Series B,52,United States
Pristyn Care,"Gurugram, Non-U.S.",300.0,3/7/2023,0.15,Healthcare,Series E,177,India
Zwift,Los Angeles,80.0,3/7/2023,0.15,Fitness,Series C,619,United States
Catch,New York City,,3/7/2023,1.0,Finance,Series A,18,United States
RDX Works,"London, Non-U.S.",,3/7/2023,0.25,Crypto,Unknown,6,United Kingdom
Take-Two Interactive,New York City,,3/7/2023,,Consumer,Post-IPO,2700,United States
Zulily,Seattle,,3/7/2023,,Retail,Acquired,194,United States
Atlassian,"Sydney, Non-U.S.",500.0,3/6/2023,0.05,Other,Post-IPO,210,Australia
SiriusXM,New York City,475.0,3/6/2023,0.08,Media,Post-IPO,525,United States
Alerzo,"Ibadan, Non-U.S.",400.0,3/6/2023,,Retail,Series B,16,Nigeria
UKG,Miami,265.0,3/6/2023,,HR,Unknown,,United States
UpGrad,"Mumbai, Non-U.S.",120.0,3/6/2023,,Education,Unknown,631,India
HomeLane,"Bengaluru, Non-U.S.",30.0,3/6/2023,,Retail,Series E,116,India
Ankorstore,"Paris, Non-U.S.",,3/6/2023,,Retail,Series C,365,France
No Fluff Jobs,"Gydnia, Non-U.S.",13.0,3/4/2023,,HR,Acquired,,Poland
Loft,"Sao Paulo, Non-U.S.",340.0,3/3/2023,0.15,Real Estate,Unknown,788,Brazil
Embark Trucks,SF Bay Area,230.0,3/3/2023,0.7,Transportation,Post-IPO,317,United States
Lendi,"Sydney, Non-U.S.",100.0,3/3/2023,,Real Estate,Unknown,59,Australia
UserTesting,SF Bay Area,63.0,3/3/2023,,Marketing,Acquired,152,United States
Airbnb,SF Bay Area,30.0,3/3/2023,,Travel,Post-IPO,6400,United States
Accolade,Seattle,,3/3/2023,,Healthcare,Post-IPO,458,United States
Indigo,Boston,,3/3/2023,,Other,Series F,1200,United States
Zscaler,SF Bay Area,177.0,3/2/2023,0.03,Security,Post-IPO,148,United States
MasterClass,SF Bay Area,79.0,3/2/2023,,Education,Series E,461,United States
Ambev Tech,"Blumenau, Non-U.S.",50.0,3/2/2023,,Food,Acquired,,Brazil
Fittr,"Pune, Non-U.S.",30.0,3/2/2023,0.11,Fitness,Series A,13,India
CNET,SF Bay Area,12.0,3/2/2023,0.1,Media,Acquired,20,United States
Comparis,"Zurich, Non-U.S.",,3/2/2023,0.1,Finance,Unknown,,Switzerland
Flipkart,"Bengaluru, Non-U.S.",,3/2/2023,,Retail,Acquired,12900,India
Kandela,Los Angeles,,3/2/2023,1.0,Consumer,Acquired,,United States
Orchard,New York City,,3/2/2023,,Real Estate,Series D,472,United States
Truckstop.com,Boise,,3/2/2023,,Logistics,Acquired,,United States
Thoughtworks,Chicago,500.0,3/1/2023,0.04,Other,Post-IPO,748,United States
iFood,"Sao Paulo, Non-U.S.",355.0,3/1/2023,0.06,Food,Subsidiary,2100,Brazil
Color Health,SF Bay Area,300.0,3/1/2023,,Healthcare,Series E,482,United States
Waymo,SF Bay Area,209.0,3/1/2023,0.08,Transportation,Subsidiary,5500,United States
PayFit,"Paris, Non-U.S.",200.0,3/1/2023,0.2,HR,Series E,495,France
Yellow.ai,SF Bay Area,200.0,3/1/2023,,Support,Series C,102,United States
Sonder,SF Bay Area,100.0,3/1/2023,0.14,Travel,Post-IPO,839,United States
Protego Trust Bank,Seattle,,3/1/2023,0.5,Crypto,Series A,70,United States
Electronic Arts,Baton Rouge,200.0,2/28/2023,,Consumer,Post-IPO,2,United States
Eventbrite,SF Bay Area,80.0,2/28/2023,0.08,Consumer,Post-IPO,557,United States
Ezoic,San Diego,10.0,2/28/2023,,Infrastructure,Series A,39,United States
DUX Education,"Bengaluru, Non-U.S.",,2/28/2023,1.0,Education,Unknown,,India
MeridianLink,Los Angeles,,2/28/2023,0.09,Finance,Post-IPO,485,United States
Sono Motors,"Munich, Non-U.S.",300.0,2/27/2023,,Transportation,Post-IPO,126,Germany
Cerebral,SF Bay Area,285.0,2/27/2023,0.15,Healthcare,Series C,462,United States
Amount,Chicago,130.0,2/27/2023,0.25,Finance,Unknown,283,United States
Palantir,Denver,75.0,2/27/2023,0.02,Data,Post-IPO,3000,United States
Outreach,Seattle,70.0,2/27/2023,0.07,Sales,Series G,489,United States
Stytch,SF Bay Area,19.0,2/27/2023,0.25,Security,Series B,126,United States
BitSight,"Tel Aviv, Non-U.S.",40.0,2/26/2023,,Security,Unknown,401,Israel
Twitter,SF Bay Area,200.0,2/25/2023,0.1,Consumer,Post-IPO,12900,United States
Ericsson,"Stockholm, Non-U.S.",8500.0,2/24/2023,0.08,Other,Post-IPO,663,Sweden
SAP Labs,"Bengaluru, Non-U.S.",300.0,2/24/2023,,Other,Subsidiary,1300,India
Velodyne Lidar,SF Bay Area,220.0,2/24/2023,,Transportation,Acquired,575,United States
Medallia,SF Bay Area,59.0,2/24/2023,,Support,Acquired,325,United States
Eat Just,SF Bay Area,40.0,2/24/2023,,Food,Unknown,465,United States
Lucira Health,SF Bay Area,26.0,2/24/2023,,Healthcare,Post-IPO,132,United States
Stax,Orlando,24.0,2/24/2023,,Finance,Series D,263,United States
EQRx,Boston,,2/24/2023,0.18,Healthcare,Post-IPO,1900,United States
Poshmark,SF Bay Area,,2/24/2023,0.02,Retail,Acquired,153,United States
Merative,Ann Arbor,200.0,2/23/2023,0.1,Healthcare,Acquired,,United States
OneFootball,"Berlin, Non-U.S.",150.0,2/23/2023,0.32,Marketing,Series D,442,Germany
The Iconic,"Sydney, Non-U.S.",69.0,2/23/2023,0.06,Retail,Unknown,,Australia
EVgo,Los Angeles,40.0,2/23/2023,,Transportation,Post-IPO,400,United States
StrongDM,SF Bay Area,40.0,2/23/2023,,Infrastructure,Series B,76,United States
Dapper Labs,"Vancouver, Non-U.S.",,2/23/2023,0.2,Crypto,Series D,607,Canada
Messari,New York City,,2/23/2023,0.15,Crypto,Series B,61,United States
Vibrent Health,Washington D.C.,,2/23/2023,0.13,Healthcare,Unknown,,United States
Synamedia,"London, Non-U.S.",200.0,2/22/2023,0.12,Media,Unknown,,United Kingdom
TaskUs,San Antonio,186.0,2/22/2023,,Support,Post-IPO,279,United States
Arch Oncology,St. Louis,,2/22/2023,,Healthcare,Series C,155,United States
Immutable,"Sydney, Non-U.S.",,2/22/2023,0.11,Crypto,Series C,279,Australia
Jounce Therapeutics,Boston,,2/22/2023,0.57,Healthcare,Acquired,194,United States
Locomation,Pittsburgh,,2/22/2023,1.0,Transportation,Seed,57,United States
Green Labs,"Seoul, Non-U.S.",350.0,2/21/2023,0.7,Food,Series C,214,South Korea
Polygon,"Bengaluru, Non-U.S.",100.0,2/21/2023,0.2,Crypto,Unknown,451,India
Crunchyroll,"Tokyo, Non-U.S.",85.0,2/21/2023,,Media,Unknown,26,Japan
Ethos Life,SF Bay Area,50.0,2/21/2023,,Finance,Series D,406,United States
Basis Technologies,Chicago,40.0,2/21/2023,0.04,Marketing,Series B,52,United States
Bolt,"Lagos, Non-U.S.",17.0,2/21/2023,,Transportation,Series F,,Nigeria
Criteo,"Paris, Non-U.S.",,2/21/2023,,Marketing,Post-IPO,61,France
PeerStreet,Los Angeles,,2/21/2023,,Real Estate,Series C,121,United States
Zalando,"Berlin, Non-U.S.",,2/21/2023,,Retail,Post-IPO,467,Germany
MyGate,"Bengaluru, Non-U.S.",200.0,2/20/2023,0.3,Other,Series B,79,India
Fireblocks,New York City,30.0,2/20/2023,0.05,Crypto,Series E,1000,United States
Kinde,"Sydney, Non-U.S.",8.0,2/20/2023,0.28,Other,Seed,10,Australia
Fipola,"Chennai, Non-U.S.",,2/20/2023,1.0,Food,Series A,9,India
HP,"Tel Aviv, Non-U.S.",100.0,2/19/2023,,Hardware,Post-IPO,4200,Israel
Micron,Boise,2400.0,2/17/2023,0.05,Hardware,Post-IPO,50,United States
Tencent,"Shenzen, Non-U.S.",300.0,2/17/2023,,Consumer,Post-IPO,12600,China
Evernote,SF Bay Area,129.0,2/17/2023,,Consumer,Acquired,290,United States
Chipper Cash,SF Bay Area,100.0,2/17/2023,0.33,Finance,Series C,302,United States
Digimarc,Portland,,2/17/2023,,Other,Post-IPO,105,United States
Reserve,SF Bay Area,,2/17/2023,,Crypto,Unknown,,United States
DocuSign,SF Bay Area,680.0,2/16/2023,0.1,Sales,Post-IPO,536,United States
Pico Interactive,SF Bay Area,400.0,2/16/2023,0.2,Other,Acquired,62,United States
The RealReal,SF Bay Area,230.0,2/16/2023,0.07,Retail,Post-IPO,356,United States
Smartsheet,Seattle,85.0,2/16/2023,0.03,Other,Post-IPO,152,United States
Convoy,Atlanta,,2/16/2023,,Logistics,Series E,1100,United States
Wix,"Tel Aviv, Non-U.S.",370.0,2/15/2023,0.06,Marketing,Post-IPO,58,Israel
ServiceTitan,Los Angeles,221.0,2/15/2023,0.08,Sales,Series G,1100,United States
Neon,"Sao Paulo, Non-U.S.",210.0,2/15/2023,0.09,Finance,Series D,720,Brazil
Jellysmack,"Paris, Non-U.S.",208.0,2/15/2023,,Media,Series C,22,France
DigitalOcean,New York City,200.0,2/15/2023,0.11,Infrastructure,Post-IPO,491,United States
Sprinklr,New York City,100.0,2/15/2023,0.04,Support,Post-IPO,429,United States
Betterment,New York City,28.0,2/15/2023,,Finance,Series F,435,United States
Divvy Homes,SF Bay Area,,2/15/2023,,Real Estate,Series B,180,United States
Milkrun,"Sydney, Non-U.S.",,2/15/2023,0.2,Food,Series A,86,Australia
Observe.AI,SF Bay Area,,2/15/2023,,Support,Series C,214,United States
Religion of Sports,Los Angeles,,2/15/2023,,Media,Series B,63,United States
SurveyMonkey,SF Bay Area,,2/15/2023,0.14,Marketing,Post-IPO,1100,United States
Tackle,Boise,,2/15/2023,0.15,Other,Series C,148,United States
Vicarious Surgical,Boston,,2/15/2023,0.14,Healthcare,Post-IPO,185,United States
Blackbaud,Charleston,500.0,2/14/2023,0.14,Other,Post-IPO,,United States
CommerceHub,Albany,371.0,2/14/2023,0.31,Retail,Acquired,,United States
Dropp,"Berlin, Non-U.S.",60.0,2/14/2023,1.0,Retail,Unknown,2,Germany
HackerEarth,SF Bay Area,,2/14/2023,0.08,HR,Series B,11,United States
PhableCare,"Bengaluru, Non-U.S.",,2/14/2023,0.7000000000000001,Healthcare,Series B,40,India
Udemy,SF Bay Area,,2/14/2023,0.1,Education,Post-IPO,311,United States
Twilio,SF Bay Area,1500.0,2/13/2023,0.17,Other,Post-IPO,614,United States
Electric,New York City,141.0,2/13/2023,0.25,Other,Series D,212,United States
EMX Digital,New York City,100.0,2/13/2023,1.0,Marketing,Unknown,,United States
PetLove,"Sao Paulo, Non-U.S.",94.0,2/13/2023,,Retail,Series C,225,Brazil
iRobot,Boston,85.0,2/13/2023,0.07,Consumer,Acquired,30,United States
Collective Health,SF Bay Area,54.0,2/13/2023,,Healthcare,Series F,719,United States
Magic Eden,SF Bay Area,22.0,2/13/2023,,Crypto,Series B,170,United States
Casavo,"Milan, Non-U.S.",,2/13/2023,0.3,Real Estate,Unknown,708,Italy
Foodpanda,"Singapore, Non-U.S.",,2/13/2023,,Food,Acquired,749,Singapore
Getir,"London, Non-U.S.",,2/13/2023,,Food,Series E,1800,United Kingdom
LinkedIn,SF Bay Area,,2/13/2023,,Recruiting,Acquired,154,United States
Moladin,"Jakarta, Non-U.S.",360.0,2/12/2023,0.11,Transportation,Series B,138,Indonesia
TripleLift,New York City,100.0,2/10/2023,0.2,Marketing,Acquired,16,United States
Titan Medical,"Toronto, Non-U.S.",48.0,2/10/2023,0.72,Healthcare,Post-IPO,278,Canada
TikTok India,"Mumbai, Non-U.S.",40.0,2/10/2023,,Consumer,Acquired,9400,India
Syft Technologies,"Auckland, Non-U.S.",30.0,2/10/2023,0.2,Manufacturing,Private Equity,,New Zealand
Open Co,"Sao Paulo, Non-U.S.",,2/10/2023,,Finance,Series D,140,Brazil
Rigetti Computing,SF Bay Area,,2/10/2023,0.28,Hardware,Post-IPO,298,United States
Wonderschool,SF Bay Area,,2/10/2023,,Education,Series A,24,United States
Yahoo,SF Bay Area,1600.0,2/9/2023,0.2,Consumer,Acquired,6,United States
Misfits Market,Philadelphia,649.0,2/9/2023,0.33,Food,Series C,526,United States
Deliveroo,"London, Non-U.S.",350.0,2/9/2023,0.09,Food,Post-IPO,1700,United Kingdom
Olive AI,Columbus,215.0,2/9/2023,0.35000000000000003,Healthcare,Series H,856,United States
Oportun,SF Bay Area,155.0,2/9/2023,0.1,Finance,Post-IPO,566,United States
GitLab,SF Bay Area,130.0,2/9/2023,0.07,Product,Post-IPO,413,United States
Bark,New York City,126.0,2/9/2023,0.12,Retail,Post-IPO,,United States
REE Automotive,"Tel Aviv, Non-U.S.",100.0,2/9/2023,0.5,Transportation,Post-IPO,317,Israel
Veriff,"Tallinn, Non-U.S.",66.0,2/9/2023,0.12,Security,Series C,192,Estonia
REE Automotive,"Tel Aviv, Non-U.S.",31.0,2/9/2023,0.11,Transportation,Post-IPO,317,Israel
GitHub,SF Bay Area,,2/9/2023,0.1,Product,Acquired,350,United States
Quillt,St. Louis,,2/9/2023,,Media,Unknown,,United States
WeTrade,"Bengaluru, Non-U.S.",,2/9/2023,1.0,Crypto,Unknown,,India
GoDaddy,Phoenix,530.0,2/8/2023,0.08,Marketing,Post-IPO,800,United States
Affirm,SF Bay Area,500.0,2/8/2023,0.19,Finance,Post-IPO,1500,United States
Gusto,SF Bay Area,126.0,2/8/2023,0.05,HR,Series E,746,United States
Gong,SF Bay Area,80.0,2/8/2023,0.07,Sales,Series E,583,United States
Beam Benefits,Columbus,31.0,2/8/2023,0.08,Healthcare,Series E,168,United States
Equitybee,SF Bay Area,24.0,2/8/2023,0.25,Finance,Series B,85,United States
Baraja,"Sydney, Non-U.S.",,2/8/2023,0.75,Transportation,Unknown,63,Australia
Koho,"Toronto, Non-U.S.",,2/8/2023,0.14,Finance,Series D,278,Canada
Medly,New York City,,2/8/2023,1.0,Healthcare,Series C,100,United States
Nearmap,"Sydney, Non-U.S.",,2/8/2023,0.2,Construction,Acquired,15,Australia
Zoom,SF Bay Area,1300.0,2/7/2023,0.15,Other,Post-IPO,276,United States
eBay,SF Bay Area,500.0,2/7/2023,0.04,Retail,Post-IPO,1200,United States
SecureWorks,Atlanta,212.0,2/7/2023,0.09,Security,Post-IPO,83,United States
Salesloft,Atlanta,100.0,2/7/2023,0.1,Sales,Acquired,245,United States
Openpay,"Melbourne, Non-U.S.",83.0,2/7/2023,1.0,Finance,Post-IPO,299,Australia
LearnUpon,"Dublin, Non-U.S.",27.0,2/7/2023,0.09,Education,Private Equity,56,Ireland
Sana Benefits,Austin,,2/7/2023,0.19,HR,Series B,106,United States
Dell,Austin,6650.0,2/6/2023,0.05,Hardware,Post-IPO,,United States
Loggi,"Sao Paulo, Non-U.S.",300.0,2/6/2023,0.07,Logistics,Series F,507,Brazil
Catch.com.au,"Melbourne, Non-U.S.",100.0,2/6/2023,,Retail,Acquired,80,Australia
VinFast US,Los Angeles,80.0,2/6/2023,,Transportation,Subsidiary,,United States
Drift,Boston,59.0,2/6/2023,,Marketing,Acquired,107,United States
Pocket Aces,"Mumbai, Non-U.S.",50.0,2/6/2023,0.25,Media,Unknown,19,India
Clari,SF Bay Area,20.0,2/6/2023,,Sales,Series F,496,United States
C6 Bank,"Sao Paulo, Non-U.S.",,2/6/2023,,Finance,Unknown,2300,Brazil
Daraz,"Singapore, Non-U.S.",,2/6/2023,0.11,Retail,Unknown,,Singapore
TenureX,"Tel Aviv, Non-U.S.",,2/6/2023,,Finance,Seed,6,Israel
Kyruus,Boston,70.0,2/5/2023,,Healthcare,Unknown,183,United States
Lightico,"Tel Aviv, Non-U.S.",20.0,2/5/2023,0.25,Finance,Series B,42,Israel
Eightfold AI,SF Bay Area,90.0,2/3/2023,0.15,HR,Series E,396,United States
FarEye,"New Delhi, Non-U.S.",90.0,2/3/2023,,Logistics,Series E,150,India
Protocol Labs,SF Bay Area,89.0,2/3/2023,0.2,Crypto,Unknown,10,United States
Built Technologies copy,Nashville,,2/3/2023,0.08,Construction,Unknown,313,United States
Finder,"Sydney, Non-U.S.",,2/3/2023,0.15,Retail,Unknown,30,Australia
Byju's,"Bengaluru, Non-U.S.",1500.0,2/2/2023,,Education,Private Equity,5500,India
Okta,SF Bay Area,300.0,2/2/2023,0.05,Security,Post-IPO,1200,United States
Autodesk,SF Bay Area,250.0,2/2/2023,0.02,Other,Post-IPO,,United States
Mindstrong,SF Bay Area,127.0,2/2/2023,,Healthcare,Series C,160,United States
NCC Group,"Manchester, Non-U.S.",125.0,2/2/2023,0.07,Security,Post-IPO,,United Kingdom
Miro,SF Bay Area,119.0,2/2/2023,0.07,Other,Series C,476,United States
Getir,New York City,100.0,2/2/2023,,Food,Series E,1800,United States
Highspot,Seattle,100.0,2/2/2023,0.1,Sales,Series F,644,United States
Bittrex,Seattle,80.0,2/2/2023,,Crypto,Unknown,,United States
Snowplow,"London, Non-U.S.",40.0,2/2/2023,,Data,Series B,55,United Kingdom
Articulate,New York City,38.0,2/2/2023,,Education,Series A,1500,United States
Desktop Metal,Boston,,2/2/2023,,Other,Post-IPO,811,United States
Getaround,SF Bay Area,,2/2/2023,0.1,Transportation,Post-IPO,948,United States
NCSoft,"Seoul, Non-U.S.",,2/2/2023,0.2,Consumer,Post-IPO,240,South Korea
Sharesies,"Wellington, Non-U.S.",,2/2/2023,,Finance,Series C,60,New Zealand
Talkdesk,SF Bay Area,,2/2/2023,,Support,Series D,497,United States
Splunk,SF Bay Area,325.0,2/1/2023,0.04,Data,Post-IPO,2400,United States
Pinterest,SF Bay Area,150.0,2/1/2023,,Consumer,Post-IPO,1500,United States
DraftKings,Boston,140.0,2/1/2023,0.04,Consumer,Post-IPO,719,United States
Cyren,Washington D.C.,121.0,2/1/2023,,Security,Post-IPO,161,United States
Workato,SF Bay Area,90.0,2/1/2023,0.1,Other,Series E,415,United States
VerticalScope,"Toronto, Non-U.S.",60.0,2/1/2023,0.22,Media,Post-IPO,,Canada
Wheel,Austin,56.0,2/1/2023,0.28,Healthcare,Series C,215,United States
Chainalysis,New York City,44.0,2/1/2023,0.05,Crypto,Series F,536,United States
Appgate,Miami,34.0,2/1/2023,0.08,Security,Post-IPO,,United States
Exterro,Portland,24.0,2/1/2023,0.03,Legal,Private Equity,100,United States
TheSkimm,New York City,17.0,2/1/2023,0.1,Media,Series C,28,United States
Ada,"Toronto, Non-U.S.",,2/1/2023,,Support,Series C,190,Canada
Bustle Digital Group,New York City,,2/1/2023,0.08,Media,Series E,80,United States
Frequency Therapeutics,Boston,,2/1/2023,0.5,Healthcare,Post-IPO,76,United States
MariaDB,"Helsinki, Non-U.S.",,2/1/2023,0.08,Data,Post-IPO,245,Finland
Match Group,New York City,,2/1/2023,0.08,Consumer,Post-IPO,,United States
Omnipresent,"London, Non-U.S.",,2/1/2023,,HR,Series B,137,United Kingdom
Picnic,Seattle,,2/1/2023,,Food,Unknown,52,United States
Rivian,Detroit,,2/1/2023,0.06,Transportation,Post-IPO,10700,United States
PayPal,SF Bay Area,2000.0,1/31/2023,0.07,Finance,Post-IPO,216,United States
NetApp,SF Bay Area,960.0,1/31/2023,0.08,Data,Post-IPO,,United States
Workday,SF Bay Area,525.0,1/31/2023,0.03,HR,Post-IPO,230,United States
HubSpot,Boston,500.0,1/31/2023,0.07,Marketing,Post-IPO,100,United States
Upstart,SF Bay Area,365.0,1/31/2023,0.2,Finance,Post-IPO,144,United States
Software AG,"Frankfurt, Non-U.S.",200.0,1/31/2023,0.04,Data,Post-IPO,344,Germany
Wish,SF Bay Area,150.0,1/31/2023,0.17,Retail,Post-IPO,1600,United States
Wefox,"Berlin, Non-U.S.",100.0,1/31/2023,,Finance,Series D,1300,Germany
Tilting Point,New York City,60.0,1/31/2023,0.14,Consumer,Unknown,235,United States
Gokada,"Lagos, Non-U.S.",54.0,1/31/2023,,Transportation,Unknown,12,Nigeria
Nubank,"Sao Paulo, Non-U.S.",40.0,1/31/2023,,Finance,Post-IPO,4100,Brazil
AU10TIX,"Tel Aviv, Non-U.S.",19.0,1/31/2023,0.09,Security,Unknown,80,Israel
National Instruments,Austin,,1/31/2023,0.04,Hardware,Post-IPO,,United States
OpenText,"Waterloo, Non-U.S.",,1/31/2023,0.08,Data,Post-IPO,1100,Canada
Philips,"Amsterdam, Non-U.S.",6000.0,1/30/2023,0.13,Healthcare,Post-IPO,,Netherlands
OLX Group,"Amsterdam, Non-U.S.",1500.0,1/30/2023,0.15,Marketing,Acquired,,Netherlands
Arrival,"London, Non-U.S.",800.0,1/30/2023,0.5,Transportation,Post-IPO,629,United Kingdom
Groupon,Chicago,500.0,1/30/2023,,Retail,Post-IPO,1400,United States
Intel,SF Bay Area,343.0,1/30/2023,,Hardware,Post-IPO,12,United States
Glovo,"Barcelona, Non-U.S.",250.0,1/30/2023,0.06,Food,Acquired,1200,Spain
Delivery Hero,"Berlin, Non-U.S.",156.0,1/30/2023,0.04,Food,Post-IPO,9900,Germany
Impossible Foods,SF Bay Area,140.0,1/30/2023,0.2,Food,Series H,1900,United States
Chrono24,"Karlsruhe, Non-U.S.",65.0,1/30/2023,0.13,Retail,Series C,205,Germany
BM Technologies,Philadelphia,,1/30/2023,0.25,Finance,Post-IPO,,United States
Olist,"Curitiba, Non-U.S.",,1/30/2023,,Retail,Series E,322,Brazil
Oyster,Charlotte,,1/30/2023,,HR,Series C,224,United States
Prime Trust,Las Vegas,,1/30/2023,0.33,Crypto,Series B,176,United States
Quantum SI,New Haven,,1/30/2023,0.12,Healthcare,Post-IPO,425,United States
SoFi,SF Bay Area,,1/30/2023,,Finance,Post-IPO,3000,United States
Hoxhunt,"Helsinki, Non-U.S.",,1/29/2023,,Security,Series B,43,Finland
Me Poupe,"Sao Paulo, Non-U.S.",60.0,1/28/2023,0.5,Finance,Unknown,,Brazil
CoinTracker,SF Bay Area,19.0,1/28/2023,,Crypto,Series A,101,United States
SSense,"Montreal, Non-U.S.",138.0,1/27/2023,0.07,Retail,Series A,,Canada
DealShare,"Bengaluru, Non-U.S.",100.0,1/27/2023,0.06,Retail,Series E,390,India
Ruggable,Los Angeles,100.0,1/27/2023,,Retail,Seed,,United States
Synopsys,SF Bay Area,100.0,1/27/2023,,Other,Post-IPO,,United States
Heycar,"Berlin, Non-U.S.",73.0,1/27/2023,,Transportation,Unknown,,Germany
Matrixport,"Singapore, Non-U.S.",29.0,1/27/2023,0.1,Crypto,Series C,100,Singapore
Shakepay,"Montreal, Non-U.S.",21.0,1/27/2023,0.25,Crypto,Series A,45,Canada
#Paid,"Toronto, Non-U.S.",19.0,1/27/2023,0.17,Marketing,Series B,21,Canada
Decent,SF Bay Area,,1/27/2023,,Healthcare,Series A,18,United States
Feedzai,"Coimbra, Non-U.S.",,1/27/2023,,Finance,Unknown,273,Portugal
Nate,New York City,,1/27/2023,,Retail,Series A,47,United States
Soundwide,"Berlin, Non-U.S.",,1/27/2023,0.08,Other,,,Germany
SAP,"Walldorf, Non-U.S.",3000.0,1/26/2023,0.03,Other,Post-IPO,1300,Germany
Confluent,SF Bay Area,221.0,1/26/2023,0.08,Data,Post-IPO,455,United States
Glisser,"London, Non-U.S.",25.0,1/26/2023,1.0,Travel,Unknown,1,United Kingdom
DriveWealth,Jersey City,,1/26/2023,0.2,Finance,Series D,550,United States
Mode Global,"London, Non-U.S.",,1/26/2023,1.0,Finance,Post-IPO,,United Kingdom
Plus One Robotics,San Antonio,,1/26/2023,0.1,Other,Series B,43,United States
Quora,SF Bay Area,,1/26/2023,,Consumer,Series D,226,United States
IBM,New York City,3900.0,1/25/2023,0.02,Hardware,Post-IPO,,United States
Lam Research,SF Bay Area,1300.0,1/25/2023,0.07,Hardware,Post-IPO,,United States
Shutterfly,SF Bay Area,360.0,1/25/2023,,Retail,Acquired,50,United States
Luno,"London, Non-U.S.",330.0,1/25/2023,0.35000000000000003,Crypto,Acquired,13,United Kingdom
Clear Capital,Reno,250.0,1/25/2023,0.25,Real Estate,Unknown,,United States
Guardant Health,SF Bay Area,130.0,1/25/2023,0.07,Healthcare,Post-IPO,550,United States
SirionLabs,Seattle,130.0,1/25/2023,0.15,Legal,Series D,171,United States
Tier Mobility,"Berlin, Non-U.S.",80.0,1/25/2023,0.07,Transportation,Series D,646,Germany
CareRev,Los Angeles,,1/25/2023,,Healthcare,Series A,51,United States
Finastra,"Tel Aviv, Non-U.S.",,1/25/2023,,Finance,Unknown,,Israel
Noom,New York City,,1/25/2023,,Fitness,Series F,657,United States
PagSeguro,"Sao Paulo, Non-U.S.",,1/25/2023,0.07,Finance,Post-IPO,,Brazil
Prosus,"Amsterdam, Non-U.S.",,1/25/2023,0.3,Other,Unknown,,Netherlands
Vacasa,Portland,1300.0,1/24/2023,0.17,Travel,Post-IPO,834,United States
Innovaccer,SF Bay Area,245.0,1/24/2023,0.15,Healthcare,Series E,379,United States
Bolt,SF Bay Area,50.0,1/24/2023,0.1,Finance,Series E,1300,United States
PartnerStack,"Toronto, Non-U.S.",40.0,1/24/2023,0.2,Sales,Series B,36,Canada
Gitpod,"Kiel, Non-U.S.",21.0,1/24/2023,0.28,Product,Series A,41,Germany
OFFOR Health,Columbus,16.0,1/24/2023,,Healthcare,Series A,14,United States
Venngage,"Toronto, Non-U.S.",11.0,1/24/2023,0.2,Marketing,Unknown,,Canada
CoachHub,"Berlin, Non-U.S.",,1/24/2023,0.1,HR,Series C,332,Germany
Corvus Insurance,Boston,,1/24/2023,0.14,Finance,Series C,160,United States
Icon,Austin,,1/24/2023,,Construction,Series B,451,United States
PagerDuty,SF Bay Area,,1/24/2023,0.07,Product,Post-IPO,173,United States
Scoro,"London, Non-U.S.",,1/24/2023,0.09,HR,Series B,23,United Kingdom
Spotify,"Stockholm, Non-U.S.",600.0,1/23/2023,0.06,Media,Post-IPO,2100,Sweden
Uber Freight,SF Bay Area,150.0,1/23/2023,0.03,Logistics,Subsidiary,2700,United States
Inmobi,"Bengaluru, Non-U.S.",50.0,1/23/2023,,Marketing,Unknown,320,India
Innovid,New York City,40.0,1/23/2023,0.1,Marketing,Post-IPO,295,United States
Booktopia,"Sydney, Non-U.S.",30.0,1/23/2023,,Retail,Series A,23,Australia
Ermetic,SF Bay Area,30.0,1/23/2023,0.17,Security,Series B,97,United States
Namogoo,"Tel Aviv, Non-U.S.",20.0,1/23/2023,0.15,Marketing,Series C,69,Israel
Camp K12,"Gurugram, Non-U.S.",,1/23/2023,0.7000000000000001,Education,Series A,16,India
Gemini,New York City,,1/23/2023,0.1,Crypto,Unknown,423,United States
Yext,New York City,,1/23/2023,0.08,Marketing,Post-IPO,117,United States
BUX,"Amsterdam, Non-U.S.",,1/22/2023,,Finance,Series C,115,Netherlands
Google,SF Bay Area,12000.0,1/20/2023,0.06,Consumer,Post-IPO,26,United States
Wayfair,Boston,1750.0,1/20/2023,0.1,Retail,Post-IPO,1700,United States
Swiggy,"Bengaluru, Non-U.S.",380.0,1/20/2023,0.06,Food,Unknown,3600,India
MediBuddy,"Bengaluru, Non-U.S.",200.0,1/20/2023,0.08,Healthcare,Acquired,192,India
Vox Media,Washington D.C.,130.0,1/20/2023,0.07,Media,Series F,307,United States
BitTorrent,SF Bay Area,92.0,1/20/2023,,Infrastructure,Acquired,,United States
Karat,Seattle,47.0,1/20/2023,,HR,Unknown,169,United States
Enjoei,"Sao Paulo, Non-U.S.",31.0,1/20/2023,0.1,Retail,Unknown,14,Brazil
Edifecs,Seattle,30.0,1/20/2023,,Healthcare,Unknown,1,United States
Citrine Informatics,SF Bay Area,22.0,1/20/2023,0.27,Data,Series C,64,United States
Avalara,Seattle,,1/20/2023,,Finance,Acquired,341,United States
Cyteir Therapeutics,Boston,,1/20/2023,0.7000000000000001,Healthcare,Series C,156,United States
Morning Consult,Washington D.C.,,1/20/2023,,Data,Series B,91,United States
TikTok,Los Angeles,,1/20/2023,,Consumer,Acquired,,United States
Zappos,Las Vegas,,1/20/2023,,Retail,Acquired,62,United States
Capital One,Washington D.C.,1100.0,1/19/2023,,Finance,Post-IPO,,United States
Proterra,SF Bay Area,300.0,1/19/2023,,Transportation,Post-IPO,1200,United States
WeWork ,New York City,300.0,1/19/2023,,Real Estate,Post-IPO,22200,United States
Hubilo,SF Bay Area,115.0,1/19/2023,0.35000000000000003,Other,Series B,153,United States
Saks.com,New York City,100.0,1/19/2023,0.05,Retail,Unknown,965,United States
CS Disco,Austin,62.0,1/19/2023,0.09,Legal,Post-IPO,233,United States
Riot Games,Los Angeles,46.0,1/19/2023,,Consumer,Acquired,21,United States
Hydrow,Boston,30.0,1/19/2023,,Fitness,Series D,269,United States
Earth Rides,Nashville,,1/19/2023,1.0,Transportation,Unknown,2,United States
Fandom,SF Bay Area,,1/19/2023,,Media,Series E,145,United States
IAM Robotics,Pittsburgh,,1/19/2023,,Hardware,Unknown,21,United States
Icertis,Seattle,,1/19/2023,,Legal,Unknown,521,United States
Magnite,Los Angeles,,1/19/2023,0.06,Marketing,Post-IPO,400,United States
Mudafy,"Mexico City, Non-U.S.",,1/19/2023,0.7000000000000001,Real Estate,Series A,13,Mexico
Personalis,SF Bay Area,,1/19/2023,0.3,Healthcare,Post-IPO,225,United States
Prisma,SF Bay Area,,1/19/2023,0.28,Data,Series B,56,United States
Spaceship,"Sydney, Non-U.S.",,1/19/2023,,Finance,Series A,41,Australia
Wallbox,"Barcelona, Non-U.S.",,1/19/2023,0.15,Energy,Post-IPO,167,Spain
Microsoft,Seattle,10000.0,1/18/2023,0.05,Other,Post-IPO,1,United States
Sophos,"Oxford, Non-U.S.",450.0,1/18/2023,0.1,Security,Acquired,125,United Kingdom
Teladoc Health,New York City,300.0,1/18/2023,0.06,Healthcare,Post-IPO,172,United States
Vroom,New York City,275.0,1/18/2023,0.2,Transportation,Post-IPO,1300,United States
8x8,SF Bay Area,155.0,1/18/2023,0.07,Support,Post-IPO,253,United States
Pagaya,"Tel Aviv, Non-U.S.",140.0,1/18/2023,0.2,Finance,Post-IPO,571,Israel
Benevity,"Calgary, Non-U.S.",137.0,1/18/2023,0.14,Other,Unknown,69,Canada
Inspirato,Denver,109.0,1/18/2023,0.12,Travel,Post-IPO,179,United States
Jumpcloud,Boulder,100.0,1/18/2023,0.12,Security,Series F,416,United States
nCino,Wilmington,100.0,1/18/2023,0.07,Finance,Post-IPO,1100,United States
Starry,Boston,100.0,1/18/2023,0.24,Other,Post-IPO,260,United States
Hootsuite,"Vancouver, Non-U.S.",70.0,1/18/2023,0.07,Marketing,Series C,300,Canada
Clue,"Berlin, Non-U.S.",31.0,1/18/2023,0.31,Healthcare,Unknown,47,Germany
Addepar,SF Bay Area,20.0,1/18/2023,0.03,Finance,Series F,491,United States
80 Acres Farms,Cincinnati,,1/18/2023,0.1,Food,Unknown,275,United States
Aiven,"Helsinki, Non-U.S.",,1/18/2023,0.2,Infrastructure,Series D,420,Finland
Bally's Interactive,Providence,,1/18/2023,0.15,Consumer,Post-IPO,946,United States
Betterfly,"Santiago, Non-U.S.",,1/18/2023,0.3,Healthcare,Series C,204,Chile
Cazoo,"London, Non-U.S.",,1/18/2023,,Transportation,Post-IPO,2000,United Kingdom
Coda,SF Bay Area,,1/18/2023,,Other,Series D,240,United States
Cypress.io,Atlanta,,1/18/2023,,Product,Series B,54,United States
Lucid Diagnostics,New York City,,1/18/2023,0.2,Healthcare,Post-IPO,,United States
Mavenir,Dallas,,1/18/2023,,Infrastructure,Acquired,854,United States
Redbubble,"Melbourne, Non-U.S.",,1/18/2023,0.14,Retail,Post-IPO,55,Australia
Lightspeed Commerce,"Montreal, Non-U.S.",300.0,1/17/2023,0.1,Retail,Post-IPO,1200,Canada
Unity,SF Bay Area,284.0,1/17/2023,0.03,Other,Post-IPO,1300,United States
Britishvolt,"London, Non-U.S.",206.0,1/17/2023,1.0,Transportation,Unknown,2400,United Kingdom
Clutch,"Toronto, Non-U.S.",150.0,1/17/2023,,Transportation,Unknown,253,Canada
Exotel,"Bengaluru, Non-U.S.",142.0,1/17/2023,0.15,Support,Series D,87,India
Unico,"Sao Paulo, Non-U.S.",110.0,1/17/2023,0.1,Other,Series D,336,Brazil
Tul,"Bogota, Non-U.S.",100.0,1/17/2023,,Construction,Series B,218,Colombia
American Robotics,Boston,50.0,1/17/2023,0.65,Other,Acquired,92,United States
Luxury Presence,Los Angeles,44.0,1/17/2023,,Real Estate,Series B,31,United States
RingCentral,SF Bay Area,30.0,1/17/2023,,Other,Post-IPO,44,United States
Avaya,Durham,,1/17/2023,,Other,Post-IPO,700,United States
Fishbrain,"Stockholm, Non-U.S.",,1/17/2023,,Consumer,Unknown,59,Sweden
GoMechanic,"Gurugram, Non-U.S.",,1/17/2023,0.7000000000000001,Transportation,Series C,54,India
LiveVox,SF Bay Area,,1/17/2023,0.16,Support,Post-IPO,12,United States
Oracle,SF Bay Area,,1/17/2023,,Other,Post-IPO,,United States
Rappi,"Buenos Aires, Non-U.S.",,1/17/2023,,Food,Unknown,2300,Argentina
RateGenius,Austin,,1/17/2023,,Finance,Acquired,2,United States
XP,"Sao Paulo, Non-U.S.",,1/17/2023,,Finance,Post-IPO,,Brazil
PagBank,"Sao Paulo, Non-U.S.",500.0,1/16/2023,0.07,Finance,Post-IPO,,Brazil
ShareChat,"Bengaluru, Non-U.S.",500.0,1/16/2023,0.2,Consumer,Series H,1700,India
Gramophone,"Indore, Non-U.S.",75.0,1/16/2023,,Food,Series B,17,India
ClearCo,"Toronto, Non-U.S.",50.0,1/16/2023,0.3,Finance,Series C,698,Canada
Dunzo,"Bengaluru, Non-U.S.",,1/16/2023,0.03,Food,Unknown,382,India
Ignition,"Sydney, Non-U.S.",,1/16/2023,0.1,Finance,Series C,74,Australia
Rebel Foods,"Mumbai, Non-U.S.",,1/16/2023,0.02,Food,Unknown,548,India
Captain Fresh ,"Bengaluru, Non-U.S.",120.0,1/15/2023,,Food,Series C,126,India
Snappy,New York City,100.0,1/15/2023,0.3,Marketing,Series C,104,United States
BharatAgri,"Mumbai, Non-U.S.",40.0,1/15/2023,0.43,Food,Series A,21,India
DeHaat,"Patna, Non-U.S.",,1/15/2023,0.05,Food,Series E,254,India
Black Shark,"Shenzen, Non-U.S.",900.0,1/13/2023,,Hardware,Unknown,,China
Ola,"Bengaluru, Non-U.S.",200.0,1/13/2023,,Transportation,Series J,5000,India
Bonterra ,Austin,140.0,1/13/2023,0.1,Other,Unknown,,United States
Vial,SF Bay Area,40.0,1/13/2023,,Healthcare,Series B,101,United States
Arch Oncology,Brisbane,,1/13/2023,1.0,Healthcare,Series C,155,United States
Carvana,Phoenix,,1/13/2023,,Transportation,Post-IPO,1600,United States
CoSchedule,Bismarck,,1/13/2023,,Marketing,Unknown,2,United States
GoCanvas,Washington D.C.,,1/13/2023,,Other,Acquired,21,United States
Jellyfish,Boston,,1/13/2023,0.09,Product,Series C,114,United States
Lending Club,SF Bay Area,225.0,1/12/2023,0.14,Finance,Post-IPO,392,United States
SmartNews,"Tokyo, Non-U.S.",120.0,1/12/2023,0.4,Media,Series F,410,Japan
Skit.ai,"Bengaluru, Non-U.S.",115.0,1/12/2023,,Support,Series B,28,India
Pier,"Sao Paulo, Non-U.S.",111.0,1/12/2023,0.39,Finance,Series B,42,Brazil
Blockchain.com,"London, Non-U.S.",110.0,1/12/2023,0.28,Crypto,Series D,490,United Kingdom
Lattice,SF Bay Area,105.0,1/12/2023,0.15,HR,Series F,328,United States
Greenlight,Atlanta,104.0,1/12/2023,0.21,Finance,Series D,556,United States
Cashfree Payments,Bengaluru,100.0,1/12/2023,,Finance,Series B,41,India
Mapbox,Washington D.C.,64.0,1/12/2023,,Data,Unknown,334,United States
Definitive Healthcare,Boston,55.0,1/12/2023,0.06,Healthcare,Post-IPO,,United States
Akili Labs,Boston,46.0,1/12/2023,0.3,Healthcare,Post-IPO,301,United States
Career Karma,SF Bay Area,22.0,1/12/2023,,Education,Series B,51,United States
Crypto.com,"Singapore, Non-U.S.",,1/12/2023,0.2,Crypto,Unknown,,Singapore
Life360,SF Bay Area,,1/12/2023,0.14,Consumer,Post-IPO,158,United States
Rock Content,Miami,,1/12/2023,0.15,Marketing,Series B,34,United States
Flexport,SF Bay Area,640.0,1/11/2023,0.2,Logistics,Series E,2400,United States
Qualtrics,Salt Lake City,270.0,1/11/2023,0.05,Other,Post-IPO,400,United States
Verily,SF Bay Area,250.0,1/11/2023,0.15,Healthcare,Subsidiary,3500,United States
Tipalti,SF Bay Area,123.0,1/11/2023,0.11,Finance,Series F,565,United States
Jumio,SF Bay Area,100.0,1/11/2023,0.06,Security,Private Equity,205,United States
CoinDCX,Mumbai,80.0,1/11/2023,,Crypto,Series D,244,India
HashiCorp,SF Bay Area,69.0,1/11/2023,,Security,Post-IPO,349,United States
Embark Vet,Boston,41.0,1/11/2023,,Healthcare,Series B,94,United States
Intrinsic,SF Bay Area,40.0,1/11/2023,0.2,Other,Acquired,,United States
Citizen,New York City,33.0,1/11/2023,,Consumer,Series C,133,United States
Carta,SF Bay Area,,1/11/2023,0.1,HR,Series G,1100,United States
Limeade,Seattle,,1/11/2023,0.15,HR,Series C,33,United States
Oyster,Charlotte,,1/11/2023,,HR,Series C,224,United States
Paddle,"London, Non-U.S.",,1/11/2023,0.08,Finance,Series D,293,United Kingdom
Coinbase,SF Bay Area,950.0,1/10/2023,0.2,Crypto,Post-IPO,549,United States
Informatica,SF Bay Area,450.0,1/10/2023,0.07,Data,Post-IPO,,United States
Blend,SF Bay Area,340.0,1/10/2023,0.28,Finance,Post-IPO,665,United States
Till Payments,"Sydney, Non-U.S.",120.0,1/10/2023,,Finance,Series C,95,Australia
ConsenSys,New York City,100.0,1/10/2023,0.11,Crypto,Series D,726,United States
ForeScout,"Tel Aviv, Non-U.S.",100.0,1/10/2023,0.1,Security,Acquired,125,Israel
Thinkific,"Vancouver, Non-U.S.",76.0,1/10/2023,0.19,Education,Post-IPO,22,Canada
LEAD,"Mumbai, Non-U.S.",60.0,1/10/2023,,Education,Series E,190,India
Parler,Nashville,60.0,1/10/2023,0.75,Consumer,Series B,36,United States
GoBolt,"Toronto, Non-U.S.",55.0,1/10/2023,0.05,Logistics,Series C,178,Canada
Relevel,"Bengaluru, Non-U.S.",40.0,1/10/2023,0.2,HR,Unknown,,India
StreamElements,"Tel Aviv, Non-U.S.",40.0,1/10/2023,0.2,Media,Series B,111,Israel
Cart.com,Austin,25.0,1/10/2023,0.04,Retail,Unknown,383,United States
100 Thieves,Los Angeles,,1/10/2023,,Retail,Series C,120,United States
Beamery,"London, Non-U.S.",,1/10/2023,0.12,HR,Series D,223,United Kingdom
Cart.com,Austin,,1/10/2023,,Retail,Unknown,383,United States
Citrix,Miami,,1/10/2023,0.15,Infrastructure,Acquired,20,United States
Esper,Seattle,,1/10/2023,0.21,Other,Series A,10,United States
WHOOP,Boston,,1/10/2023,0.04,Fitness,Series F,404,United States
Fate Therapeutics,San Diego,315.0,1/9/2023,0.5700000000000001,Healthcare,Post-IPO,1200,United States
Century Therapeutics,Philadelphia,,1/9/2023,,Healthcare,Post-IPO,560,United States
Editas Medicine,Boston,,1/9/2023,0.2,Healthcare,Post-IPO,656,United States
Scale AI,SF Bay Area,,1/9/2023,0.2,Data,Series E,602,United States
Minute Media,"London, Non-U.S.",50.0,1/8/2023,0.1,Media,Series I,160,United Kingdom
WalkMe,SF Bay Area,43.0,1/8/2023,0.03,Other,Post-IPO,307,United States
Integrate,Phoenix,,1/7/2023,,Marketing,Acquired,80,United States
Huobi,"Beijing, Non-U.S.",275.0,1/6/2023,0.2,Crypto,Unknown,2,China
Carbon Health,SF Bay Area,200.0,1/6/2023,,Healthcare,Series D,522,United States
Bounce,"Bengaluru, Non-U.S.",40.0,1/6/2023,0.05,Transportation,Series D,214,India
Aware,Columbus,,1/6/2023,,Security,Series C,88,United States
CareerArc,Los Angeles,,1/6/2023,,HR,Private Equity,30,United States
CreateMe,SF Bay Area,,1/6/2023,,Manufacturing,Unknown,,United States
Lantern,Grand Rapids,,1/6/2023,1.0,Retail,Seed,40,United States
Mojo Vision,SF Bay Area,,1/6/2023,0.75,Hardware,Series B,204,United States
SuperRare,Wilmington,,1/6/2023,0.3,Crypto,Series A,9,United States
Cue,San Diego,388.0,1/5/2023,,Healthcare,Post-IPO,999,United States
SoundHound,SF Bay Area,200.0,1/5/2023,0.5,Other,Post-IPO,326,United States
Socure,Reno,104.0,1/5/2023,0.19,Finance,Series E,646,United States
Genesis,New York City,60.0,1/5/2023,0.3,Crypto,Series A,,United States
Moglix,Singapore,40.0,1/5/2023,0.02,Retail,Series F,472,Singapore
Twitter,SF Bay Area,40.0,1/5/2023,,Consumer,Post-IPO,12900,United States
Everlane,SF Bay Area,30.0,1/5/2023,0.17,Retail,Unknown,176,United States
Pecan AI,"Tel Aviv, Non-U.S.",30.0,1/5/2023,0.25,Data,Series C,116,Israel
Personetics,New York City,30.0,1/5/2023,0.08,Support,Private Equity,178,United States
Twine Solutions ,"Tel Aviv, Non-U.S.",30.0,1/5/2023,0.33,Hardware,Unknown,50,Israel
UpScalio,Gurugram,25.0,1/5/2023,0.15,Retail,Series B,62,India
Attentive,New York City,,1/5/2023,0.15,Marketing,Series E,863,United States
Compass,New York City,,1/5/2023,,Real Estate,Post-IPO,1600,United States
Megaport,"Brisbane, Non-U.S.",,1/5/2023,,Infrastructure,Post-IPO,98,Australia
Stitch Fix,SF Bay Area,,1/5/2023,0.2,Retail,Post-IPO,79,United States
TCR2,Boston,,1/5/2023,0.4,Healthcare,Post-IPO,173,United States
Amazon,Seattle,8000.0,1/4/2023,0.02,Retail,Post-IPO,108,United States
Salesforce,SF Bay Area,8000.0,1/4/2023,0.1,Sales,Post-IPO,65,United States
Astronomer,Cincinnati,76.0,1/4/2023,0.2,Data,Series C,282,United States
Kaltura,New York City,75.0,1/4/2023,0.11,Media,Post-IPO,166,United States
Augury,New York City,20.0,1/4/2023,0.05,Manufacturing,Series E,274,United States
Butterfly Network,Boston,,1/4/2023,0.25,Healthcare,Post-IPO,530,United States
Vimeo,New York City,,1/4/2023,0.11,Consumer,Post-IPO,450,United States
Wyre,SF Bay Area,,1/4/2023,1.0,Crypto,Unknown,29,United States
Pegasystems,Boston,245.0,1/3/2023,0.04,HR,Post-IPO,,United States
Uniphore,SF Bay Area,76.0,1/3/2023,0.1,Support,Series E,620,United States
Harappa,"New Delhi, Non-U.S.",60.0,1/3/2023,0.3,Education,Acquired,,India
Bytedance,"Shanghai, Non-U.S.",,1/3/2023,0.1,Consumer,Unknown,9400,China
Amdocs,St. Louis,700.0,1/2/2023,0.03,Support,Post-IPO,,United States
Micron,Boise,4800.0,1/1/2023,0.1,Hardware,Post-IPO,50,United States
Graphcore,"Beijing, Non-U.S.",,1/1/2023,,Hardware,Series E,682,China
Ezoic,San Diego,35.0,12/31/2022,,Infrastructure,Series A,39,United States
Gousto,"London, Non-U.S.",,12/31/2022,0.14,Food,Unknown,675,United Kingdom
Mara,"Nairobi, Non-U.S.",,12/31/2022,,Crypto,Seed,23,Kenya
Bilibili,"Shanghai, Non-U.S.",,12/27/2022,0.3,Media,Post-IPO,3700,China
Octopus Network,"Beau Vallon, Non-U.S.",,12/27/2022,0.4,Crypto,Series A,8,Seychelles
PayU,"Amsterdam, Non-U.S.",150.0,12/26/2022,0.06,Finance,Acquired,,Netherlands
Element,"London, Non-U.S.",,12/25/2022,0.15,Other,Series B,96,United Kingdom
Willow,"Sydney, Non-U.S.",99.0,12/23/2022,0.22,Real Estate,Unknown,,Australia
Back Market,"Paris, Non-U.S.",93.0,12/23/2022,0.13,Retail,Series E,1000,France
Zoopla,"London, Non-U.S.",50.0,12/23/2022,,Real Estate,Series C,25,United Kingdom
Qualcomm,San Diego,153.0,12/22/2022,,Hardware,Post-IPO,,United States
TuSimple,San Diego,350.0,12/21/2022,0.25,Transportation,Post-IPO,648,United States
Lendis,"Berlin, Non-U.S.",,12/21/2022,0.5,Other,Series A,90,Germany
Chope,"Singapore, Non-U.S.",65.0,12/20/2022,0.24,Food,Series E,50,Singapore
Briza,"Toronto, Non-U.S.",26.0,12/20/2022,0.4,Finance,Series A,10,Canada
StreetBees,"London, Non-U.S.",,12/20/2022,,Data,Unknown,63,United Kingdom
Zhihu,"Beijing, Non-U.S.",,12/20/2022,0.1,Consumer,Series F,892,China
Homebot,Denver,18.0,12/19/2022,0.13,Real Estate,Acquired,4,United States
Health IQ,SF Bay Area,,12/19/2022,,Healthcare,Series D,136,United States
Xiaomi,"Beijing, Non-U.S.",,12/19/2022,,Consumer,Post-IPO,7400,China
YourGrocer,"Melbourne, Non-U.S.",,12/19/2022,1.0,Food,Unknown,2,Australia
Tomorrow,"Hamburg, Non-U.S.",30.0,12/16/2022,0.25,Finance,Unknown,29,Germany
Revelate,"Montreal, Non-U.S.",24.0,12/16/2022,0.3,Data,Series A,26,Canada
Autograph,Los Angeles,,12/16/2022,,Crypto,Series B,205,United States
E Inc.,"Toronto, Non-U.S.",,12/16/2022,,Transportation,Post-IPO,,Canada
FreshBooks,"Toronto, Non-U.S.",,12/16/2022,,Finance,Unknown,331,Canada
Improbable,"London, Non-U.S.",,12/16/2022,0.1,Other,Unknown,704,United Kingdom
Modern Treasury,SF Bay Area,,12/16/2022,0.18,Finance,Series C,183,United States
Reach,"Calgary, Non-U.S.",,12/16/2022,0.12,Retail,Series A,30,Canada
SonderMind,Denver,,12/16/2022,0.15,Healthcare,Series C,183,United States
BigCommerce,Austin,180.0,12/15/2022,0.13,Retail,Post-IPO,224,United States
Freshworks,SF Bay Area,90.0,12/15/2022,0.02,Support,Post-IPO,484,United States
LeafLink,New York City,80.0,12/15/2022,0.31,Other,Series C,379,United States
Workmotion,"Berlin, Non-U.S.",60.0,12/15/2022,0.2,HR,Series B,76,Germany
Apollo,SF Bay Area,,12/15/2022,0.15,Product,Series D,183,United States
JD.ID,"Jakarta, Non-U.S.",200.0,12/14/2022,0.3,Retail,Post-IPO,5100,Indonesia
GoStudent,"Vienna, Non-U.S.",100.0,12/14/2022,,Education,Series D,686,Austria
Quanergy Systems,SF Bay Area,72.0,12/14/2022,,Transportation,Post-IPO,175,United States
Headspace,Los Angeles,50.0,12/14/2022,0.04,Healthcare,Unknown,215,United States
ChowNow,Los Angeles,40.0,12/14/2022,0.1,Food,Series C,64,United States
Landing,Birmingham,,12/14/2022,,Real Estate,Series C,347,United States
Thumbtack,SF Bay Area,160.0,12/13/2022,0.14,Consumer,Series I,698,United States
Edgio,Phoenix,95.0,12/13/2022,0.1,Infrastructure,Post-IPO,462,United States
Komodo Health,SF Bay Area,78.0,12/13/2022,0.09,Healthcare,Series E,514,United States
Viant,Los Angeles,46.0,12/13/2022,0.13,Marketing,Post-IPO,,United States
TaxBit,Salt Lake City,,12/13/2022,,Crypto,Series B,235,United States
Pluralsight,Salt Lake City,400.0,12/12/2022,0.2,Education,Acquired,192,United States
Freshly,Phoenix,329.0,12/12/2022,,Food,Acquired,107,United States
Balto,St. Louis,35.0,12/12/2022,,Sales,Series B,51,United States
Caribou,Washington D.C.,,12/12/2022,,Finance,Series C,189,United States
Outschool,SF Bay Area,43.0,12/10/2022,0.25,Education,Series D,240,United States
Xentral,"Munich, Non-U.S.",20.0,12/10/2022,0.1,Product,Series B,94,Germany
Autobooks,Detroit,,12/10/2022,,Finance,Series C,97,United States
Convene,New York City,,12/10/2022,,Real Estate,Unknown,281,United States
PharmEasy,"Mumbai, Non-U.S.",,12/10/2022,,Healthcare,Unknown,1600,India
Playtika,"Tel Aviv, Non-U.S.",600.0,12/9/2022,0.15,Consumer,Post-IPO,,Israel
Unity,"Utrecht, Non-U.S.",300.0,12/9/2022,0.1,Retail,Acquired,,Netherlands
Share Now,"Berlin, Non-U.S.",150.0,12/9/2022,0.36,Transportation,Acquired,,Germany
Alice,"Sao Paulo, Non-U.S.",113.0,12/9/2022,0.16,Healthcare,Series C,174,Brazil
Primer,"London, Non-U.S.",85.0,12/9/2022,0.33,Finance,Series B,73,United Kingdom
OneFootball,"Berlin, Non-U.S.",62.0,12/9/2022,0.115,Marketing,Series D,442,Germany
C2FO,Kansas City,20.0,12/9/2022,0.02,Finance,Series H,537,United States
Brodmann17,"Tel Aviv, Non-U.S.",,12/9/2022,1.0,Other,Series A,25,Israel
Digital Surge,"Brisbane, Non-U.S.",,12/9/2022,1.0,Crypto,Unknown,,Australia
N-able Technologies,Raleigh,,12/9/2022,,Other,Post-IPO,225,United States
ZenLedger,Seattle,,12/9/2022,0.1,Crypto,Series B,25,United States
Airtable,SF Bay Area,254.0,12/8/2022,0.2,Product,Series F,1400,United States
Swiggy,"Bengaluru, Non-U.S.",250.0,12/8/2022,0.03,Food,Unknown,3600,India
Glints,"Singapore, Non-U.S.",198.0,12/8/2022,0.18,HR,Series D,82,Singapore
Buser,"Sao Paulo, Non-U.S.",160.0,12/8/2022,0.3,Transportation,Series C,138,Brazil
BlackLine,Los Angeles,95.0,12/8/2022,0.05,Finance,Private Equity,220,United States
Chrono24,"Karlsruhe, Non-U.S.",80.0,12/8/2022,,Retail,Series C,205,Germany
Otonomo,"Tel Aviv, Non-U.S.",80.0,12/8/2022,0.5,Transportation,Post-IPO,231,Israel
TechTarget,Boston,60.0,12/8/2022,0.05,Marketing,Post-IPO,115,United States
Inscripta,Boulder,43.0,12/8/2022,,Healthcare,Series E,459,United States
CyCognito,SF Bay Area,30.0,12/8/2022,0.15,Security,Series C,153,United States
Armis,SF Bay Area,25.0,12/8/2022,0.04,Security,Private Equity,537,United States
Bakkt,Atlanta,,12/8/2022,0.15,Crypto,Post-IPO,932,United States
Blue Apron,New York City,,12/8/2022,0.1,Food,Post-IPO,352,United States
FireHydrant,New York City,,12/8/2022,,Infrastructure,Series B,32,United States
Lenovo,Raleigh,,12/8/2022,,Hardware,Post-IPO,850,United States
Nerdy,St. Louis,,12/8/2022,0.17,Education,Post-IPO,150,United States
Vanta,SF Bay Area,,12/8/2022,0.14,Security,Series B,203,United States
Vedantu,"Bengaluru, Non-U.S.",385.0,12/7/2022,,Education,Series E,292,India
Loft,"Sao Paulo, Non-U.S.",312.0,12/7/2022,0.12,Real Estate,Unknown,788,Brazil
Plaid,SF Bay Area,260.0,12/7/2022,0.2,Finance,Series D,734,United States
Motive,SF Bay Area,237.0,12/7/2022,0.06,Transportation,Series F,567,United States
Recur Forever,Miami,235.0,12/7/2022,,Crypto,Series A,55,United States
Relativity,Chicago,150.0,12/7/2022,0.1,Legal,Private Equity,125,United States
Voi,"Stockholm, Non-U.S.",130.0,12/7/2022,0.13,Transportation,Series D,515,Sweden
Integral Ad Science,New York City,120.0,12/7/2022,0.13,Marketing,Acquired,116,United States
Houzz,SF Bay Area,95.0,12/7/2022,0.08,Consumer,Series E,613,United States
Grover,"Berlin, Non-U.S.",40.0,12/7/2022,0.1,Retail,Unknown,2300,Germany
Lev,New York City,30.0,12/7/2022,0.3,Real Estate,Series B,114,United States
Lithic,New York City,27.0,12/7/2022,0.18,Finance,Series C,115,United States
CircleCI,SF Bay Area,,12/7/2022,0.17,Product,Series F,315,United States
Detectify,"Stockholm, Non-U.S.",,12/7/2022,,Security,Unknown,42,Sweden
Sayurbox,"Jakarta, Non-U.S.",,12/7/2022,0.05,Food,Series C,139,Indonesia
Zywave,Milwaukee,,12/7/2022,,Finance,Acquired,,United States
Doma,SF Bay Area,515.0,12/6/2022,0.4,Finance,Post-IPO,679,United States
Intel,SF Bay Area,201.0,12/6/2022,,Hardware,Post-IPO,12,United States
BuzzFeed,New York City,180.0,12/6/2022,0.12,Media,Post-IPO,696,United States
Weedmaps,Los Angeles,175.0,12/6/2022,0.25,Other,Acquired,,United States
Adobe,SF Bay Area,100.0,12/6/2022,,Marketing,Post-IPO,2,United States
Chipper Cash,SF Bay Area,50.0,12/6/2022,0.125,Finance,Series C,302,United States
Stash,New York City,32.0,12/6/2022,0.08,Finance,Unknown,480,United States
Perimeter 81,"Tel Aviv, Non-U.S.",20.0,12/6/2022,0.08,Security,Series C,165,Israel
Koinly,"London, Non-U.S.",16.0,12/6/2022,0.14,Crypto,Unknown,,United Kingdom
Bridgit,"Waterloo, Non-U.S.",13.0,12/6/2022,0.13,Construction,Series B,36,Canada
Filevine,Salt Lake City,,12/6/2022,,Legal,Series D,226,United States
Moove,"Lagos, Non-U.S.",,12/6/2022,,Transportation,Unknown,630,Nigeria
Nextiva,Phoenix,,12/6/2022,0.17,Other,Private Equity,200,United States
OneStudyTeam,Boston,,12/6/2022,0.25,Healthcare,Series D,479,United States
Zuora,SF Bay Area,,12/6/2022,0.11,Finance,Post-IPO,647,United States
Swyftx,"Brisbane, Non-U.S.",90.0,12/5/2022,0.4,Crypto,Unknown,,Australia
Aqua Security,Boston,65.0,12/5/2022,0.1,Security,Series E,265,United States
DataRails,"Tel Aviv, Non-U.S.",30.0,12/5/2022,0.18,Finance,Series B,103,Israel
Elemy,SF Bay Area,,12/5/2022,,Healthcare,Series B,323,United States
Route,Lehi,,12/5/2022,,Retail,Unknown,481,United States
Thinkific,"Vancouver, Non-U.S.",,12/5/2022,,Education,Post-IPO,22,Canada
OYO,"Gurugram, Non-U.S.",600.0,12/3/2022,,Travel,Series F,4000,India
HealthifyMe,Bengaluru,150.0,12/3/2022,,Fitness,Series C,100,India
Bybit,"Singapore, Non-U.S.",,12/3/2022,0.3,Crypto,Unknown,,Singapore
Cognyte,"Tel Aviv, Non-U.S.",100.0,12/2/2022,0.05,Security,Unknown,,Israel
ShareChat,"Bengaluru, Non-U.S.",100.0,12/2/2022,,Consumer,Unknown,1700,India
Polly,Burlington,47.0,12/2/2022,0.15,Finance,Series C,184,United States
FNZ,"London, Non-U.S.",,12/2/2022,,Finance,Private Equity,3500,United Kingdom
Homebound,SF Bay Area,,12/2/2022,,Real Estate,Unknown,128,United States
Lora DiCarlo,Bend,,12/2/2022,1.0,Consumer,Unknown,9,United States
Carousell,"Singapore, Non-U.S.",110.0,12/1/2022,0.1,Retail,Private Equity,372,Singapore
Bizzabo,New York City,100.0,12/1/2022,0.37,Marketing,Series E,194,United States
BloomTech,SF Bay Area,88.0,12/1/2022,0.5,Education,Unknown,,United States
Netlify,SF Bay Area,48.0,12/1/2022,0.16,Product,Series D,212,United States
Springbig,Miami,37.0,12/1/2022,0.23,Sales,Post-IPO,32,United States
Podium,Lehi,,12/1/2022,0.12,Support,Series D,419,United States
SQZ Biotech,Boston,,12/1/2022,0.6,Healthcare,Post-IPO,229,United States
Strava,SF Bay Area,,12/1/2022,0.14,Fitness,Series F,151,United States
Synlogic,Boston,,12/1/2022,0.25,Healthcare,Post-IPO,321,United States
Yapily,"London, Non-U.S.",,12/1/2022,,Finance,Series A,69,United Kingdom
DoorDash,SF Bay Area,1250.0,11/30/2022,0.06,Food,Post-IPO,2500,United States
Kraken,SF Bay Area,1100.0,11/30/2022,0.3,Crypto,Unknown,134,United States
Happy Money,Los Angeles,158.0,11/30/2022,0.34,Finance,Series D,191,United States
Ula,"Jakarta, Non-U.S.",134.0,11/30/2022,0.23,Retail,Series B,140,Indonesia
Wonder,New York City,130.0,11/30/2022,0.07,Food,Series B,850,United States
StudySmarter,"Berlin, Non-U.S.",70.0,11/30/2022,,Education,Series A,64,Germany
Grin,Sacramento,60.0,11/30/2022,0.13,Marketing,Series B,145,United States
Ualá,"Buenos Aires, Non-U.S.",53.0,11/30/2022,0.03,Finance,Series D,544,Argentina
Teachmint,"Bengaluru, Non-U.S.",45.0,11/30/2022,0.05,Education,Series B,118,India
Etermax,"Buenos Aires, Non-U.S.",40.0,11/30/2022,,Other,Unknown,,Argentina
Thread,"London, Non-U.S.",30.0,11/30/2022,0.5,Retail,Acquired,40,United Kingdom
Nexar,New York City,25.0,11/30/2022,,Transportation,Series D,149,United States
Elastic,SF Bay Area,,11/30/2022,0.13,Data,Post-IPO,162,United States
Motional,Boston,,11/30/2022,,Transportation,Unknown,,United States
Pinterest,SF Bay Area,,11/30/2022,,Consumer,Post-IPO,1500,United States
Sana,Seattle,,11/30/2022,0.15,Healthcare,Series A,700,United States
Venafi,Salt Lake City,,11/30/2022,,Security,Acquired,167,United States
Bitso,"Mexico City, Non-U.S.",100.0,11/29/2022,,Crypto,Series C,378,Mexico
Lyst,"London, Non-U.S.",50.0,11/29/2022,0.25,Retail,Unknown,144,United Kingdom
CoinJar,"Melbourne, Non-U.S.",10.0,11/29/2022,0.2,Crypto,Unknown,1,Australia
Bitfront,SF Bay Area,,11/29/2022,1.0,Crypto,Unknown,,United States
Codexis,SF Bay Area,,11/29/2022,0.18,Healthcare,Post-IPO,162,United States
Firework,SF Bay Area,,11/29/2022,0.1,Retail,Series B,269,United States
Lazerpay,"Lagos, Non-U.S.",,11/29/2022,,Crypto,Unknown,,Nigeria
MessageBird,"Amsterdam, Non-U.S.",,11/29/2022,0.31,Other,Series C,1100,Netherlands
Plerk,"Guadalajara, Non-U.S.",,11/29/2022,0.4,Finance,Series A,13,Mexico
Proton.ai,Boston,,11/29/2022,,Sales,Series A,20,United States
Infarm,"Berlin, Non-U.S.",500.0,11/28/2022,0.5,Other,Series D,604,Germany
Wildlife Studios,"Sao Paulo, Non-U.S.",300.0,11/28/2022,0.2,Consumer,Unknown,260,Brazil
Hirect,"Bengaluru, Non-U.S.",200.0,11/28/2022,0.4,Recruiting,Series A,,India
ApplyBoard,"Waterloo, Non-U.S.",90.0,11/28/2022,0.06,Education,Series D,483,Canada
Ajaib,"Jakarta, Non-U.S.",67.0,11/28/2022,0.08,Finance,Unknown,245,Indonesia
Candy Digital,New York City,33.0,11/28/2022,0.33,Crypto,Series A,100,United States
ResearchGate,"Berlin, Non-U.S.",25.0,11/28/2022,0.1,Other,Series D,87,Germany
BlockFi,New York City,,11/28/2022,1.0,Crypto,Series E,1000,United States
FutureLearn,"London, Non-U.S.",,11/28/2022,,Education,Unknown,50,United Kingdom
Inspectify,Seattle,,11/28/2022,,Real Estate,Series A,11,United States
Ledn,"Toronto, Non-U.S.",,11/28/2022,,Crypto,Series B,103,Canada
NCX,SF Bay Area,,11/28/2022,0.4,Energy,Series B,78,United States
Spora Health,SF Bay Area,,11/28/2022,1.0,Healthcare,Seed,4,United States
Change Invest,"Amsterdam, Non-U.S.",,11/27/2022,0.24,Finance,Unknown,22,Netherlands
Zilch,"London, Non-U.S.",,11/26/2022,,Finance,Unknown,389,United Kingdom
VerSe Innovation,"Bengaluru, Non-U.S.",150.0,11/25/2022,0.05,Media,Series J,1700,India
Carwow,"London, Non-U.S.",70.0,11/25/2022,0.2,Transportation,Unknown,157,United Kingdom
Vendease,"Lagos, Non-U.S.",27.0,11/25/2022,0.09,Food,Series A,43,Nigeria
Lemon,"Buenos Aires, Non-U.S.",100.0,11/24/2022,0.38,Crypto,Series A,17,Argentina
Quidax,"Lagos, Non-U.S.",20.0,11/24/2022,0.2,Crypto,Unknown,3,Nigeria
Menulog,"Sydney, Non-U.S.",,11/24/2022,,Food,Acquired,,Australia
Utopia Music,"Zug, Non-U.S.",,11/24/2022,,Media,Series B,,Switzerland
Assure,Salt Lake City,,11/23/2022,1.0,Finance,Seed,2,United States
GoodGood,"Toronto, Non-U.S.",,11/23/2022,1.0,Retail,Seed,6,Canada
Muni Tienda,"Bogota, Non-U.S.",,11/23/2022,1.0,Other,Series A,20,Colombia
SWVL,"Cairo, Non-U.S.",,11/23/2022,0.5,Transportation,Post-IPO,264,Egypt
Western Digital,SF Bay Area,251.0,11/22/2022,,Hardware,Post-IPO,900,United States
SIRCLO,"Jakarta, Non-U.S.",160.0,11/22/2022,0.08,Retail,Series B,92,Indonesia
Movidesk,"Blumenau, Non-U.S.",118.0,11/22/2022,,Support,Acquired,11,Brazil
Trax,"Singapore, Non-U.S.",80.0,11/22/2022,0.08,Retail,Series E,1000,Singapore
Flash Coffee,"Singapore, Non-U.S.",,11/22/2022,,Food,Series B,57,Singapore
Natera,SF Bay Area,,11/22/2022,,Healthcare,Post-IPO,809,United States
Rapyd,"Tel Aviv, Non-U.S.",,11/22/2022,,Finance,Unknown,770,Israel
Reynen Court,"Amsterdam, Non-U.S.",,11/22/2022,,Legal,Unknown,23,Netherlands
Jumia,"Lagos, Non-U.S.",900.0,11/21/2022,0.2,Retail,Post-IPO,1200,Nigeria
Kitopi,"Dubai, Non-U.S.",93.0,11/21/2022,0.1,Food,Series C,804,UAE
Devo,Boston,,11/21/2022,0.15,Security,Series F,481,United States
GloriFi,Dallas,,11/21/2022,1.0,Finance,Unknown,,United States
Zomato,"Gurugram, Non-U.S.",100.0,11/19/2022,0.04,Food,Series J,914,India
Carvana,Phoenix,1500.0,11/18/2022,0.08,Transportation,Post-IPO,1600,United States
Nuro,SF Bay Area,300.0,11/18/2022,0.2,Transportation,Series D,2100,United States
Synthego,SF Bay Area,105.0,11/18/2022,0.2,Healthcare,Series E,459,United States
Splyt,"London, Non-U.S.",57.0,11/18/2022,,Transportation,Series B,34,United Kingdom
Capitolis,New York City,,11/18/2022,0.25,Finance,Series D,281,United States
Kavak,"Sao Paulo, Non-U.S.",,11/18/2022,,Transportation,Series E,1600,Brazil
Metaplex,Chicago,,11/18/2022,,Crypto,Unknown,,United States
Ruangguru,"Jakarta, Non-U.S.",,11/18/2022,,Education,Unknown,205,Indonesia
StoryBlocks,Washington D.C.,,11/18/2022,0.25,Media,Acquired,18,United States
Unchained Capital,Austin,,11/18/2022,0.15,Crypto,Series A,33,United States
Roku,SF Bay Area,200.0,11/17/2022,0.07,Media,Post-IPO,208,United States
Orchard,New York City,180.0,11/17/2022,,Real Estate,Series D,472,United States
Homepoint,Phoenix,113.0,11/17/2022,,Real Estate,Post-IPO,,United States
Juni,"Gothenburg, Non-U.S.",72.0,11/17/2022,0.33,Finance,Unknown,281,Sweden
Chili Piper,New York City,58.0,11/17/2022,,Sales,Series B,54,United States
Capitolis,New York City,37.0,11/17/2022,0.25,Finance,Series D,281,United States
TealBook,"Toronto, Non-U.S.",34.0,11/17/2022,0.19,Other,Series B,73,Canada
Koho,"Toronto, Non-U.S.",15.0,11/17/2022,0.04,Finance,Series D,278,Canada
&Open,"Dublin, Non-U.S.",9.0,11/17/2022,0.09,Marketing,Series A,35,Ireland
Kandji,San Diego,,11/17/2022,0.17,Other,Series C,188,United States
Morning Brew,New York City,,11/17/2022,0.14,Media,Acquired,,United States
Symend,"Calgary, Non-U.S.",,11/17/2022,0.13,Other,Series C,148,Canada
Amazon,Seattle,10000.0,11/16/2022,0.03,Retail,Post-IPO,108,United States
Cisco,SF Bay Area,4100.0,11/16/2022,0.05,Infrastructure,Post-IPO,2,United States
Twiga,"Nairobi, Non-U.S.",211.0,11/16/2022,0.21,Food,Series C,157,Kenya
Wayflyer,"Dublin, Non-U.S.",200.0,11/16/2022,0.4,Marketing,Unknown,889,Ireland
Similarweb,New York City,120.0,11/16/2022,0.1,Other,Post-IPO,235,United States
Salsify,Boston,90.0,11/16/2022,0.11,Retail,Series F,452,United States
Lokalise,Dover,76.0,11/16/2022,0.23,Other,Series B,56,United States
Yotpo,New York City,70.0,11/16/2022,0.09,Marketing,Unknown,436,United States
Pear Therapeutics,Boston,59.0,11/16/2022,0.22,Healthcare,Post-IPO,409,United States
D2L,"Waterloo, Non-U.S.",,11/16/2022,0.05,Education,Post-IPO,168,Canada
Dance,"Berlin, Non-U.S.",,11/16/2022,0.16,Transportation,Unknown,63,Germany
Homeward,Austin,,11/16/2022,0.25,Real Estate,Unknown,501,United States
Hopin,"London, Non-U.S.",,11/16/2022,0.17,Other,Series D,1000,United Kingdom
Infogrid,"London, Non-U.S.",,11/16/2022,,Other,Series A,15,United Kingdom
Kite,SF Bay Area,,11/16/2022,1.0,Product,Series A,21,United States
UiPath,New York City,241.0,11/15/2022,0.06,Data,Post-IPO,2000,United States
Asana,SF Bay Area,180.0,11/15/2022,0.09,Other,Post-IPO,453,United States
OwnBackup,New York City,170.0,11/15/2022,0.17,Security,Series E,507,United States
Deliveroo Australia,"Melbourne, Victoria",120.0,11/15/2022,1.0,Food,Post-IPO,1700,Australia
Productboard,SF Bay Area,100.0,11/15/2022,0.2,Product,Series D,,United States
Properly,"Toronto, Non-U.S.",71.0,11/15/2022,,Real Estate,Series B,154,Canada
Protocol,SF Bay Area,60.0,11/15/2022,1.0,Media,Acquired,,United States
Jimdo,"Hamburg, Non-U.S.",50.0,11/15/2022,0.16,Other,Unknown,28,Germany
The Zebra,Austin,50.0,11/15/2022,,Finance,Series D,256,United States
Viber,"Luxembourg, Non-U.S.",45.0,11/15/2022,0.08,Consumer,Acquired,,Luxembourg
CaptivateIQ,SF Bay Area,31.0,11/15/2022,0.1,Sales,Series C,164,United States
Apollo Insurance,"Vancouver, Non-U.S.",,11/15/2022,0.25,Finance,Series B,11,Canada
Nirvana Money,Miami,,11/15/2022,1.0,Finance,Unknown,,United States
Oatly,"Malmö, Non-U.S.",,11/15/2022,,Food,Post-IPO,441,Sweden
OfferUp,Seattle,,11/15/2022,0.19,Retail,Unknown,381,United States
Outside,Boulder,,11/15/2022,0.12,Media,Series B,174,United States
Rubicon Technologies,Lexington,,11/15/2022,0.11,Other,Post-IPO,382,United States
Tencent,"Shenzen, Non-U.S.",,11/15/2022,,Consumer,Post-IPO,12600,China
Typeform,"Barcelona, Non-U.S.",,11/15/2022,,Marketing,Series C,187,Spain
Whispir,"Melbourne, Non-U.S.",,11/15/2022,0.3,Other,Post-IPO,68,Australia
Illumina,San Diego,500.0,11/14/2022,0.05,Healthcare,Post-IPO,28,United States
Sema4,Stamford,500.0,11/14/2022,,Healthcare,Post-IPO,791,United States
iFit,Logan,300.0,11/14/2022,0.2,Fitness,Private Equity,200,United States
Ribbon,New York City,170.0,11/14/2022,0.85,Real Estate,Series C,405,United States
Pipedrive,"Tallinn, Non-U.S.",143.0,11/14/2022,0.15,Sales,Private Equity,90,Estonia
Intercom,SF Bay Area,124.0,11/14/2022,0.13,Support,Series D,240,United States
Science 37 ,Los Angeles,90.0,11/14/2022,,Healthcare,Post-IPO,347,United States
Pear Therapeutics,Boston,59.0,11/14/2022,0.22,Healthcare,Post-IPO,409,United States
Cardlytics,Atlanta,51.0,11/14/2022,,Marketing,Post-IPO,212,United States
Cloudinary,SF Bay Area,40.0,11/14/2022,0.08,Media,Unknown,100,United States
Nestcoin,"Lagos, Non-U.S.",30.0,11/14/2022,,Crypto,Seed,6,Nigeria
Gokada,"Lagos, Non-U.S.",20.0,11/14/2022,,Transportation,Unknown,12,Nigeria
Shopee,"Jakarta, Non-U.S.",,11/14/2022,,Food,Unknown,,Indonesia
Tricida,SF Bay Area,,11/14/2022,0.5700000000000001,Healthcare,Post-IPO,624,United States
Veev,SF Bay Area,100.0,11/11/2022,0.3,Real Estate,Series D,597,United States
Forto,"Berlin, Non-U.S.",60.0,11/11/2022,0.08,Logistics,Series D,593,Germany
Chipax,"Santiago, Non-U.S.",,11/11/2022,,Finance,Seed,2,Chile
Juniper,Atlanta,,11/11/2022,,Marketing,Acquired,,United States
Offerpad,Phoenix,,11/11/2022,0.07,Real Estate,Post-IPO,355,United States
GoTo Group,"Jakarta, Non-U.S.",1300.0,11/10/2022,0.12,Transportation,Post-IPO,1300,Indonesia
Juul,SF Bay Area,400.0,11/10/2022,0.3,Consumer,Unknown,1500,United States
Blend,SF Bay Area,100.0,11/10/2022,0.06,Finance,Post-IPO,665,United States
InfluxData,SF Bay Area,65.0,11/10/2022,0.27,Data,Series D,119,United States
Coinbase,SF Bay Area,60.0,11/10/2022,,Crypto,Post-IPO,549,United States
SoundHound,SF Bay Area,45.0,11/10/2022,0.1,Other,Post-IPO,326,United States
Wistia,Boston,40.0,11/10/2022,,Marketing,Unknown,18,United States
Ocavu,Lehi,20.0,11/10/2022,0.48,Crypto,Series A,11,United States
Avast,Phoenix,,11/10/2022,0.25,Security,Unknown,,United States
Reforge,SF Bay Area,,11/10/2022,,Education,Series B,81,United States
SendCloud,"Eindhoven, Non-U.S.",,11/10/2022,0.1,Logistics,Series C,200,Netherlands
Voly,"Sydney, Non-U.S.",,11/10/2022,,Food,Seed,13,Australia
Wavely,SF Bay Area,,11/10/2022,1.0,HR,Unknown,,United States
ZenBusiness,Austin,,11/10/2022,,Other,Series C,277,United States
Meta,SF Bay Area,11000.0,11/9/2022,0.13,Consumer,Post-IPO,26000,United States
Redfin,Seattle,862.0,11/9/2022,0.13,Real Estate,Post-IPO,320,United States
Flyhomes,Seattle,300.0,11/9/2022,0.4,Real Estate,Series C,310,United States
AvantStay,Los Angeles,144.0,11/9/2022,0.22,Travel,Private Equity,686,United States
Root Insurance,Columbus,137.0,11/9/2022,0.2,Finance,Post-IPO,527,United States
Liftoff,SF Bay Area,130.0,11/9/2022,0.15,Marketing,Acquired,6,United States
Cameo,Chicago,80.0,11/9/2022,,Consumer,Unknown,165,United States
Plum,"Bengaluru, Non-U.S.",36.0,11/9/2022,0.1,Healthcare,Series A,20,India
Kabam,SF Bay Area,35.0,11/9/2022,0.07,Consumer,Acquired,244,United States
HighRadius,"Bengaluru, Non-U.S.",25.0,11/9/2022,,Finance,Series C,475,India
Namogoo,"Tel Aviv, Non-U.S.",25.0,11/9/2022,0.15,Marketing,Series C,69,Israel
Amobee,SF Bay Area,,11/9/2022,,Marketing,Acquired,72,United States
CloudFactory,"Nairobi, Non-U.S.",,11/9/2022,0.12,Data,Private Equity,78,Kenya
Coursera,SF Bay Area,,11/9/2022,,Education,Post-IPO,458,United States
Faze Medicines,Boston,,11/9/2022,1.0,Healthcare,Series B,81,United States
RingCentral,SF Bay Area,,11/9/2022,0.1,Other,Post-IPO,44,United States
Spotify,"Stockholm, Non-U.S.",,11/9/2022,,Media,Post-IPO,2100,Sweden
EverBridge,Boston,200.0,11/8/2022,,Other,Post-IPO,476,United States
Repertoire Immune Medicines,Boston,65.0,11/8/2022,0.5,Healthcare,Series B,257,United States
Astra,SF Bay Area,,11/8/2022,0.16,Aerospace,Post-IPO,300,United States
Beat,"Athens, Non-U.S.",,11/8/2022,,Transportation,Series B,6,Greece
NanoString,Seattle,,11/8/2022,0.1,Healthcare,Post-IPO,731,United States
SADA,Los Angeles,,11/8/2022,0.11,Other,Acquired,,United States
Salesforce,SF Bay Area,1000.0,11/7/2022,0.01,Sales,Post-IPO,65,United States
Unacademy,"Bengaluru, Non-U.S.",350.0,11/7/2022,0.1,Education,Series H,838,India
Zendesk,SF Bay Area,350.0,11/7/2022,0.05,Support,Acquired,85,United States
Dock,"Sao Paulo, Non-U.S.",190.0,11/7/2022,0.12,Finance,Private Equity,280,Brazil
Code42,Minneapolis,,11/7/2022,0.15,Security,Unknown,137,United States
Domino Data Lab,SF Bay Area,,11/7/2022,0.25,Data,Series F,223,United States
Varonis,New York City,110.0,11/6/2022,0.05,Security,Post-IPO,30,United States
Brainly,"Krakow, Non-U.S.",25.0,11/6/2022,,Education,Series D,148,Poland
Practically,"Hyderabad, Non-U.S.",,11/6/2022,,Education,Unknown,14,India
Twitter,SF Bay Area,3700.0,11/4/2022,0.5,Consumer,Post-IPO,12900,United States
Udaan,"Bengaluru, Non-U.S.",350.0,11/4/2022,,Retail,Unknown,1500,India
Planetly,"Berlin, Non-U.S.",200.0,11/4/2022,1.0,Other,Acquired,5,Germany
KoinWorks,"Jakarta, Non-U.S.",70.0,11/4/2022,0.08,Finance,Unknown,180,Indonesia
Exodus,Nebraska City,59.0,11/4/2022,0.22,Crypto,Unknown,60,United States
Benitago Group,New York City,,11/4/2022,0.14,Retail,Series A,380,United States
Mythical Games,Los Angeles,,11/4/2022,0.1,Crypto,Series C,260,United States
Stripe,SF Bay Area,1000.0,11/3/2022,0.14,Finance,Series H,2300,United States
Lyft,SF Bay Area,700.0,11/3/2022,0.13,Transportation,Post-IPO,4900,United States
LendingTree,Charlotte,200.0,11/3/2022,,Finance,Post-IPO,,United States
Pleo,"Copenhagen, Non-U.S.",150.0,11/3/2022,0.15,Finance,Series C,428,Denmark
Delivery Hero,"Berlin, Non-U.S.",100.0,11/3/2022,,Food,Post-IPO,8300,Germany
Shippo,SF Bay Area,60.0,11/3/2022,0.2,Logistics,Series E,154,United States
Affirm,SF Bay Area,,11/3/2022,0.01,Finance,Post-IPO,1500,United States
CloudKitchens,Los Angeles,,11/3/2022,,Real Estate,Unknown,1300,United States
LiveRamp,SF Bay Area,,11/3/2022,0.1,Marketing,Post-IPO,16,United States
Provi,Chicago,,11/3/2022,,Food,Series C,150,United States
Rubius,Boston,,11/3/2022,0.8200000000000001,Healthcare,Post-IPO,445,United States
Snapdocs,SF Bay Area,,11/3/2022,0.15,Real Estate,Series D,253,United States
Studio,SF Bay Area,,11/3/2022,,Education,Series B,50,United States
Opendoor,SF Bay Area,550.0,11/2/2022,0.18,Real Estate,Post-IPO,1900,United States
Chime,SF Bay Area,156.0,11/2/2022,0.12,Finance,Series G,2300,United States
Chargebee,SF Bay Area,142.0,11/2/2022,0.1,Finance,Series H,468,United States
Dapper Labs,"Vancouver, Non-U.S.",134.0,11/2/2022,0.22,Crypto,Series D,607,Canada
Checkmarx,"Tel Aviv, Non-U.S.",100.0,11/2/2022,0.1,Security,Series C,92,Israel
Smava,"Berlin, Non-U.S.",100.0,11/2/2022,0.15,Finance,Unknown,188,Germany
Iron Ox,SF Bay Area,50.0,11/2/2022,0.5,Food,Series C,103,United States
Digital Currency Gruop,Stamford,10.0,11/2/2022,0.13,Crypto,Unknown,,United States
BitMEX,Non-U.S.,,11/2/2022,0.3,Crypto,Seed,,Seychelles
Signicat,Trondheim,,11/2/2022,,Security,Acquired,8,Norway
Argo AI,SF Bay Area,259.0,11/1/2022,,Transportation,Unknown,3600,United States
Booking.com,Grand Rapids,226.0,11/1/2022,,Travel,Acquired,,United States
Oracle,SF Bay Area,200.0,11/1/2022,,Other,Post-IPO,,United States
Upstart,SF Bay Area,140.0,11/1/2022,0.07,Finance,Post-IPO,144,United States
Gem,SF Bay Area,100.0,11/1/2022,0.33,Recruiting,Series C,148,United States
Oda,"Oslo, Non-U.S.",70.0,11/1/2022,0.18,Food,Unknown,377,Sweden
Oda,"Oslo, Non-U.S.",70.0,11/1/2022,0.18,Food,Unknown,477,Norway
Oda,"Oslo, Non-U.S.",70.0,11/1/2022,0.06,Food,Unknown,479,Norway
Hootsuite,"Vancouver, Non-U.S.",50.0,11/1/2022,0.05,Marketing,Series C,300,Canada
Drop,"Toronto, Non-U.S.",24.0,11/1/2022,,Marketing,Series B,56,Canada
Tapps Games,"Sao Paulo, Non-U.S.",10.0,11/1/2022,,Consumer,Unknown,,Brazil
Brightline,SF Bay Area,,11/1/2022,0.2,Healthcare,Series C,212,United States
Help Scout,Boston,,11/1/2022,,Support,Series B,28,United States
Kry,"Stockholm, Non-U.S.",300.0,10/31/2022,0.1,Healthcare,Series D,568,Sweden
Notarize,Boston,60.0,10/31/2022,,Legal,Series D,213,United States
EquityZen,New York City,30.0,10/31/2022,0.27,Finance,Series B,11,United States
Equitybee,SF Bay Area,25.0,10/31/2022,0.2,Finance,Series B,85,United States
Dukaan,"Bengaluru, Non-U.S.",23.0,10/31/2022,,Retail,Series A,17,India
Doubtnut,"Gurugram, Non-U.S.",,10/31/2022,0.3,Education,Series B,49,India
Amazon,Seattle,150.0,10/28/2022,,Retail,Post-IPO,108,United States
Fifth Season,Pittsburgh,100.0,10/28/2022,1.0,Food,Series B,35,United States
Advata,Seattle,32.0,10/28/2022,0.21,Healthcare,,,United States
Springlane,"Düsseldorf, Non-U.S.",,10/28/2022,0.35000000000000003,Food,Series C,11,Germany
RenoRun,"Montreal, Non-U.S.",210.0,10/27/2022,0.43,Construction,Series B,163,Canada
Recharge,Los Angeles,84.0,10/27/2022,0.17,Finance,Series B,277,United States
Lattice,SF Bay Area,13.0,10/27/2022,,HR,Series F,328,United States
GoNuts,"Mumbai, Non-U.S.",,10/27/2022,1.0,Media,Seed,,India
Spreetail,Austin,,10/27/2022,,Retail,,,United States
Seagate,SF Bay Area,3000.0,10/26/2022,0.08,Hardware,Post-IPO,,United States
MindBody,San Luis Obispo,400.0,10/26/2022,0.15,Fitness,Post-IPO,114,United States
Zillow,Seattle,300.0,10/26/2022,0.05,Real Estate,Post-IPO,97,United States
Cybereason,Boston,200.0,10/26/2022,0.17,Security,Series F,750,United States
Argo AI,Pittsburgh,173.0,10/26/2022,,Transportation,Unknown,3600,United States
GoFundMe,SF Bay Area,94.0,10/26/2022,0.12,Finance,Series A,,United States
Carbon,SF Bay Area,,10/26/2022,,Hardware,Series E,683,United States
Fundbox,SF Bay Area,150.0,10/25/2022,0.42,Finance,Series D,553,United States
Embroker,SF Bay Area,30.0,10/25/2022,0.12,Finance,Series C,142,United States
Vee,"Tel Aviv, Non-U.S.",17.0,10/25/2022,0.5,HR,Seed,15,Israel
Callisto Media,SF Bay Area,,10/25/2022,0.35000000000000003,Media,Series D,,United States
Convoy,Seattle,,10/25/2022,,Logistics,Series E,1100,United States
Philips,"Amsterdam, Non-U.S.",4000.0,10/24/2022,0.05,Healthcare,Post-IPO,,Netherlands
Cerebral,SF Bay Area,400.0,10/24/2022,0.2,Healthcare,Series C,462,United States
Snyk,Boston,198.0,10/24/2022,0.14,Security,Series F,849,United States
McMakler,"Berlin, Non-U.S.",100.0,10/24/2022,,Real Estate,Unknown,214,Germany
Unico,"Sao Paulo, Non-U.S.",50.0,10/24/2022,0.04,Other,Series D,336,Brazil
OrCam,"Jerusalem, Non-U.S.",62.0,10/23/2022,0.16,Healthcare,Unknown,86,Israel
Antidote Health,"Tel Aviv, Non-U.S.",23.0,10/23/2022,0.38,Healthcare,Unknown,36,Israel
Khoros,Austin,120.0,10/21/2022,0.1,Sales,Private Equity,138,United States
F5,Seattle,100.0,10/21/2022,0.01,Security,Post-IPO,,United States
Elinvar,"Berlin, Non-U.S.",43.0,10/21/2022,0.33,Finance,Unknown,30,Germany
Synapsica,"New Delhi, Non-U.S.",30.0,10/21/2022,0.3,Healthcare,Series A,4,India
Volta,SF Bay Area,,10/21/2022,0.54,Transportation,Post-IPO,575,United States
Hotmart,"Belo Horizonte, Non-U.S.",227.0,10/20/2022,0.12,Marketing,Series C,127,Brazil
Zeus Living,SF Bay Area,64.0,10/20/2022,0.46,Real Estate,Series C,151,United States
Loom,SF Bay Area,23.0,10/20/2022,0.11,Product,Series C,203,United States
Sales Boomerang,Baltimore,20.0,10/20/2022,,Sales,Private Equity,5,United States
Arrival,"London, Non-U.S.",,10/20/2022,,Transportation,Post-IPO,629,United Kingdom
Roofstock,SF Bay Area,,10/20/2022,0.2,Real Estate,Series E,365,United States
Starry,Boston,,10/20/2022,0.5,Other,Post-IPO,260,United States
Gopuff,Philadelphia,250.0,10/19/2022,,Food,Series H,3400,United States
AtoB,SF Bay Area,32.0,10/19/2022,0.3,Finance,Series B,177,United States
InfoSum,"London, Non-U.S.",20.0,10/19/2022,0.12,Security,Series B,88,United Kingdom
Clever Real Estate,St. Louis,,10/19/2022,,Real Estate,Series B,13,United States
Collibra,"Brussels, Non-U.S.",,10/19/2022,,Data,Series G,596,Belgium
Side,SF Bay Area,,10/19/2022,,Real Estate,Unknown,313,United States
Faire,SF Bay Area,84.0,10/18/2022,0.07,Retail,Series G,1700,United States
Leafly,Seattle,56.0,10/18/2022,0.21,Retail,Post-IPO,71,United States
Ada Health,"Berlin, Non-U.S.",50.0,10/17/2022,,Healthcare,Series B,189,Germany
Tiendanube,Buenos Aires,50.0,10/17/2022,0.05,Marketing,Unknown,,Argentina
Microsoft,Seattle,,10/17/2022,,Other,Post-IPO,1,United States
Nuri,"Berlin, Non-U.S.",,10/17/2022,1.0,Crypto,Series B,42,Germany
Flipboard,SF Bay Area,24.0,10/16/2022,0.21,Media,Unknown,235,United States
Huawei,"Shenzen, Non-U.S.",,10/16/2022,,Hardware,Unknown,,China
Clear Capital,Reno,378.0,10/14/2022,0.27,Real Estate,Unknown,,United States
Beyond Meat,Los Angeles,200.0,10/14/2022,0.19,Food,Post-IPO,122,United States
Beyond Meat,Los Angeles,200.0,10/14/2022,0.19,Food,Post-IPO,122,United States
Flux Systems,"London, Non-U.S.",,10/14/2022,1.0,Finance,Unknown,9,United Kingdom
Qin1,"Noida, Non-U.S.",,10/14/2022,1.0,Education,Seed,,India
Salesforce,SF Bay Area,90.0,10/13/2022,,Sales,Post-IPO,65,United States
Playdots,New York City,65.0,10/13/2022,1.0,Consumer,Acquired,10,United States
ExtraHop,Seattle,,10/13/2022,,Security,Series C,61,United States
Byju's,"Bengaluru, Non-U.S.",2500.0,10/12/2022,0.05,Education,Private Equity,5500,India
6sense,SF Bay Area,150.0,10/12/2022,0.1,Sales,Series E,426,United States
Sinch,"Stockholm, Non-U.S.",150.0,10/12/2022,,Other,Post-IPO,1500,Sweden
FrontRow,"Bengaluru, Non-U.S.",130.0,10/12/2022,0.75,Education,Series A,17,India
Noom,New York City,500.0,10/11/2022,0.1,Healthcare,Series F,657,United States
MX,Lehi,200.0,10/11/2022,,Finance,Series C,450,United States
Brex,SF Bay Area,136.0,10/11/2022,0.11,Finance,Series D,1500,United States
Pacaso,SF Bay Area,100.0,10/11/2022,0.3,Real Estate,Series C,217,United States
Sketch,"The Hague, Non-U.S.",80.0,10/11/2022,,Other,Series A,20,Netherlands
Udacity,SF Bay Area,55.0,10/11/2022,0.13,Education,Unknown,235,United States
Linkfire,"Copenhagen, Non-U.S.",35.0,10/11/2022,0.35000000000000003,Marketing,Seed,2,Denmark
Emitwise,"London, Non-U.S.",,10/11/2022,,Energy,Series A,16,United Kingdom
GSR,"Hong Kong, Non-U.S.",,10/11/2022,,Crypto,Unknown,,Hong Kong
VanHack,"Vancouver, Non-U.S.",,10/11/2022,,HR,Seed,,Canada
HelloFresh,SF Bay Area,611.0,10/10/2022,,Food,Post-IPO,367,United States
SurveyMonkey,SF Bay Area,180.0,10/10/2022,0.11,Marketing,Post-IPO,1100,United States
Pavilion Data,SF Bay Area,96.0,10/10/2022,0.96,Infrastructure,Series D,103,United States
Redesign Health,New York City,67.0,10/10/2022,0.2,Healthcare,Series C,315,United States
Nyriad,Austin,,10/10/2022,0.33,Infrastructure,Unknown,58,United States
Collage.com,Detroit,,10/9/2022,1.0,Retail,Acquired,,United States
BioMarin,SF Bay Area,120.0,10/7/2022,0.04,Healthcare,Post-IPO,585,United States
Rev.com,Austin,85.0,10/7/2022,,Data,Series D,30,United States
Crypto.com,"Singapore, Non-U.S.",2000.0,10/6/2022,0.3,Crypto,Unknown,156,Singapore
Peloton,New York City,500.0,10/6/2022,0.12,Fitness,Post-IPO,1900,United States
Landing,Birmingham,110.0,10/6/2022,,Real Estate,Series C,347,United States
Turnitin,SF Bay Area,51.0,10/6/2022,0.05,Education,Acquired,,United States
Impossible Foods,SF Bay Area,50.0,10/6/2022,0.06,Food,Series H,1900,United States
Atome,"Singapore, Non-U.S.",,10/6/2022,,Finance,Unknown,645,Singapore
First AML,"Auckland, Non-U.S.",,10/6/2022,,Finance,Series B,29,New Zealand
Foresight Insurance,SF Bay Area,,10/6/2022,0.4,Finance,Series B,58,United States
Spotify,"Stockholm, Non-U.S.",,10/6/2022,,Media,Post-IPO,2100,Sweden
Built In,Chicago,50.0,10/5/2022,0.25,Recruiting,Series C,29,United States
TwinStrand,Seattle,,10/5/2022,0.5,Healthcare,Series B,73,United States
8x8,SF Bay Area,200.0,10/4/2022,0.09,Support,Post-IPO,253,United States
Zoomo,"Sydney, Non-U.S.",65.0,10/4/2022,0.16,Transportation,Series B,105,Australia
Homie,Salt Lake City,40.0,10/4/2022,0.13,Real Estate,Series B,35,United States
Fivetran,SF Bay Area,,10/4/2022,0.05,Data,Series D,,United States
Xendit,"Jakarta, Non-U.S.",,10/4/2022,0.05,Finance,Series D,534,Indonesia
ActiveCampaign,Chicago,,10/3/2022,0.15,Marketing,Series C,360,United States
Tempo,SF Bay Area,,10/3/2022,,Fitness,Series C,298,United States
WazirX,"Mumbai, Non-U.S.",60.0,10/2/2022,0.4,Crypto,Acquired,,India
Spin,SF Bay Area,78.0,9/30/2022,0.1,Transportation,Acquired,8,United States
Carsome,"Kuala Lumpur, Non-U.S.",,9/30/2022,0.1,Transportation,Series E,607,Malaysia
Pastel,SF Bay Area,,9/30/2022,1.0,Food,Unknown,,United States
Truepill,SF Bay Area,,9/30/2022,,Healthcare,Series D,255,United States
Westwing,"Munich, Non-U.S.",125.0,9/29/2022,,Retail,Post-IPO,237,Germany
Mux,SF Bay Area,40.0,9/29/2022,0.2,Infrastructure,Series D,173,United States
Solarisbank,"Berlin, Non-U.S.",,9/29/2022,0.1,Finance,Unknown,385,Germany
Zenjob,"Berlin, Non-U.S.",,9/29/2022,,HR,Series D,107,Germany
DocuSign,SF Bay Area,671.0,9/28/2022,0.09,Sales,Post-IPO,536,United States
Front,SF Bay Area,,9/28/2022,,Support,Series D,203,United States
Volta,SF Bay Area,,9/28/2022,0.1,Transportation,Post-IPO,575,United States
Divvy Homes,SF Bay Area,40.0,9/27/2022,0.12,Real Estate,Series B,180,United States
Graphcore,"Bristol, Non-U.S.",,9/27/2022,,Data,Unknown,692,United Kingdom
Instacart,SF Bay Area,,9/24/2022,,Food,Unknown,2900,United States
Konfio,"Mexico City, Non-U.S.",180.0,9/23/2022,,Finance,Series E,706,Mexico
Moss,"Berlin, Non-U.S.",70.0,9/23/2022,0.15,Finance,Series B,150,Germany
Foxtrot,Chicago,26.0,9/23/2022,0.035,Food,Series C,166,United States
Truiloo,"Vancouver, Non-U.S.",24.0,9/23/2022,0.05,Security,Series D,474,Canada
Pesto,SF Bay Area,,9/23/2022,1.0,Other,Seed,6,United States
NYDIG,New York City,110.0,9/22/2022,0.33,Crypto,Private Equity,1400,United States
Klarna,"Stockholm, Non-U.S.",100.0,9/22/2022,,Finance,Unknown,3700,Sweden
Made.com,"London, Non-U.S.",,9/22/2022,0.35000000000000003,Retail,Series D,136,United Kingdom
Kitty Hawk,SF Bay Area,100.0,9/21/2022,1.0,Aerospace,Unknown,1,United States
Candidate Labs,SF Bay Area,,9/21/2022,,HR,Seed,5,United States
Compass,New York City,271.0,9/20/2022,,Real Estate,Post-IPO,1600,United States
Curative,Los Angeles,109.0,9/20/2022,,Healthcare,Seed,8,United States
Ada,"Toronto, Non-U.S.",78.0,9/20/2022,0.16,Support,Series C,190,Canada
99,"Sao Paulo, Non-U.S.",75.0,9/20/2022,0.02,Transportation,Acquired,244,Brazil
Ouster,SF Bay Area,,9/20/2022,0.1,Transportation,Post-IPO,282,United States
Zappos,Las Vegas,,9/20/2022,0.04,Retail,Acquired,62,United States
Ola,"Bengaluru, Non-U.S.",200.0,9/19/2022,,Transportation,Series J,5000,India
Vesalius Therapeutics,Boston,29.0,9/19/2022,0.43,Healthcare,Series B,75,United States
VideoAmp,Los Angeles,,9/19/2022,0.02,Marketing,Series F,456,United States
Shopee,"Jakarta, Non-U.S.",,9/18/2022,,Food,Unknown,,Indonesia
Clear,"Bengaluru, Non-U.S.",190.0,9/16/2022,0.2,Finance,Series C,140,India
TrueLayer,"London, Non-U.S.",40.0,9/16/2022,0.1,Finance,Series E,271,United Kingdom
LivePerson,New York City,193.0,9/15/2022,0.11,Support,Post-IPO,42,United States
Acast,"Stockholm, Non-U.S.",70.0,9/15/2022,0.15,Media,Post-IPO,126,Sweden
WorkRamp,SF Bay Area,35.0,9/15/2022,0.2,HR,Series C,67,United States
DayTwo,SF Bay Area,,9/15/2022,,Healthcare,Series B,90,United States
NextRoll,SF Bay Area,,9/15/2022,0.07,Marketing,Unknown,108,United States
Twilio,SF Bay Area,800.0,9/14/2022,0.11,Other,Post-IPO,614,United States
Pitch,"Berlin, Non-U.S.",59.0,9/14/2022,0.3,Marketing,Series B,137,Germany
Infarm,"Berlin, Non-U.S.",50.0,9/14/2022,0.05,Other,Series D,604,Germany
Netflix,SF Bay Area,30.0,9/14/2022,,Media,Post-IPO,121900,United States
Bitrise,"Budapest, Non-U.S.",,9/14/2022,0.14,Infrastructure,Series C,83,Hungary
Rubius,Boston,160.0,9/13/2022,0.75,Healthcare,Post-IPO,445,United States
Checkout.com,"London, Non-U.S.",100.0,9/13/2022,0.05,Finance,Series D,1800,United Kingdom
Taboola,New York City,100.0,9/13/2022,0.06,Marketing,Post-IPO,445,United States
Patreon,SF Bay Area,80.0,9/13/2022,0.17,Media,Series F,413,United States
FullStory,Atlanta,,9/13/2022,0.12,Marketing,Unknown,197,United States
Propzy,"Ho Chi Minh City, Non-U.S.",,9/13/2022,1.0,Real Estate,Series A,33,Vietnam
Quicko,"Sao Paulo, Non-U.S.",60.0,9/12/2022,,Transportation,Acquired,28,Brazil
Mode Analytics,SF Bay Area,25.0,9/12/2022,,Data,Series D,81,United States
Compete,Tel Aviv,11.0,9/12/2022,0.28,HR,Series A,17,Israel
Karbon,SF Bay Area,,9/12/2022,0.23,Other,Series B,91,United States
Rent the Runway,New York City,,9/12/2022,0.24,Retail,Post-IPO,526,United States
Sama,SF Bay Area,,9/12/2022,,Data,Series B,84,United States
SkipTheDishes,"Winnipeg, Non-U.S.",350.0,9/9/2022,,Food,Acquired,6,Canada
Brighte,"Sydney, Non-U.S.",58.0,9/9/2022,,Energy,Series C,145,Australia
Patreon,SF Bay Area,5.0,9/9/2022,,Media,Series F,413,United States
Amber Group,"Hong Kong, Non-U.S.",,9/9/2022,0.1,Crypto,Series B,328,Hong Kong
Capiter,"Cairo, Non-U.S.",,9/9/2022,,Finance,Series A,33,Egypt
CommonBond,New York City,,9/9/2022,1.0,Finance,Series D,125,United States
DreamBox Learning,Seattle,,9/9/2022,,Education,Acquired,175,United States
Flowhub,Denver,,9/9/2022,0.15,Retail,Unknown,45,United States
Lido Learning,"Mumbai, Non-U.S.",,9/9/2022,1.0,Education,Series C,20,India
GoStudent,"Vienna, Non-U.S.",200.0,9/8/2022,,Education,Series D,686,Austria
Pomelo Fashion,"Bangkok, Non-U.S.",55.0,9/8/2022,0.08,Retail,Unknown,120,Thailand
Genome Medical,SF Bay Area,23.0,9/8/2022,,Healthcare,Series C,120,United States
BigBear.ai,Baltimore,,9/8/2022,0.07,Data,Post-IPO,200,United States
Realtor.com,SF Bay Area,,9/8/2022,,Real Estate,Acquired,,United States
Simple Feast,"Copenhagen, Non-U.S.",150.0,9/7/2022,1.0,Food,Unknown,173,Denmark
Foodpanda,"Singapore, Non-U.S.",60.0,9/7/2022,,Food,Acquired,749,Singapore
Uber,"Vilnius, Non-U.S.",60.0,9/7/2022,,Transportation,Post-IPO,24700,Lithuania
Rupeek,"Bengaluru, Non-U.S.",50.0,9/7/2022,,Finance,Unknown,172,India
Intercom,SF Bay Area,49.0,9/7/2022,0.05,Support,Series D,240,United States
Pendo,Raleigh,45.0,9/7/2022,0.05,Product,Series F,469,United States
Demandbase,SF Bay Area,27.0,9/7/2022,0.03,Sales,Series H,143,United States
Firebolt,"Tel Aviv, Non-U.S.",,9/7/2022,,Data,Series C,264,Israel
Medly,New York City,,9/7/2022,0.5,Healthcare,Series C,100,United States
Xsight Labs,"Tel Aviv, Non-U.S.",,9/7/2022,,Other,Series D,100,Israel
Brave Care,Portland,40.0,9/6/2022,0.33,Healthcare,Series B,42,United States
Lawgeex,"Tel Aviv, Non-U.S.",30.0,9/6/2022,0.33,Legal,Series C,41,Israel
Juniper Square,SF Bay Area,,9/6/2022,0.14,Real Estate,Series C,108,United States
Medium,SF Bay Area,,9/6/2022,0.25,Media,Unknown,163,United States
Kuda,"Lagos, Non-U.S.",23.0,9/2/2022,0.05,Finance,Series B,91,Nigeria
Alerzo,"Ibadan, Non-U.S.",,9/2/2022,,Retail,Series B,16,Nigeria
Sea,"Singapore, Non-U.S.",,9/2/2022,,Consumer,Post-IPO,8600,Singapore
2TM,"Sao Paulo, Non-U.S.",100.0,9/1/2022,0.15,Crypto,Unknown,250,Brazil
Innovaccer,SF Bay Area,90.0,9/1/2022,0.08,Healthcare,Series E,379,United States
Shopify,"Ottawa, Non-U.S.",70.0,9/1/2022,,Retail,Post-IPO,122,Canada
Urban Sports Club,"Berlin, Non-U.S.",55.0,9/1/2022,0.15,Fitness,Unknown,95,Germany
Hedvig,"Stockholm, Non-U.S.",12.0,9/1/2022,,Finance,Series B,67,Sweden
Snap,Los Angeles,1280.0,8/31/2022,0.2,Consumer,Post-IPO,4900,United States
GoodRx,Los Angeles,140.0,8/31/2022,0.16,Healthcare,Post-IPO,910,United States
Smava,"Berlin, Non-U.S.",100.0,8/31/2022,0.1,Finance,Unknown,188,Germany
Hippo Insurance,SF Bay Area,70.0,8/31/2022,0.1,Finance,Post-IPO,1300,United States
Clari,SF Bay Area,45.0,8/31/2022,,Sales,Series F,496,United States
Koo,"Bengaluru, Non-U.S.",40.0,8/31/2022,,Consumer,Series B,44,India
TCR2,Boston,30.0,8/31/2022,0.2,Healthcare,Post-IPO,173,United States
Apartment List,SF Bay Area,29.0,8/31/2022,0.1,Real Estate,Series D,169,United States
Artnight,"Berlin, Non-U.S.",26.0,8/31/2022,0.36,Retail,Unknown,,Germany
Snagajob,Richmond,,8/31/2022,,HR,Unknown,221,United States
The Wing,New York City,,8/31/2022,1.0,Real Estate,Series C,117,United States
Viamo,"Accra, Non-U.S.",,8/31/2022,,Other,Unknown,,Ghana
Electric,New York City,81.0,8/30/2022,,Other,Series D,212,United States
Immersive Labs,"Bristol, Non-U.S.",38.0,8/30/2022,0.1,Security,Series C,123,United Kingdom
Nate,New York City,30.0,8/30/2022,,Retail,Series A,47,United States
Meesho,"Bengaluru, Non-U.S.",300.0,8/29/2022,,Retail,Series F,1100,India
54gene,Washington D.C.,95.0,8/29/2022,0.3,Healthcare,Series B,44,United States
Fungible,SF Bay Area,,8/29/2022,,Crypto,Series C,310,United States
Skillz,SF Bay Area,,8/29/2022,,Consumer,Post-IPO,287,United States
Otonomo,"Tel Aviv, Non-U.S.",,8/28/2022,,Transportation,Post-IPO,231,Israel
Zymergen,SF Bay Area,80.0,8/26/2022,,Other,Acquired,974,United States
Okta,SF Bay Area,24.0,8/26/2022,,Security,Post-IPO,1200,United States
Argyle,New York City,20.0,8/26/2022,0.07,Finance,Series B,78,United States
Better.com,New York City,,8/26/2022,,Real Estate,Unknown,905,United States
FreshDirect,Philadelphia,40.0,8/25/2022,,Food,Acquired,280,United States
Loja Integrada,"Sao Paulo, Non-U.S.",25.0,8/25/2022,0.1,Retail,Acquired,,Brazil
Impact.com,Los Angeles,,8/25/2022,0.1,Marketing,Private Equity,361,United States
ShipBob,Chicago,,8/25/2022,0.07,Logistics,Series E,330,United States
Reali,SF Bay Area,140.0,8/24/2022,1.0,Real Estate,Series B,117,United States
Loop,Washington D.C.,15.0,8/24/2022,0.2,Finance,Series A,24,United States
Pix,SF Bay Area,,8/24/2022,,Food,Unknown,,United States
Tier Mobility,"Berlin, Non-U.S.",180.0,8/23/2022,0.16,Transportation,Series D,646,Germany
Packable,New York City,138.0,8/23/2022,0.2,Retail,Unknown,472,United States
Q4,"Toronto, Non-U.S.",50.0,8/23/2022,0.08,Other,Series C,91,Canada
Skedulo,SF Bay Area,31.0,8/23/2022,0.08,HR,Series C,114,United States
Plato,SF Bay Area,29.0,8/23/2022,0.5,HR,Seed,3,United States
DataRobot,Boston,,8/23/2022,0.26,Data,Series G,1000,United States
Kogan,"Melbourne, Non-U.S.",,8/23/2022,,Retail,Post-IPO,,Australia
Skillshare,New York City,,8/23/2022,,Education,Unknown,136,United States
Mr. Yum,"Melbourne, Non-U.S.",,8/22/2022,0.17,Food,Series A,73,Australia
ShopX,"Bengaluru, Non-U.S.",,8/22/2022,1.0,Retail,Unknown,56,India
NSO,"Tel Aviv, Non-U.S.",100.0,8/21/2022,0.14,Security,Seed,1,Israel
Tufin,Boston,55.0,8/21/2022,0.1,Security,Acquired,21,United States
Amperity,Seattle,13.0,8/20/2022,0.03,Marketing,Series D,187,United States
Wayfair,Boston,870.0,8/19/2022,0.05,Retail,Post-IPO,1700,United States
Stripe,SF Bay Area,50.0,8/19/2022,,Finance,Series H,2300,United States
Hodlnaut,"Singapore, Non-U.S.",40.0,8/19/2022,0.8,Crypto,Unknown,,Singapore
New Relic,SF Bay Area,110.0,8/18/2022,0.05,Infrastructure,Post-IPO,214,United States
Wheel,Austin,35.0,8/18/2022,0.17,Healthcare,Series C,215,United States
Petal,New York City,,8/18/2022,0.1,Finance,Series D,704,United States
Thirty Madison,New York City,,8/18/2022,0.1,Healthcare,Series C,209,United States
Vendasta,"Saskatoon, Non-U.S.",,8/18/2022,0.05,Marketing,Series D,178,Canada
Malwarebytes,SF Bay Area,125.0,8/17/2022,0.14,Security,Series B,80,United States
Fluke,"Sao Paulo, Non-U.S.",83.0,8/17/2022,0.8200000000000001,Other,Seed,,Brazil
Swyftx,"Brisbane, Non-U.S.",74.0,8/17/2022,0.21,Crypto,Unknown,,Australia
Tempo Automation,SF Bay Area,54.0,8/17/2022,,Other,Series C,74,United States
Genesis,New York City,52.0,8/17/2022,0.2,Crypto,Series A,,United States
Warren,"Porto Alegre, Non-U.S.",50.0,8/17/2022,,Finance,Series C,104,Brazil
AlayaCare,Montreal,80.0,8/16/2022,0.14,Healthcare,Series D,293,Canada
Pliops,"Tel Aviv, Non-U.S.",12.0,8/16/2022,0.09,Data,Series D,205,Israel
Woven,Indianapolis,5.0,8/16/2022,0.15,HR,Series A,11,United States
Crypto.com,"Singapore, Non-U.S.",,8/16/2022,,Crypto,Unknown,156,Singapore
Edmodo,SF Bay Area,,8/16/2022,1.0,Education,Acquired,77,United States
Snapdocs,SF Bay Area,,8/16/2022,0.1,Real Estate,Series D,253,United States
Updater,New York City,,8/16/2022,,Other,Unknown,467,United States
Sema4,Stamford,250.0,8/15/2022,0.13,Healthcare,Post-IPO,791,United States
Blend,SF Bay Area,220.0,8/15/2022,0.12,Finance,Post-IPO,665,United States
ContraFect,New York City,16.0,8/15/2022,0.37,Healthcare,Post-IPO,380,United States
ThredUp,Chicago,,8/15/2022,0.15,Retail,Post-IPO,305,United States
Anywell,"Tel Aviv, Non-U.S.",11.0,8/14/2022,,Real Estate,Series A,15,Israel
Almanac,SF Bay Area,,8/13/2022,,Other,Series A,45,United States
Peloton,New York City,784.0,8/12/2022,0.13,Fitness,Post-IPO,1900,United States
Core Scientific,Austin,,8/12/2022,0.1,Crypto,Post-IPO,169,United States
Orbit,SF Bay Area,,8/12/2022,,Other,Series A,20,United States
Truepill,SF Bay Area,175.0,8/11/2022,0.33,Healthcare,Series D,255,United States
Calm,SF Bay Area,90.0,8/11/2022,0.2,Healthcare,Series C,218,United States
FourKites,Chicago,60.0,8/11/2022,0.08,Logistics,Series D,201,United States
Marketforce,"Nairobi, Non-U.S.",54.0,8/11/2022,0.09,Retail,Series A,42,Kenya
Betterfly,"Santiago, Non-U.S.",30.0,8/11/2022,,Healthcare,Series C,204,Chile
Expert360,"Sydney, Non-U.S.",7.0,8/11/2022,,Recruiting,Series C,26,Australia
Guidewire,SF Bay Area,,8/11/2022,0.02,Finance,Post-IPO,24,United States
Trybe,"Sao Paulo, Non-U.S.",47.0,8/10/2022,0.1,Education,Series B,40,Brazil
Permutive,"London, Non-U.S.",30.0,8/10/2022,0.12,Marketing,Series C,105,United Kingdom
Homeward,Austin,,8/10/2022,0.2,Real Estate,Series B,160,United States
Pollen,"London, Non-U.S.",,8/10/2022,1.0,Marketing,Series C,238,United Kingdom
Vedanta Biosciences,Boston,,8/10/2022,0.2,Healthcare,Series D,301,United States
GoHealth,Chicago,800.0,8/9/2022,0.2,Healthcare,Post-IPO,75,United States
Hootsuite,"Vancouver, Non-U.S.",400.0,8/9/2022,0.3,Marketing,Series C,300,Canada
Nutanix,SF Bay Area,270.0,8/9/2022,0.04,Infrastructure,Post-IPO,1100,United States
Quanterix,Boston,130.0,8/9/2022,0.25,Healthcare,Post-IPO,533,United States
Wix,"Tel Aviv, Non-U.S.",100.0,8/9/2022,,Marketing,Post-IPO,58,Israel
MadeiraMadeira,"Curitiba, Non-U.S.",60.0,8/9/2022,0.03,Retail,Series E,338,Brazil
Melio,New York City,60.0,8/9/2022,,Finance,Series D,504,United States
Linktree,"Melbourne, Non-U.S.",50.0,8/9/2022,0.17,Consumer,Unknown,165,Australia
Shogun,SF Bay Area,48.0,8/9/2022,0.3,Retail,Series C,114,United States
Absci,"Vancouver, Non-U.S.",40.0,8/9/2022,,Healthcare,Post-IPO,237,Canada
Dooly,"Vancouver, Non-U.S.",12.0,8/9/2022,,Sales,Series B,102,Canada
Berkeley Lights,SF Bay Area,,8/9/2022,0.12,Healthcare,Post-IPO,272,United States
DailyPay,New York City,,8/9/2022,0.15,Finance,Unknown,814,United States
Haus,SF Bay Area,,8/9/2022,1.0,Food,Seed,7,United States
Kaltura,New York City,,8/9/2022,0.1,Media,Post-IPO,166,United States
Shift,SF Bay Area,,8/9/2022,,Transportation,Post-IPO,504,United States
Sweetgreen,Los Angeles,,8/9/2022,,Food,Post-IPO,478,United States
Groupon,Chicago,500.0,8/8/2022,0.15,Retail,Post-IPO,1400,United States
Loggi,"Sao Paulo, Non-U.S.",500.0,8/8/2022,0.15,Logistics,Series F,507,Brazil
Vroom,New York City,337.0,8/8/2022,,Transportation,Post-IPO,1300,United States
Warby Parker,New York City,63.0,8/8/2022,,Consumer,Post-IPO,535,United States
Labelbox,SF Bay Area,36.0,8/8/2022,,Data,Series D,188,United States
Perion,"Tel Aviv, Non-U.S.",20.0,8/8/2022,0.05,Marketing,Post-IPO,76,Israel
Daily Harvest,New York City,,8/8/2022,0.15,Food,Series D,120,United States
DataRobot,Boston,,8/8/2022,,Data,Series G,1000,United States
iRobot,Boston,140.0,8/5/2022,0.1,Consumer,Acquired,30,United States
Mejuri,"Toronto, Non-U.S.",50.0,8/5/2022,0.1,Retail,Series B,28,Canada
Uberflip,"Toronto, Non-U.S.",31.0,8/5/2022,0.17,Marketing,Series A,42,Canada
Slync,Dallas,,8/5/2022,,Logistics,Series B,76,United States
Talkdesk,SF Bay Area,,8/5/2022,,Support,Series D,497,United States
Doma,SF Bay Area,250.0,8/4/2022,0.13,Finance,Post-IPO,679,United States
Article,"Vancouver, Non-U.S.",216.0,8/4/2022,0.17,Retail,Series B,,Canada
Jam City,Los Angeles,200.0,8/4/2022,0.17,Consumer,Unknown,652,United States
10X Genomics,SF Bay Area,100.0,8/4/2022,0.08,Healthcare,Post-IPO,242,United States
LEAD,"Mumbai, Non-U.S.",80.0,8/4/2022,0.04,Education,Series E,166,India
Zendesk,SF Bay Area,80.0,8/4/2022,,Support,Acquired,85,United States
On Deck,SF Bay Area,73.0,8/4/2022,0.33,Education,Series A,20,United States
RenoRun,"Montreal, Non-U.S.",70.0,8/4/2022,0.12,Construction,Series B,163,Canada
RingCentral,SF Bay Area,50.0,8/4/2022,,Support,Post-IPO,44,United States
Medly,New York City,,8/4/2022,0.16,Healthcare,Series C,100,United States
Nomad,"Sao Paulo, Non-U.S.",,8/4/2022,0.2,Finance,Series B,290,Brazil
StubHub,SF Bay Area,,8/4/2022,,Consumer,Acquired,59,United States
Weedmaps,Los Angeles,,8/4/2022,0.1,Other,Acquired,,United States
Zenius,"Jakarta, Non-U.S.",,8/4/2022,0.3,Education,Series B,20,Indonesia
Healthcare.com,Miami,149.0,8/3/2022,,Healthcare,Series C,244,United States
Unbounce,"Vancouver, Non-U.S.",47.0,8/3/2022,0.2,Marketing,Series A,39,Canada
Beyond Meat,Los Angeles,40.0,8/3/2022,0.04,Food,Post-IPO,122,United States
The Org,"New Delhi, New York City",13.0,8/3/2022,,HR,Series B,39,United States
CarDekho,"Gurugram, Non-U.S.",,8/3/2022,,Transportation,Series E,497,India
Puppet,Portland,,8/3/2022,0.15,Infrastructure,Acquired,189,United States
SoundCloud,"Berlin, Non-U.S.",,8/3/2022,0.2,Consumer,Unknown,542,Germany
Talkwalker,"Luxembourg, Non-U.S.",,8/3/2022,0.15,Marketing,Private Equity,9,Luxembourg
Robinhood,SF Bay Area,713.0,8/2/2022,0.23,Finance,Post-IPO,5600,United States
Latch,New York City,115.0,8/2/2022,0.37,Security,Post-IPO,342,United States
Vedantu,"Bengaluru, Non-U.S.",100.0,8/2/2022,,Education,Series E,292,India
Seegrid,Pittsburgh,90.0,8/2/2022,,Logistics,Unknown,107,United States
Nylas,SF Bay Area,80.0,8/2/2022,0.25,Product,Series C,175,United States
Outreach,Seattle,60.0,8/2/2022,0.05,Sales,Series G,489,United States
Sendy,"Nairobi, Non-U.S.",54.0,8/2/2022,0.2,Logistics,Series B,26,Kenya
The Predictive Index,Boston,40.0,8/2/2022,,HR,Acquired,71,United States
Sendy,"Nairobi, Non-U.S.",30.0,8/2/2022,0.1,Logistics,Series B,26,Kenya
Stedi,Boulder,23.0,8/2/2022,0.3,Product,Series B,75,United States
Glossier,New York City,19.0,8/2/2022,0.08,Retail,Series E,266,United States
Butterfly Network,New Haven,,8/2/2022,0.1,Healthcare,Post-IPO,530,United States
FuboTV,New York City,,8/2/2022,,Media,Post-IPO,151,United States
Hash,"Sao Paulo, Non-U.S.",58.0,8/1/2022,0.5,Finance,Series C,58,Brazil
Classkick,Chicago,,8/1/2022,,Education,Seed,1,United States
DeHaat,"Gurugram, Non-U.S.",,8/1/2022,,Food,Series D,194,India
OnlyFans,"London, Non-U.S.",,8/1/2022,,Media,Unknown,,United Kingdom
Oracle,SF Bay Area,,8/1/2022,,Other,Post-IPO,,United States
Perceptive Automata,Boston,,8/1/2022,1.0,Transportation,Series A,20,United States
Whereby,"Oslo, Non-U.S.",,8/1/2022,,Other,Series A,10,Norway
Metigy,"Sydney, Non-U.S.",75.0,7/31/2022,1.0,Marketing,Series B,18,Australia
Vee,"Tel Aviv, Non-U.S.",16.0,7/31/2022,0.32,HR,Seed,15,Israel
Gatherly,Atlanta,,7/31/2022,0.5,Marketing,,,United States
Ola,"Bengaluru, Non-U.S.",1000.0,7/29/2022,,Transportation,Series J,5000,India
Clearco,"Toronto, Non-U.S.",125.0,7/29/2022,0.25,Finance,Series C,681,Canada
Imperfect Foods,SF Bay Area,50.0,7/29/2022,,Food,Series D,229,United States
Shelf Engine,Seattle,43.0,7/29/2022,,Food,Series B,58,United States
Quantcast,SF Bay Area,40.0,7/29/2022,0.06,Marketing,Series C,65,United States
Sherpa,"Toronto, Non-U.S.",22.0,7/29/2022,,Travel,Unknown,11,Canada
CoinFLEX,"Victoria, Non-U.S.",,7/29/2022,,Crypto,Unknown,11,Seychelles
MissFresh,"Beijing, Non-U.S.",,7/29/2022,,Food,Post-IPO,1700,China
Yabonza,"Sydney, Non-U.S.",,7/29/2022,1.0,Real Estate,Unknown,6,Australia
Ribbon,New York City,136.0,7/28/2022,,Real Estate,Series C,405,United States
Career Karma,SF Bay Area,60.0,7/28/2022,0.33,Education,Series B,51,United States
Metromile,SF Bay Area,60.0,7/28/2022,0.2,Finance,Acquired,510,United States
Laybuy,"Auckland, Non-U.S.",45.0,7/28/2022,,Finance,Post-IPO,130,New Zealand
Allbirds,SF Bay Area,23.0,7/28/2022,,Retail,Post-IPO,202,United States
TextNow,"Waterloo, Non-U.S.",22.0,7/28/2022,,Consumer,Seed,1,Canada
2U,Washington D.C.,,7/28/2022,0.2,Education,Post-IPO,426,United States
Bikayi,"Bengaluru, Non-U.S.",,7/28/2022,,Retail,Series A,12,India
Brainbase,Los Angeles,,7/28/2022,,Sales,Series A,12,United States
Change.org,SF Bay Area,,7/28/2022,0.19,Other,Series D,72,United States
Tapas Media,SF Bay Area,,7/28/2022,,Media,Acquired,17,United States
Turntide,SF Bay Area,,7/28/2022,0.2,Energy,Unknown,491,United States
Rivian,Detroit,840.0,7/27/2022,0.06,Transportation,Post-IPO,10700,United States
Vox Media,Washington D.C.,39.0,7/27/2022,0.02,Media,Series F,307,United States
Coinsquare,"Toronto, Non-U.S.",30.0,7/27/2022,0.24,Crypto,Unknown,98,Canada
Skai,"Tel Aviv, Non-U.S.",30.0,7/27/2022,0.04,Marketing,Series E,60,Israel
Shopify,"Ottawa, Non-U.S.",1000.0,7/26/2022,0.1,Retail,Post-IPO,122,Canada
McMakler,"Berlin, Non-U.S.",90.0,7/26/2022,,Real Estate,Unknown,214,Germany
Fiverr,"Tel Aviv, Non-U.S.",60.0,7/26/2022,0.08,Other,Post-IPO,111,Israel
InDebted,"Sydney, Non-U.S.",40.0,7/26/2022,0.17,Finance,Series B,41,Australia
Outbrain,New York City,38.0,7/26/2022,0.03,Marketing,Post-IPO,394,United States
Dover,SF Bay Area,23.0,7/26/2022,0.3,Recruiting,Series A,22,United States
Immutable,"Sydney, Non-U.S.",20.0,7/26/2022,0.06,Crypto,Series C,279,Australia
Zymergen,SF Bay Area,80.0,7/25/2022,,Other,Acquired,974,United States
Pear Therapeutics ,Boston,25.0,7/25/2022,0.09,Healthcare,Post-IPO,409,United States
Included Health,SF Bay Area,,7/25/2022,0.06,Healthcare,Series E,272,United States
Soluto,"Tel Aviv, Non-U.S.",120.0,7/24/2022,1.0,Support,Acquired,18,Israel
Eucalyptus,"Sydney, Non-U.S.",50.0,7/22/2022,0.2,Healthcare,Series C,69,Australia
Workstream,SF Bay Area,45.0,7/22/2022,,HR,Series B,58,United States
Quanto,"Sao Paulo, Non-U.S.",28.0,7/22/2022,0.22,Finance,Series A,15,Brazil
Clarify Health,SF Bay Area,15.0,7/22/2022,0.05,Healthcare,Series D,328,United States
Arete,Miami,,7/22/2022,,Security,Unknown,,United States
Boosted Commerce,Los Angeles,,7/22/2022,0.05,Retail,Series B,137,United States
Owlet,Lehi,,7/22/2022,,Healthcare,Post-IPO,178,United States
People.ai,SF Bay Area,,7/22/2022,,Sales,Series D,200,United States
Wizeline,SF Bay Area,,7/22/2022,,Product,Acquired,62,United States
Blockchain.com,"London, Non-U.S.",150.0,7/21/2022,0.25,Crypto,Series D,490,United Kingdom
Callisto Media,SF Bay Area,140.0,7/21/2022,0.35000000000000003,Media,Series D,,United States
AppGate,Miami,130.0,7/21/2022,0.22,Security,Post-IPO,,United States
WHOOP,Boston,95.0,7/21/2022,0.15,Fitness,Series F,404,United States
Rad Power Bikes,Seattle,63.0,7/21/2022,0.1,Transportation,Series D,329,United States
Lunchbox,New York City,60.0,7/21/2022,0.33,Food,Series B,72,United States
RealSelf,Seattle,11.0,7/21/2022,0.05,Healthcare,Series B,42,United States
98point6,Seattle,,7/21/2022,0.1,Healthcare,Series E,247,United States
Catalyst,New York City,,7/21/2022,,Support,Series B,45,United States
InVision,New York City,,7/21/2022,0.5,Product,Series F,356,United States
Mural,SF Bay Area,,7/21/2022,,Product,Series C,192,United States
Smarsh,Portland,,7/21/2022,,Other,Private Equity,,United States
Just Eat Takeaway,"Amsterdam, Non-U.S.",390.0,7/20/2022,,Food,Post-IPO,2800,Netherlands
Flyhomes,Seattle,200.0,7/20/2022,0.2,Real Estate,Series C,310,United States
Varo,SF Bay Area,75.0,7/20/2022,,Finance,Series E,992,United States
BlueStacks,SF Bay Area,60.0,7/20/2022,,Other,Series C,48,United States
Lyft,SF Bay Area,60.0,7/20/2022,0.02,Transportation,Post-IPO,4900,United States
Introhive,"Ferdericton, Non-U.S.",57.0,7/20/2022,0.16,Sales,Series C,125,Canada
Zencity,"Tel Aviv, Non-U.S.",30.0,7/20/2022,0.2,Other,Unknown,51,Israel
Splice,New York City,23.0,7/20/2022,,Media,Series D,159,United States
Forma.ai,"Toronto, Non-U.S.",15.0,7/20/2022,0.09,Sales,Series B,58,Canada
Arc,SF Bay Area,13.0,7/20/2022,,HR,Seed,1,United States
Invitae,SF Bay Area,1000.0,7/19/2022,,Healthcare,Post-IPO,2000,United States
Olive,Columbus,450.0,7/19/2022,0.31,Healthcare,Series H,856,United States
M1,Chicago,38.0,7/19/2022,,Finance,Series E,323,United States
SellerX,"Berlin, Non-U.S.",28.0,7/19/2022,,Retail,Unknown,766,Germany
Stint,"London, Non-U.S.",28.0,7/19/2022,0.2,HR,Unknown,,United Kingdom
Capsule,New York City,,7/19/2022,0.13,Healthcare,Series D,570,United States
PACT Pharma,SF Bay Area,94.0,7/18/2022,,Healthcare,Series C,200,United States
Gemini,New York City,68.0,7/18/2022,0.07,Crypto,Unknown,423,United States
Lusha,New York City,30.0,7/18/2022,0.1,Marketing,Series B,245,United States
Elemy,SF Bay Area,,7/18/2022,,Healthcare,Series B,323,United States
Freshly,New York City,,7/18/2022,0.25,Food,Acquired,107,United States
Hydrow,Boston,,7/18/2022,0.35000000000000003,Fitness,Series D,269,United States
TikTok,Los Angeles,,7/18/2022,,Consumer,Acquired,,United States
Vimeo,New York City,,7/18/2022,0.06,Consumer,Post-IPO,450,United States
Bright Money,"Bengaluru, Non-U.S.",100.0,7/15/2022,0.5,Finance,Series A,31,India
Project44,Chicago,63.0,7/15/2022,0.05,Logistics,Unknown,817,United States
Heroes,"London, Non-U.S.",24.0,7/15/2022,0.2,Retail,Unknown,265,United Kingdom
Aspire,SF Bay Area,23.0,7/15/2022,,Marketing,Series A,27,United States
StyleSeat,SF Bay Area,,7/15/2022,0.17,Consumer,Series C,40,United States
Zego,"London, Non-U.S.",85.0,7/14/2022,0.17,Finance,Series C,202,United Kingdom
The Mom Project,Chicago,54.0,7/14/2022,0.15,HR,Series C,115,United States
Unstoppable Domains,SF Bay Area,42.0,7/14/2022,0.25,Crypto,Series B,7,United States
Kiavi,SF Bay Area,39.0,7/14/2022,0.07,Real Estate,Series E,240,United States
Alto Pharmacy,SF Bay Area,,7/14/2022,,Healthcare,Series E,560,United States
Cosuno,"Berlin, Non-U.S.",,7/14/2022,,Construction,Series B,45,Germany
OpenSea,New York City,,7/14/2022,0.2,Crypto,Series C,427,United States
Wave,"Dakar, Non-U.S.",300.0,7/13/2022,0.15,Finance,Series A,292,Senegal
Tonal,SF Bay Area,262.0,7/13/2022,0.35000000000000003,Fitness,Series E,450,United States
Fabric,New York City,120.0,7/13/2022,0.4,Logistics,Series C,336,United States
Bryter,"Berlin, Non-U.S.",100.0,7/13/2022,0.3,Product,Series B,89,Germany
ChowNow,Los Angeles,100.0,7/13/2022,0.2,Food,Series C,64,United States
Involves,"Florianópolis, Non-U.S.",70.0,7/13/2022,0.18,Retail,Unknown,23,Brazil
100 Thieves,Los Angeles,12.0,7/13/2022,,Consumer,Series C,120,United States
Nuro,SF Bay Area,7.0,7/13/2022,,Transportation,Series D,2100,United States
Arrival,"London, Non-U.S.",,7/13/2022,0.3,Transportation,Post-IPO,629,United Kingdom
CircleUp,SF Bay Area,,7/13/2022,,Finance,Series C,53,United States
Papa,Miami,,7/13/2022,0.15,Other,Series D,241,United States
Gopuff,Philadelphia,1500.0,7/12/2022,0.1,Food,Series H,3400,United States
Fraazo,"Mumbai, Non-U.S.",150.0,7/12/2022,,Food,Series B,63,India
Babylon,"London, Non-U.S.",100.0,7/12/2022,,Healthcare,Post-IPO,1100,United Kingdom
Hubilo,SF Bay Area,45.0,7/12/2022,0.12,Marketing,Series B,153,United States
Airlift,"Lahore, Non-U.S.",,7/12/2022,1.0,Logistics,Series B,109,Pakistan
Microsoft,Seattle,,7/12/2022,,Other,Post-IPO,1,United States
Spring,SF Bay Area,,7/12/2022,,Retail,Unknown,61,United States
Hopin,"London, Non-U.S.",242.0,7/11/2022,0.29,Other,Series D,1000,United Kingdom
Alice,"Sao Paulo, Non-U.S.",63.0,7/11/2022,,Healthcare,Series C,174,Brazil
SundaySky,New York City,24.0,7/11/2022,0.13,Marketing,Series D,74,United States
Apeel Sciences,Santa Barbara,,7/11/2022,,Food,Series E,640,United States
Forward,SF Bay Area,,7/11/2022,0.05,Healthcare,Series D,225,United States
Ignite,SF Bay Area,,7/11/2022,0.5,Crypto,Series A,9,United States
Nextbite,Denver,,7/9/2022,,Food,Series C,150,United States
PuduTech,"Shenzen, Non-U.S.",1500.0,7/8/2022,,Other,Series C,184,China
Butler Hospitality,New York City,1000.0,7/8/2022,1.0,Food,Series B,50,United States
Calibrate,New York City,156.0,7/8/2022,0.24,Healthcare,Series B,127,United States
NextRoll,SF Bay Area,,7/8/2022,0.03,Marketing,Unknown,108,United States
Argo AI,Pittsburgh,150.0,7/7/2022,0.05,Transportation,Unknown,3600,United States
Next Insurance,SF Bay Area,150.0,7/7/2022,0.17,Finance,Series E,881,United States
Adwerx,Durham,40.0,7/7/2022,,Marketing,Unknown,20,United States
Emotive,Los Angeles,30.0,7/7/2022,0.18,Marketing,Series B,78,United States
Cedar,New York City,,7/7/2022,0.24,Healthcare,Series D,351,United States
Twitter,SF Bay Area,,7/7/2022,,Consumer,Post-IPO,5700,United States
Remote,SF Bay Area,100.0,7/6/2022,0.09,HR,Series C,496,United States
Shopify,"Ottawa, Non-U.S.",50.0,7/6/2022,,Retail,Post-IPO,122,Canada
Anodot,"Tel Aviv, Non-U.S.",35.0,7/6/2022,0.27,Data,Series C,64,Israel
SQream,New York City,30.0,7/6/2022,0.18,Data,Series B,77,United States
Anodot,"Tel Aviv, Non-U.S.",15.0,7/6/2022,0.2,Data,Series C,64,Israel
Motif Foodworks,Boston,,7/6/2022,,Food,Series B,344,United States
Loft,"Sao Paulo, Non-U.S.",384.0,7/5/2022,0.12,Real Estate,Unknown,788,Brazil
Bizzabo,New York City,120.0,7/5/2022,0.3,Marketing,Series E,194,United States
eToro,"Tel Aviv, Non-U.S.",100.0,7/5/2022,0.06,Finance,Unknown,322,Israel
Verbit,New York City,80.0,7/5/2022,0.1,Data,Series E,569,United States
Outschool,SF Bay Area,31.0,7/5/2022,0.18,Education,Series D,240,United States
Bullish,"Hong Kong, Non-U.S.",30.0,7/5/2022,0.08,Crypto,Unknown,300,Hong Kong
Transmit Security,Boston,27.0,7/5/2022,0.07,Security,Series A,583,United States
Thimble,New York City,20.0,7/5/2022,0.33,Finance,Series A,28,United States
Syte,"Tel Aviv, Non-U.S.",13.0,7/5/2022,0.08,Retail,Series C,71,Israel
Lightricks,"Jerusalem, Non-U.S.",80.0,7/4/2022,0.12,Consumer,Series D,335,Israel
Chessable,"London, Non-U.S.",29.0,7/4/2022,,Consumer,Acquired,,United Kingdom
Sendle,"Sydney, Non-U.S.",27.0,7/4/2022,0.12,Logistics,Series C,69,Australia
Lendis,"Berlin, Non-U.S.",18.0,7/4/2022,0.15,Other,Series A,90,Germany
Airtasker,"Sydney, Non-U.S.",,7/4/2022,,Consumer,Series C,26,Australia
Gorillas,"Berlin, Non-U.S.",540.0,7/3/2022,,Food,Series C,1300,Germany
Celsius,New York City,150.0,7/3/2022,0.25,Crypto,Series B,864,United States
LetsGetChecked,New York City,,7/2/2022,,Healthcare,Series D,263,United States
Perx Health,"Sydney, Non-U.S.",,7/2/2022,,Healthcare,Seed,2,Australia
Zepto,"Brisbane, Non-U.S.",,7/2/2022,0.1,Finance,Series A,25,Australia
WanderJaunt,SF Bay Area,85.0,7/1/2022,1.0,Travel,Series B,26,United States
Canoo,Los Angeles,58.0,7/1/2022,0.06,Transportation,Post-IPO,300,United States
Bamboo Health,Louisville,52.0,7/1/2022,,Healthcare,Unknown,,United States
Teleport,SF Bay Area,15.0,7/1/2022,0.06,Infrastructure,Series C,169,United States
Remesh,New York City,,7/1/2022,,Support,Series A,38,United States
Enjoy,SF Bay Area,400.0,6/30/2022,0.18,Retail,Post-IPO,310,United States
Crejo.Fun,"Bengaluru, Non-U.S.",170.0,6/30/2022,1.0,Education,Seed,3,India
Stash Financial,New York City,40.0,6/30/2022,0.08,Finance,Unknown,480,United States
Nate,New York City,30.0,6/30/2022,0.2,Retail,Series A,47,United States
Snyk,Boston,30.0,6/30/2022,,Security,Series F,849,United States
Stream,Boulder,20.0,6/30/2022,0.12,Product,Series B,58,United States
Finleap Connect,"Hamburg, Non-U.S.",14.0,6/30/2022,0.1,Finance,Series A,22,Germany
Abra,SF Bay Area,12.0,6/30/2022,0.05,Crypto,Series C,106,United States
Gavelytics,Los Angeles,,6/30/2022,1.0,Legal,Seed,5,United States
Secfi,SF Bay Area,,6/30/2022,,Finance,Series A,7,United States
Sundae,SF Bay Area,,6/30/2022,0.15,Real Estate,Series C,135,United States
Toppr,"Mumbai, Non-U.S.",350.0,6/29/2022,,Education,Acquired,112,India
Unity,SF Bay Area,200.0,6/29/2022,0.04,Other,Post-IPO,1300,United States
Niantic,SF Bay Area,85.0,6/29/2022,0.08,Consumer,Series D,770,United States
AvantStay,Los Angeles,80.0,6/29/2022,,Travel,Unknown,811,United States
Qumulo,Seattle,80.0,6/29/2022,0.19,Data,Series E,347,United States
Clutch,"Toronto, Non-U.S.",76.0,6/29/2022,0.22,Transportation,Series B,153,Canada
Parallel Wireless,Nashua,60.0,6/29/2022,,Infrastructure,Unknown,8,United States
Oye Rickshaw,"New Delhi, Non-U.S.",40.0,6/29/2022,0.2,Transportation,Unknown,13,India
Rows,"Berlin, Non-U.S.",18.0,6/29/2022,0.3,Other,Series B,25,Germany
Baton,SF Bay Area,16.0,6/29/2022,0.25,Transportation,Series A,13,United States
Substack,SF Bay Area,13.0,6/29/2022,0.14,Media,Series B,82,United States
CommentSold,Huntsville,,6/29/2022,,Retail,Unknown,,United States
Degreed,SF Bay Area,,6/29/2022,0.15,Education,Series D,411,United States
HomeLight,SF Bay Area,,6/29/2022,0.19,Real Estate,Series D,743,United States
Modsy,SF Bay Area,,6/29/2022,,Retail,Series C,72,United States
Volt Bank,"Sydney, Non-U.S.",,6/29/2022,1.0,Finance,Series E,90,Australia
Huobi,"Beijing, Non-U.S.",300.0,6/28/2022,0.3,Crypto,Unknown,2,China
WhiteHat Jr,"Mumbai, Non-U.S.",300.0,6/28/2022,,Education,Acquired,11,India
StockX,Detroit,120.0,6/28/2022,0.08,Retail,Series E,690,United States
Sidecar Health,Los Angeles,110.0,6/28/2022,0.4,Healthcare,Series C,163,United States
StockX,Detroit,80.0,6/28/2022,,Retail,Series E,690,United States
Vezeeta,"Dubai, Non-U.S.",50.0,6/28/2022,0.1,Healthcare,Series D,71,United Arab Emirates
Bright Machines,"Tel Aviv, Non-U.S.",30.0,6/28/2022,0.08,Data,Unknown,250,Israel
HealthMatch,"Sydney, Non-U.S.",18.0,6/28/2022,0.5,Healthcare,Series B,20,Australia
Booktopia,"Sydney, Non-U.S.",,6/28/2022,,Retail,Series A,23,Australia
Nova Benefits,"Bengaluru, Non-U.S.",,6/28/2022,0.3,Healthcare,Series B,41,India
Una Brands,"Singapore, Non-U.S.",,6/28/2022,0.1,Retail,Series A,55,Singapore
AppLovin,SF Bay Area,300.0,6/27/2022,0.12,Marketing,Post-IPO,1600,United States
UiPath,New York City,210.0,6/27/2022,0.05,Data,Post-IPO,2000,United States
Udaan,"Bengaluru, Non-U.S.",180.0,6/27/2022,0.04,Retail,Unknown,1500,India
Cue,San Diego,170.0,6/27/2022,,Healthcare,Post-IPO,999,United States
Banxa,"Melbourne, Non-U.S.",70.0,6/27/2022,0.3,Crypto,Post-IPO,13,Australia
SafeGraph,SF Bay Area,27.0,6/27/2022,0.25,Data,Series B,61,United States
Amount,Chicago,,6/27/2022,0.18,Finance,Unknown,283,United States
Postscript,SF Bay Area,43.0,6/26/2022,,Marketing,Series C,106,United States
Bitpanda,"Vienna, Non-U.S.",270.0,6/24/2022,0.27,Crypto,Series C,546,Austria
Sunday,Atlanta,90.0,6/24/2022,0.23,Finance,Series A,124,United States
Bestow,Dallas,41.0,6/24/2022,0.14,Finance,Series C,137,United States
Ethos Life,SF Bay Area,40.0,6/24/2022,0.12,Finance,Series D,406,United States
Feather,New York City,,6/24/2022,,Retail,Unknown,76,United States
Give Legacy,Boston,,6/24/2022,,Healthcare,Series B,45,United States
Netflix,SF Bay Area,300.0,6/23/2022,0.03,Media,Post-IPO,121900,United States
Aura,Boston,70.0,6/23/2022,0.09,Security,Series F,500,United States
Pipl,Spokane,22.0,6/23/2022,0.13,Security,Unknown,19,United States
Vouch,SF Bay Area,15.0,6/23/2022,0.07,Finance,Series C,159,United States
Voyage SMS,Los Angeles,8.0,6/23/2022,0.13,Marketing,Unknown,10,United States
Esper,Seattle,,6/23/2022,0.12,Other,Series A,10,United States
Kune,"Nairobi, Non-U.S.",,6/23/2022,1.0,Food,Seed,1,Kenya
Mark43,New York City,,6/23/2022,,Other,Series E,229,United States
Orchard,New York City,,6/23/2022,0.1,Real Estate,Series D,472,United States
Ro,New York City,,6/23/2022,0.18,Healthcare,Unknown,1000,United States
StreamElements,"Tel Aviv, Non-U.S.",,6/23/2022,0.2,Media,Series B,111,Israel
MasterClass,SF Bay Area,120.0,6/22/2022,0.2,Education,Series E,461,United States
IronNet,Washington D.C.,90.0,6/22/2022,0.35000000000000003,Security,Post-IPO,410,United States
Bungalow,SF Bay Area,70.0,6/22/2022,,Real Estate,Series C,171,United States
IronNet,Washington D.C.,55.0,6/22/2022,0.17,Security,Post-IPO,410,United States
Sprinklr,New York City,50.0,6/22/2022,,Support,Post-IPO,429,United States
Superpedestrian,Boston,35.0,6/22/2022,0.07,Transportation,Series C,261,United States
Voi,"Stockholm, Non-U.S.",35.0,6/22/2022,0.1,Transportation,Series D,515,Sweden
Balto,St. Louis,30.0,6/22/2022,,Sales,Series B,51,United States
Ritual,"Toronto, Non-U.S.",23.0,6/22/2022,0.16,Food,Series C,134,Canada
Mindgeek,"Luxembourg, Non-U.S.",,6/22/2022,,Media,Unknown,,Luxembourg
Voly,"Sydney, Non-U.S.",,6/22/2022,0.5,Food,Seed,13,Australia
Ebanx,"Curitiba, Non-U.S.",340.0,6/21/2022,0.2,Finance,Series B,460,Brazil
TaskUs,Los Angeles,52.0,6/21/2022,0.0,Support,Post-IPO,279,United States
Community,Los Angeles,40.0,6/21/2022,0.3,Marketing,Unknown,40,United States
Sourcegraph,SF Bay Area,24.0,6/21/2022,0.08,Product,Series D,248,United States
Frubana,"Bogota, Non-U.S.",,6/21/2022,0.03,Food,Series C,202,Colombia
SuperLearn,"Bengaluru, Non-U.S.",,6/21/2022,1.0,Education,Seed,,India
Tray.io,SF Bay Area,,6/21/2022,0.1,Data,Series C,109,United States
Bybit,"Singapore, Non-U.S.",600.0,6/20/2022,0.3,Crypto,Unknown,,Singapore
SummerBio,SF Bay Area,101.0,6/20/2022,1.0,Healthcare,Unknown,7,United States
Trax,"Singapore, Non-U.S.",100.0,6/20/2022,0.12,Retail,Series E,1000,Singapore
Aqgromalin,"Chennai, Non-U.S.",80.0,6/20/2022,0.3,Food,Unknown,12,India
Bonsai,"Toronto, Non-U.S.",30.0,6/20/2022,0.55,Retail,Series A,27,Canada
Brighte,"Sydney, Non-U.S.",30.0,6/20/2022,0.15,Energy,Series C,145,Australia
Buzzer,New York City,,6/20/2022,0.2,Media,Unknown,32,United States
Bybit,"Singapore, Non-U.S.",,6/20/2022,,Crypto,Unknown,,Singapore
CityMall,"Gurugram, Non-U.S.",191.0,6/19/2022,0.3,Retail,Series C,112,India
BitOasis,"Dubai, Non-U.S.",9.0,6/19/2022,0.05,Crypto,Series B,30,United Arab Emirates
Unacademy,"Bengaluru, Non-U.S.",150.0,6/18/2022,0.03,Education,Series H,838,India
Bytedance,"Shanghai, Non-U.S.",150.0,6/17/2022,,Consumer,Unknown,9400,China
Socure,Reno,69.0,6/17/2022,0.13,Finance,Series E,646,United States
Finite State,Columbus,16.0,6/17/2022,0.2,Security,Series B,49,United States
JOKR,New York City,50.0,6/16/2022,0.05,Food,Series B,430,United States
Zumper,SF Bay Area,45.0,6/16/2022,0.15,Real Estate,Series D,178,United States
PharmEasy,"Mumbai, Non-U.S.",40.0,6/16/2022,,Healthcare,Unknown,1600,India
Circulo Health,Columbus,,6/16/2022,0.5,Healthcare,Series A,50,United States
Swappie,"Helsinki, Non-U.S.",250.0,6/15/2022,0.17,Retail,Series C,169,Finland
Wealthsimple,"Toronto, Non-U.S.",159.0,6/15/2022,0.13,Finance,Unknown,900,Canada
Weee!,SF Bay Area,150.0,6/15/2022,0.1,Food,Series E,863,United States
Notarize,Boston,110.0,6/15/2022,0.25,Legal,Series D,213,United States
Elementor,"Tel Aviv, Non-U.S.",60.0,6/15/2022,0.15,Media,Unknown,65,Israel
Tonkean,SF Bay Area,23.0,6/15/2022,0.23,Other,Series B,83,United States
Airtame,"Copenhagen, Non-U.S.",15.0,6/15/2022,,Consumer,Unknown,7,Denmark
OpenWeb,"Tel Aviv, Non-U.S.",14.0,6/15/2022,0.05,Media,Series E,223,Israel
Swyft,"Toronto, Non-U.S.",10.0,6/15/2022,0.3,Logistics,Series A,20,Canada
Crehana,"Lima, Non-U.S.",,6/15/2022,,Education,Series B,93,Peru
JetClosing,Seattle,,6/15/2022,1.0,Real Estate,Series B,44,United States
Coinbase,SF Bay Area,1100.0,6/14/2022,0.18,Crypto,Post-IPO,549,United States
Redfin,Seattle,470.0,6/14/2022,0.08,Real Estate,Post-IPO,319,United States
Compass,New York City,450.0,6/14/2022,0.1,Real Estate,Post-IPO,1600,United States
Sami,"Sao Paulo, Non-U.S.",75.0,6/14/2022,0.15,Healthcare,Unknown,36,Brazil
Breathe,"New Delhi, Non-U.S.",50.0,6/14/2022,0.33,Healthcare,Series A,6,India
Hunty,"Bogota, Non-U.S.",30.0,6/14/2022,,HR,Seed,6,Colombia
TIFIN,Boulder,24.0,6/14/2022,0.1,Crypto,Series D,204,United States
Addi,"Bogota, Non-U.S.",,6/14/2022,,Finance,Series C,376,Colombia
Shopee,"Singapore, Non-U.S.",,6/14/2022,,Food,Unknown,,Singapore
BlockFi,New York City,250.0,6/13/2022,0.2,Crypto,Series E,1000,United States
Wave Sports and Entertainment,Los Angeles,56.0,6/13/2022,0.33,Media,Series B,65,United States
Studio,SF Bay Area,33.0,6/13/2022,0.4,Education,Series B,50,United States
Automox,Boulder,,6/13/2022,,Infrastructure,Series C,152,United States
Desktop Metal,Boston,,6/13/2022,0.12,Other,Post-IPO,811,United States
Crypto.com,"Singapore, Non-U.S.",260.0,6/10/2022,0.05,Crypto,Unknown,156,Singapore
FarEye,"New Delhi, Non-U.S.",250.0,6/10/2022,0.3,Logistics,Series E,150,India
Berlin Brands Group,"Berlin, Non-U.S.",100.0,6/10/2022,0.1,Retail,Unknown,1000,Germany
Sanar,"Sao Paulo, Non-U.S.",60.0,6/10/2022,0.2,Healthcare,Unknown,11,Brazil
Freetrade,"London, Non-U.S.",45.0,6/10/2022,0.15,Finance,Unknown,133,United Kingdom
Albert,Los Angeles,20.0,6/10/2022,0.08,Finance,Series C,175,United States
Keepe,Seattle,,6/10/2022,,Real Estate,Unknown,6,United States
Liongard,Houston,,6/10/2022,,Infrastructure,Series B,22,United States
Ziroom,"Beijing, Non-U.S.",,6/10/2022,0.2,Real Estate,Unknown,2100,China
OneTrust,Atlanta,950.0,6/9/2022,0.25,Security,Series C,926,United States
Stitch Fix,SF Bay Area,330.0,6/9/2022,0.15,Retail,Post-IPO,79,United States
Daniel Wellington,"Stockholm, Non-U.S.",200.0,6/9/2022,0.15,Retail,Unknown,,Sweden
Convoy,Seattle,90.0,6/9/2022,0.07,Logistics,Series E,1100,United States
Hologram,Chicago,80.0,6/9/2022,0.4,Infrastructure,Series B,82,United States
Boozt,"Malmo, Non-U.S.",70.0,6/9/2022,0.05,Retail,Post-IPO,56,Sweden
The Grommet,Boston,40.0,6/9/2022,1.0,Retail,Acquired,5,United States
Stashaway,"Singapore, Non-U.S.",31.0,6/9/2022,0.14,Finance,Series D,61,Singapore
Preply,Boston,26.0,6/9/2022,0.05,Education,Series C,100,United States
Jellysmack,New York City,,6/9/2022,0.08,Media,Series C,22,United States
Starship,SF Bay Area,,6/9/2022,0.11,Transportation,Series B,197,United States
Trade Republic,"Berlin, Non-U.S.",,6/9/2022,,Finance,Series C,1200,Germany
Sonder,SF Bay Area,250.0,6/8/2022,0.21,Travel,Post-IPO,839,United States
Kavak,"Sao Paulo, Non-U.S.",150.0,6/8/2022,,Transportation,Series E,1600,Brazil
Truepill,SF Bay Area,150.0,6/8/2022,0.15,Healthcare,Series D,255,United States
iPrice Group,Kuala Lumpur,50.0,6/8/2022,0.2,Retail,Unknown,26,Malaysia
Memmo,"Stockholm, Non-U.S.",,6/8/2022,0.4,Consumer,Unknown,24,Sweden
Cazoo,"London, Non-U.S.",750.0,6/7/2022,0.15,Transportation,Post-IPO,2000,United Kingdom
Cazoo,"London, Non-U.S.",750.0,6/7/2022,0.15,Transportation,Post-IPO,2000,United Kingdom
Rupeek,"Bengaluru, Non-U.S.",180.0,6/7/2022,0.15,Finance,Unknown,172,India
Lummo,"Jakarta, Non-U.S.",150.0,6/7/2022,,Marketing,Series C,149,Indonesia
Bird,Los Angeles,138.0,6/7/2022,0.23,Transportation,Post-IPO,783,United States
ID.me,Washington D.C.,130.0,6/7/2022,,Security,Unknown,275,United States
KiwiCo,SF Bay Area,40.0,6/7/2022,,Retail,Unknown,11,United States
Bond,SF Bay Area,,6/7/2022,,Finance,Series A,42,United States
CyberCube,SF Bay Area,,6/7/2022,,Finance,Series B,35,United States
Propzy,"Ho Chi Minh City, Non-U.S.",,6/7/2022,0.5,Real Estate,Series A,33,Vietnam
Clearco,"Toronto, Non-U.S.",60.0,6/6/2022,,Finance,Series C,681,Canada
Dutchie,Bend,50.0,6/6/2022,0.07,Other,Series D,603,United States
Clearco,"Dublin, Non-U.S.",,6/6/2022,,Finance,Series C,681,Ireland
Deep Instinct,New York City,,6/6/2022,0.1,Security,Series D,259,United States
Sendoso,SF Bay Area,,6/6/2022,0.14,Marketing,Series C,152,United States
Eruditus,"Mumbai, Non-U.S.",40.0,6/4/2022,,Education,Series E,1200,India
Afterverse,"Brasilia, Non-U.S.",60.0,6/3/2022,0.2,Consumer,Unknown,,Brazil
Superhuman,SF Bay Area,23.0,6/3/2022,0.22,Consumer,Series C,108,United States
Food52,New York City,21.0,6/3/2022,0.15,Food,Acquired,176,United States
5B Solar,"Sydney, Non-U.S.",,6/3/2022,0.25,Energy,Series A,12,Australia
Clubhouse,SF Bay Area,,6/3/2022,,Consumer,Series C,110,United States
Tesla,Austin,,6/3/2022,0.1,Transportation,Post-IPO,20200,United States
Carbon Health,SF Bay Area,250.0,6/2/2022,0.08,Healthcare,Series D,522,United States
Favo,"Sao Paulo, Non-U.S.",170.0,6/2/2022,,Food,Series A,31,Brazil
PolicyGenius,New York City,170.0,6/2/2022,0.25,Finance,Series E,286,United States
Yojak,"Gurugram, Non-U.S.",140.0,6/2/2022,0.5,Construction,Seed,3,India
Envato,"Melbourne, Non-U.S.",100.0,6/2/2022,,Marketing,Unknown,,Australia
Gemini,New York City,100.0,6/2/2022,0.1,Crypto,Unknown,423,United States
Stord,Atlanta,59.0,6/2/2022,0.08,Logistics,Series D,325,United States
Gather,SF Bay Area,30.0,6/2/2022,0.33,Consumer,Series B,76,United States
Shef,SF Bay Area,29.0,6/2/2022,,Food,Series A,28,United States
IRL,SF Bay Area,25.0,6/2/2022,0.25,Consumer,Series C,197,United States
Esme Learning,Boston,,6/2/2022,,Education,Unknown,37,United States
Kaodim,"Selangor, Non-U.S.",,6/2/2022,1.0,Consumer,Series B,17,Malaysia
Rain,"Manama, Non-U.S.",,6/2/2022,,Finance,Series B,202,Bahrain
TomTom,"Amsterdam, Non-U.S.",500.0,6/1/2022,0.1,Transportation,Post-IPO,,Netherlands
Cybereason,Boston,100.0,6/1/2022,0.06,Security,Series F,750,United States
Udayy,"Gurugram, Non-U.S.",100.0,6/1/2022,1.0,Education,Seed,2,India
2TM,"Sao Paulo, Non-U.S.",90.0,6/1/2022,0.12,Crypto,Unknown,250,Brazil
Curve,"London, Non-U.S.",65.0,6/1/2022,0.1,Finance,Series C,182,United Kingdom
Loom,SF Bay Area,34.0,6/1/2022,0.14,Product,Series C,203,United States
Skillshare,New York City,31.0,6/1/2022,,Education,Unknown,136,United States
Impala,"London, Non-U.S.",30.0,6/1/2022,0.35000000000000003,Travel,Series B,32,United Kingdom
Eaze,SF Bay Area,25.0,6/1/2022,,Consumer,Series D,202,United States
Side,SF Bay Area,,6/1/2022,0.1,Real Estate,Unknown,313,United States
Truck It In,"Karachi, Non-U.S.",,6/1/2022,0.3,Logistics,Seed,17,Pakistan
Playtika,"Tel Aviv, Non-U.S.",250.0,5/31/2022,0.06,Consumer,Post-IPO,,Israel
Replicated,Los Angeles,50.0,5/31/2022,,Infrastructure,Series C,85,United States
Tomo,Stamford,44.0,5/31/2022,0.33,Finance,Series A,110,United States
Getta,"Tel Aviv, Non-U.S.",30.0,5/31/2022,,Transportation,Series A,49,Israel
BookClub,Salt Lake City,12.0,5/31/2022,0.25,Education,Series A,26,United States
Cerebral,SF Bay Area,,5/31/2022,,Healthcare,Series C,462,United States
SWVL,"Dubai, Non-U.S.",400.0,5/30/2022,0.32,Transportation,Post-IPO,132,United Arab Emirates
Mobile Premier League,"Bengaluru, Non-U.S.",100.0,5/30/2022,0.1,Consumer,Series E,375,India
SumUp,"Sao Paulo, Non-U.S.",100.0,5/30/2022,0.03,Finance,Unknown,50,Brazil
Tempus Ex,SF Bay Area,,5/30/2022,,Data,Unknown,36,United States
FrontRow,"Bengaluru, Non-U.S.",145.0,5/27/2022,0.3,Education,Series A,17,India
Daloopa,"New Delhi, Non-U.S.",40.0,5/27/2022,,Data,Series A,23,India
Uncapped,"London, Non-U.S.",29.0,5/27/2022,0.26,Finance,Unknown,118,United Kingdom
Akerna,Denver,,5/27/2022,,Logistics,Unknown,46,United States
Terminus,Atlanta,,5/27/2022,,Marketing,Series C,120,United States
Terminus,Atlanta,,5/27/2022,,Marketing,Unknown,192,United States
VTEX,"Sao Paulo, Non-U.S.",200.0,5/26/2022,0.13,Retail,Post-IPO,365,Brazil
Bitso,"Mexico City, Non-U.S.",80.0,5/26/2022,0.11,Crypto,Series C,378,Mexico
Foodpanda,"Bucharest, Non-U.S.",80.0,5/26/2022,,Food,Acquired,749,Romania
Dazn,"London, Non-U.S.",50.0,5/26/2022,0.02,Consumer,Unknown,,United Kingdom
Lacework,SF Bay Area,300.0,5/25/2022,0.2,Security,Series D,1900,United States
Bolt,SF Bay Area,240.0,5/25/2022,0.27,Finance,Series E,1300,United States
PeerStreet,Los Angeles,75.0,5/25/2022,,Finance,Series C,121,United States
Kontist,"Berlin, Non-U.S.",50.0,5/25/2022,0.25,Finance,Series B,53,Germany
Nuri,"Berlin, Non-U.S.",45.0,5/25/2022,0.2,Finance,Series B,42,Germany
Coterie Insurance,Cincinnati,30.0,5/25/2022,0.2,Finance,Series B,70,United States
Airlift,"Lahore, Non-U.S.",,5/25/2022,0.31,Logistics,Series B,109,Pakistan
Getir,"Istanbul, Non-U.S.",,5/25/2022,0.14,Food,Series E,1800,Turkey
Zapp,"London, Non-U.S.",,5/25/2022,0.1,Food,,300,United Kingdom
Gorillas,"Berlin, Non-U.S.",300.0,5/24/2022,0.5,Food,Series C,1300,Germany
Zenius,"Jakarta, Non-U.S.",200.0,5/24/2022,,Education,Series B,20,Indonesia
The Zebra,Austin,40.0,5/24/2022,,Finance,Series D,256,United States
Klarna,"Stockholm, Non-U.S.",700.0,5/23/2022,0.1,Finance,Unknown,3700,Sweden
PayPal,SF Bay Area,83.0,5/23/2022,,Finance,Post-IPO,216,United States
Buenbit,"Buenos Aires, Non-U.S.",80.0,5/23/2022,0.45,Crypto,Series A,11,Argentina
BeyondMinds,"Tel Aviv, Non-U.S.",65.0,5/23/2022,1.0,Data,Series A,16,Israel
ClickUp,San Diego,60.0,5/23/2022,0.07,Other,Series C,537,United States
Airtime,New York City,30.0,5/23/2022,0.2,Consumer,Series B,33,United States
Olist,"Curitiba, Non-U.S.",,5/23/2022,,Retail,Series E,322,Brazil
MFine,"Bengaluru, Non-U.S.",600.0,5/21/2022,0.75,Healthcare,Series C,97,India
Latch,New York City,130.0,5/20/2022,0.28,Security,Post-IPO,342,United States
Outside,Boulder,87.0,5/20/2022,0.15,Media,Series B,174,United States
Skillz,SF Bay Area,70.0,5/20/2022,0.1,Consumer,Post-IPO,287,United States
Cars24,"Gurugram, Non-U.S.",600.0,5/19/2022,0.06,Transportation,Series G,1300,India
Vedantu,"Bengaluru, Non-U.S.",424.0,5/18/2022,0.07,Education,Series E,292,India
Netflix,SF Bay Area,150.0,5/17/2022,0.01,Media,Post-IPO,121900,United States
Kry,"Stockholm, Non-U.S.",100.0,5/17/2022,0.1,Healthcare,Series D,568,Sweden
Picsart,Miami,90.0,5/17/2022,0.08,Consumer,Series C,195,United States
Zak,"Sao Paulo, Non-U.S.",100.0,5/16/2022,0.4,Food,Series A,29,Brazil
Zulily,Seattle,,5/16/2022,,Retail,Acquired,194,United States
AliExpress Russia,"Moscow, Non-U.S.",400.0,5/14/2022,0.4,Retail,Acquired,60,Russia
Thirty Madison,New York City,24.0,5/14/2022,,Healthcare,Acquired,209,United States
CommonBond,New York City,22.0,5/13/2022,,Finance,Series D,130,United States
Subspace,Los Angeles,,5/13/2022,1.0,Infrastructure,Series B,,United States
Zwift,Los Angeles,150.0,5/12/2022,,Fitness,Series C,619,United States
Section4,New York City,32.0,5/12/2022,,Education,Series A,37,United States
Tripwire,Portland,,5/12/2022,,Security,Acquired,29,United States
DataRobot,Boston,70.0,5/11/2022,0.07,Data,Series G,1000,United States
Carvana,Phoenix,2500.0,5/10/2022,0.12,Transportation,Post-IPO,1600,United States
Doma,SF Bay Area,310.0,5/10/2022,0.15,Finance,Post-IPO,679,United States
Pollen,"London, Non-U.S.",200.0,5/10/2022,0.33,Travel,Series C,238,United Kingdom
Latch,New York City,30.0,5/10/2022,0.06,Security,Post-IPO,342,United States
Meero,"Paris, Non-U.S.",350.0,5/9/2022,0.5,Other,Series C,293,France
Vroom,New York City,270.0,5/9/2022,0.14,Transportation,Post-IPO,1300,United States
Reef,Miami,750.0,5/6/2022,0.05,Transportation,Unknown,1500,United States
divvyDOSE,Davenport,62.0,5/6/2022,,Healthcare,Acquired,,United States
Vedantu,"Bengaluru, Non-U.S.",200.0,5/5/2022,0.03,Education,Series E,292,India
Progrexion,Salt Lake City,100.0,5/5/2022,,Finance,Acquired,202,United States
Mural,SF Bay Area,90.0,5/5/2022,0.1,Product,Series C,192,United States
On Deck,SF Bay Area,72.0,5/5/2022,0.25,Education,Series A,20,United States
SEND,"Sydney, Non-U.S.",300.0,5/4/2022,1.0,Food,Seed,3,Australia
Colossus,Boston,97.0,5/4/2022,,Energy,Series A,41,United States
Cameo,Chicago,87.0,5/4/2022,0.25,Consumer,Unknown,165,United States
Mainstreet,SF Bay Area,45.0,5/4/2022,0.3,Finance,Series A,64,United States
Ideoclick,Seattle,40.0,5/4/2022,,Retail,Series A,7,United States
Vise,New York City,25.0,5/4/2022,,Finance,Series C,128,United States
Bizpay,"Sydney, Non-U.S.",,5/4/2022,0.3,Finance,Unknown,45,Australia
Thrasio,Boston,,5/2/2022,,Retail,Unknown,3400,United States
Avo,"Tel Aviv, Non-U.S.",500.0,5/1/2022,0.67,Food,Series B,45,Israel
Noom,New York City,495.0,4/29/2022,,Healthcare,Series F,657,United States
Domestika,SF Bay Area,150.0,4/28/2022,0.19,Education,Series D,130,United States
Netflix,SF Bay Area,25.0,4/28/2022,,Media,Post-IPO,121900,United States
Wahoo Fitness,Atlanta,50.0,4/27/2022,,Fitness,Unknown,,United States
Robinhood,SF Bay Area,340.0,4/26/2022,0.09,Finance,Post-IPO,5600,United States
Bonsai,"Toronto, Non-U.S.",29.0,4/26/2022,0.34,Retail,Series A,27,Canada
Sigfox,"Toulouse, Non-U.S.",64.0,4/25/2022,,Other,Acquired,277,France
Clyde,New York City,22.0,4/25/2022,,Marketing,Series B,58,United States
Xiaohongshu,"Shanghai, Non-U.S.",180.0,4/21/2022,0.09,Consumer,Series E,917,China
Facily,"Sao Paulo, Non-U.S.",260.0,4/20/2022,0.3,Retail,Series D,502,Brazil
Lemonade,New York City,52.0,4/20/2022,,Finance,Post-IPO,481,United States
Blend,SF Bay Area,200.0,4/19/2022,0.1,Finance,Post-IPO,665,United States
QuintoAndar,"Sao Paulo, Non-U.S.",160.0,4/19/2022,0.04,Real Estate,Series E,755,Brazil
Loft,"Sao Paulo, Non-U.S.",159.0,4/19/2022,,Real Estate,Unknown,788,Brazil
Better.com,New York City,,4/19/2022,,Real Estate,Unknown,905,United States
Automox,Boulder,,4/18/2022,0.11,Infrastructure,Series C,152,United States
Humble,SF Bay Area,10.0,4/15/2022,,Media,Acquired,4,United States
Halcyon Health,New York City,,4/15/2022,1.0,Healthcare,Unknown,2,United States
Ahead,SF Bay Area,44.0,4/14/2022,1.0,Healthcare,Unknown,9,United States
Truepill,SF Bay Area,,4/14/2022,,Healthcare,Series D,255,United States
Rad Power Bikes,Seattle,100.0,4/12/2022,0.14,Transportation,Series D,329,United States
Meesho,"Bengaluru, Non-U.S.",150.0,4/11/2022,,Retail,Series F,1100,India
Food52,New York City,20.0,4/8/2022,0.1,Food,Acquired,176,United States
Unacademy,"Bengaluru, Non-U.S.",1000.0,4/7/2022,0.17,Education,Series H,838,India
Goodfood,"Calgary, Non-U.S.",70.0,4/7/2022,,Food,Post-IPO,16,Canada
Workrise,Austin,450.0,4/5/2022,,Energy,Series E,752,United States
Fast,SF Bay Area,,4/5/2022,1.0,Finance,Series B,124,United States
BitMEX,Non-U.S.,75.0,4/4/2022,0.25,Crypto,Seed,,Seychelles
Legible,"Vancouver, Non-U.S.",23.0,4/4/2022,0.38,Media,Post-IPO,3,Canada
Lightico,"Tel Aviv, Non-U.S.",20.0,3/31/2022,,Finance,Series B,42,Israel
Sea,"Bengaluru, Non-U.S.",350.0,3/30/2022,,Retail,Post-IPO,8600,India
Rasa,"Berlin, Non-U.S.",59.0,3/30/2022,0.4,Data,Series B,40,Germany
Gopuff,Philadelphia,450.0,3/29/2022,0.03,Food,Series H,3400,United States
Thinkific,"Vancouver, Non-U.S.",100.0,3/29/2022,0.2,Education,Post-IPO,22,Canada
Furlenco,"Bengaluru, Non-U.S.",180.0,3/26/2022,,Retail,Series D,228,India
Grove Collaborative,SF Bay Area,,3/19/2022,0.17,Retail,Series E,474,United States
Storytel,"Stockholm, Non-U.S.",100.0,3/17/2022,0.1,Media,Post-IPO,275,Sweden
Curology,SF Bay Area,150.0,3/16/2022,,Healthcare,Series D,19,United States
Trell,"Bengaluru, Non-U.S.",300.0,3/15/2022,0.5,Retail,Series B,62,India
Knock,New York City,115.0,3/15/2022,0.46,Real Estate,Unknown,654,United States
Talis Biomedical,SF Bay Area,,3/15/2022,0.25,Healthcare,Post-IPO,8,United States
Sezzle,Minneapolis,,3/10/2022,0.2,Finance,Post-IPO,301,United States
Better.com,New York City,3000.0,3/8/2022,0.33,Real Estate,Unknown,905,United States
Adaptive Biotechnologies,Seattle,100.0,3/8/2022,0.12,Healthcare,Post-IPO,406,United States
Hyperscience,New York City,100.0,3/3/2022,0.25,Data,Series E,289,United States
WeDoctor,Non-U.S.,500.0,3/2/2022,,Healthcare,Series F,1400,China
Wish,SF Bay Area,190.0,3/1/2022,0.15,Retail,Post-IPO,1600,United States
iFit,Logan,,2/25/2022,,Fitness,Private Equity,200,United States
OKCredit,"New Delhi, Non-U.S.",30.0,2/24/2022,,Finance,Series B,85,India
Lido,"Mumbai, Non-U.S.",150.0,2/21/2022,,Education,Series A,24,India
Virgin Hyperloop,Los Angeles,111.0,2/21/2022,0.5,Transportation,Unknown,368,United States
Trustly,"Stockholm, Non-U.S.",120.0,2/17/2022,,Finance,Acquired,28,Sweden
Liv Up,"Sao Paulo, Non-U.S.",100.0,2/16/2022,0.15,Food,Series D,118,Brazil
Homie,Salt Lake City,119.0,2/14/2022,0.29,Real Estate,Series B,35,United States
Hopin,"London, Non-U.S.",138.0,2/10/2022,0.12,Other,Series D,1000,United Kingdom
Daily Harvest,New York City,60.0,2/10/2022,0.2,Food,Series D,120,United States
Peloton,New York City,2800.0,2/8/2022,0.2,Fitness,Post-IPO,1900,United States
Defined.ai,Seattle,,2/7/2022,,Data,Series B,78,United States
Rhino,New York City,57.0,2/3/2022,0.2,Real Estate,Unknown,133,United States
Gopuff,Philadelphia,100.0,1/26/2022,,Food,Series H,3400,United States
Glossier,New York City,80.0,1/26/2022,0.33,Consumer,Series E,266,United States
Root Insurance,Columbus,330.0,1/20/2022,,Finance,Post-IPO,527,United States
Protonn,"Bengaluru, Non-U.S.",,1/20/2022,1.0,Other,Seed,9,India
Spin,SF Bay Area,,1/8/2022,0.25,Transportation,Acquired,8,United States
Delivery Hero,"Berlin, Non-U.S.",300.0,12/22/2021,,Food,Post-IPO,8300,Germany
iFit,Logan,,12/8/2021,,Fitness,Private Equity,200,United States
Better.com,New York City,900.0,12/1/2021,0.09,Real Estate,Unknown,905,United States
BitTitan,Seattle,70.0,11/18/2021,0.27,Data,Acquired,46,United States
Zillow,Seattle,2000.0,11/2/2021,0.25,Real Estate,Post-IPO,97,United States
InVision,New York City,22.0,10/5/2021,,Product,Unknown,356,United States
Ozy Media,SF Bay Area,,10/1/2021,1.0,Media,Series C,70,United States
Zymergen,SF Bay Area,120.0,9/23/2021,,Other,Post-IPO,974,United States
Imperfect Foods,SF Bay Area,,9/22/2021,,Food,Series D,229,United States
Genius,New York City,,9/15/2021,,Consumer,Acquired,78,United States
Treehouse,Portland,41.0,9/14/2021,0.9,Education,Series B,12,United States
Casper,New York City,,9/14/2021,,Retail,Post-IPO,339,United States
Tanium,Seattle,30.0,8/30/2021,,Security,Unknown,1000,United States
Flockjay,SF Bay Area,37.0,8/24/2021,0.5,Education,Series A,14,United States
Bytedance,"Shanghai, Non-U.S.",1800.0,8/5/2021,,Consumer,Unknown,9400,China
Pagarbook,"Bengaluru, Non-U.S.",80.0,7/26/2021,,HR,Series A,17,India
Katerra,SF Bay Area,2434.0,6/1/2021,1.0,Construction,Unknown,1600,United States
SumUp,"London, Non-U.S.",,5/5/2021,,Finance,Unknown,53,United Kingdom
Lambda School,SF Bay Area,65.0,4/29/2021,,Education,Series C,122,United States
Madefire,SF Bay Area,,4/29/2021,1.0,Media,Series B,16,United States
Patreon,SF Bay Area,36.0,4/26/2021,,Media,Series D,165,United States
New Relic,SF Bay Area,160.0,4/6/2021,0.07,Infrastructure,Post-IPO,214.5,United States
Medium,SF Bay Area,,3/24/2021,,Media,Series C,132,United States
HuffPo,New York City,47.0,3/9/2021,,Media,Acquired,37,United States
Subspace,Los Angeles,,3/3/2021,,Infrastructure,Series B,,United States
Clumio,SF Bay Area,,3/1/2021,,Data,Series C,186,United States
DJI,SF Bay Area,,2/24/2021,,Consumer,Unknown,105,United States
Ninjacart,"Bengaluru, Non-U.S.",200.0,2/23/2021,,Food,Unknown,194,India
Bounce,"Bengaluru, Non-U.S.",200.0,2/22/2021,0.4,Transportation,Series D,214.2,India
ThredUp,Chicago,243.0,2/9/2021,,Retail,Series F,305,United States
Indigo,Boston,80.0,2/9/2021,,Other,Series F,1200,United States
Limelight,New York City,13.0,2/4/2021,1.0,Recruiting,Unknown,,United States
Quandoo,"Berlin, Non-U.S.",87.0,2/3/2021,0.2,Food,Acquired,39,Germany
Hubba,"Toronto, Non-U.S.",45.0,2/1/2021,1.0,Retail,Series B,61,Canada
Bytedance,"Mumbai, Non-U.S.",1800.0,1/27/2021,,Consumer,Unknown,7400,India
Privitar,"London, Non-U.S.",20.0,1/27/2021,,Data,Series C,150,United Kingdom
Shutterfly,SF Bay Area,800.0,1/25/2021,,Retail,Acquired,50,United States
Postmates,SF Bay Area,180.0,1/23/2021,0.15,Food,Acquired,763,United States
Instacart,SF Bay Area,1877.0,1/21/2021,,Food,Unknown,2400,United States
Pocketmath,Singapore,21.0,1/20/2021,1.0,Marketing,Unknown,20,Singapore
Dropbox,SF Bay Area,315.0,1/13/2021,0.15,Other,Post-IPO,1700,United States
Aura Financial,SF Bay Area,,1/11/2021,1.0,Finance,Unknown,584,United States
Simple,Portland,,1/7/2021,1.0,Finance,Acquired,15,United States
WhiteHat Jr,"Mumbai, Non-U.S.",1800.0,1/6/2021,,Education,Acquired,11,India
Pulse Secure,SF Bay Area,78.0,12/23/2020,,Security,Acquired,,United States
Breather,"Montreal, Non-U.S.",120.0,12/16/2020,0.8,Real Estate,Series D,131,Canada
Actifio,Boston,54.0,12/16/2020,,Data,Acquired,352,United States
OYO,"Gurugram, Non-U.S.",600.0,12/8/2020,,Travel,Series F,3200,India
Zinier,SF Bay Area,,11/25/2020,,HR,Series C,120,United States
Aya,"Toronto, Non-U.S.",5.0,11/19/2020,0.25,Finance,Seed,3,Canada
Domio,New York City,,11/18/2020,0.5,Real Estate,Series B,116,United States
Bridge Connector,Nashville,154.0,11/17/2020,1.0,Healthcare,Series B,45,United States
Tidepool,SF Bay Area,18.0,11/17/2020,0.4,Healthcare,Unknown,,United States
Igenous,Seattle,,11/17/2020,,Data,Series C,67,United States
Scoop,SF Bay Area,,11/17/2020,,Transportation,Series C,95,United States
Worksmith,Austin,30.0,11/9/2020,0.5,Retail,Unknown,3.8,United States
Rubica,Seattle,,11/5/2020,1.0,Security,Series A,14,United States
Bossa Nova,SF Bay Area,,11/2/2020,0.5,Retail,Unknown,101.6,United States
LivePerson,New York City,30.0,11/1/2020,,Support,Post-IPO,42,United States
Remedy,Austin,82.0,10/29/2020,,Healthcare,Series A,12.5,United States
Knotel,New York City,20.0,10/29/2020,0.08,Real Estate,Series C,560,United States
Cheetah,SF Bay Area,,10/25/2020,,Food,Series B,67,United States
CodeCombat,SF Bay Area,8.0,10/23/2020,,Education,Series A,8,United States
Quibi,Los Angeles,,10/21/2020,1.0,Media,Private Equity,1800,United States
Zomato,"Jakarta, Non-U.S.",,10/20/2020,,Food,Series J,914,Indonesia
GetYourGuide,"Berlin, Non-U.S.",90.0,10/14/2020,0.17,Travel,Series E,656,Germany
OLX India,"New Delhi, Non-U.S.",250.0,10/10/2020,,Marketing,Acquired,28,India
Chef,Seattle,,10/8/2020,,Infrastructure,Acquired,105,United States
Alto Pharmacy,SF Bay Area,47.0,9/29/2020,0.06,Healthcare,Series D,356,United States
TheWrap,Los Angeles,,9/29/2020,,Media,Series B,3.5,United States
HumanForest,"London, Non-U.S.",,9/25/2020,,Transportation,Private Equity,1.54,United Kingdom
WeWork ,"Shenzen, Non-U.S.",,9/23/2020,,Real Estate,Series H,19500,China
Air,New York City,,9/16/2020,0.16,Marketing,Series A,18,United States
NS8,Las Vegas,240.0,9/11/2020,0.9500000000000001,Data,Series A,157.9,United States
Bleacher Report,"London, Non-U.S.",20.0,9/11/2020,,Media,Acquired,40.5,United Kingdom
HubHaus,SF Bay Area,,9/11/2020,1.0,Real Estate,Series A,13.4,United States
Waze,SF Bay Area,30.0,9/9/2020,0.054000000000000006,Transportation,Acquired,67,United States
Ouster,SF Bay Area,,9/8/2020,0.1,Transportation,Series B,132,United States
Swing Education,SF Bay Area,,9/5/2020,,Education,Series B,22.8,United States
Akerna,Denver,,9/2/2020,,Logistics,Post-IPO,,United States
Awok,"Dubai, Non-U.S.",,9/2/2020,1.0,Retail,Series A,30,United Arab Emirates
Big Fish Games,Seattle,250.0,9/1/2020,,Media,Acquired,95.2,United States
GoBear,"Singapore, Non-U.S.",22.0,9/1/2020,0.11,Finance,Unknown,97,Singapore
MakeMyTrip,"New Delhi, Non-U.S.",350.0,8/31/2020,0.1,Travel,Post-IPO,548,India
Salesforce,SF Bay Area,1000.0,8/26/2020,0.018500000000000003,Sales,Post-IPO,65.4,United States
kununu,Boston,,8/26/2020,,Recruiting,Acquired,,United States
Superloop,"Brisbane, Non-U.S.",30.0,8/24/2020,,Infrastructure,Post-IPO,36,Australia
Spaces,Los Angeles,,8/24/2020,,Media,Acquired,9.5,United States
StreamSets,SF Bay Area,,8/20/2020,,Data,Series C,76.2,United States
Docly,"London, Non-U.S.",8.0,8/19/2020,0.8,Healthcare,Seed,15.5,United Kingdom
Mapify,"Berlin, Non-U.S.",,8/19/2020,,Travel,Seed,1.3,Germany
Lumina Networks,SF Bay Area,,8/18/2020,1.0,Infrastructure,Series A,10,United States
DJI,"Shenzen, Non-U.S.",,8/17/2020,,Consumer,Unknown,105,China
Shopify,"Ottawa, Non-U.S.",30.0,8/14/2020,,Retail,Post-IPO,122.3,Canada
InVision,New York City,,8/14/2020,,Product,Series F,350.2,United States
HopSkipDrive,Los Angeles,,8/12/2020,,Transportation,Unknown,45,United States
Mozilla,SF Bay Area,250.0,8/11/2020,0.25,Consumer,Unknown,2.3,United States
Eatsy,"Singapore, Non-U.S.",20.0,8/8/2020,1.0,Food,Seed,0.9755,Singapore
Glossier,New York City,150.0,8/7/2020,0.38,Retail,Series D,186.4,United States
The Appraisal Lane,"Montevideo, Non-U.S.",,8/7/2020,,Transportation,Seed,1.8,Uruguay
Thriver,"Toronto, Non-U.S.",75.0,8/6/2020,0.5,Food,Series B,53,Canada
Vesta,Atlanta,56.0,8/5/2020,,Sales,Unknown,20,United States
Booking.com,"Amsterdam, Non-U.S.",4375.0,7/30/2020,0.25,Travel,Acquired,,Netherlands
Buy.com / Rakuten,SF Bay Area,87.0,7/30/2020,1.0,Retail,Acquired,42.4,United States
tZero,New York City,,7/30/2020,,Finance,Acquired,472,United States
Pared,SF Bay Area,,7/29/2020,,Food,Unknown,13,United States
Procore,Los Angeles,180.0,7/28/2020,0.09,Construction,Unknown,649,United States
Swiggy,"Bengaluru, Non-U.S.",350.0,7/27/2020,0.05,Food,Series I,1600,India
Zeitgold,"Berlin, Non-U.S.",75.0,7/27/2020,0.72,Finance,Series B,60.18,Germany
Perkbox,"London, Non-U.S.",,7/27/2020,,HR,Unknown,29.7,United Kingdom
Checkr,SF Bay Area,64.0,7/23/2020,0.12,HR,Series D,309,United States
Sorabel,"Jakarta, Non-U.S.",,7/23/2020,1.0,Retail,Series B,27,Indonesia
LinkedIn,SF Bay Area,960.0,7/21/2020,0.06,Recruiting,Acquired,154,United States
Lighter Capital,Seattle,22.0,7/20/2020,0.49,Finance,Series B,15,United States
Curefit,"Bengaluru, Non-U.S.",120.0,7/17/2020,,Fitness,Series D,404.6,India
Snaptravel,"Toronto, Non-U.S.",,7/16/2020,,Travel,Series A,22.4,Canada
Optimizely,SF Bay Area,60.0,7/15/2020,0.15,Marketing,Series D,251.2,United States
Skyscanner,"Edinburgh, Non-U.S.",300.0,7/14/2020,0.2,Travel,Acquired,197.2,United Kingdom
Vox Media,Washington D.C.,,7/14/2020,,Media,Series F,307.6,United States
Yelp,SF Bay Area,63.0,7/13/2020,,Consumer,Post-IPO,56,United States
Bizongo,"Mumbai, Non-U.S.",140.0,7/10/2020,,Logistics,Series C,70,India
Zilingo,"Singapore, Non-U.S.",100.0,7/9/2020,0.12,Retail,Series D,307,Singapore
PaySense,"Mumbai, Non-U.S.",40.0,7/9/2020,,Finance,Acquired,25.6,India
Funding Circle,SF Bay Area,85.0,7/8/2020,,Finance,Post-IPO,746,United States
OnDeck,New York City,,7/8/2020,,Finance,Post-IPO,1200,United States
The Wing,New York City,56.0,7/1/2020,,Real Estate,Series C,117,United States
Sharethrough,SF Bay Area,18.0,7/1/2020,,Marketing,Series D,38,United States
Kongregate,SF Bay Area,12.0,7/1/2020,,Media,Series C,19,United States
Havenly,Denver,5.0,7/1/2020,,Consumer,Series C,57.8,United States
G2,Chicago,17.0,6/30/2020,0.05,Marketing,Series C,100.8,United States
Hired,SF Bay Area,,6/30/2020,,Recruiting,Series D,132,United States
Katerra,SF Bay Area,400.0,6/29/2020,0.07,Construction,Series E,1300,United States
Bounce,"Bengaluru, Non-U.S.",130.0,6/29/2020,0.22,Transportation,Series D,214.2,India
Argo AI,"Munich, Non-U.S.",100.0,6/29/2020,,Transportation,Unknown,3600,Germany
Bossa Nova,SF Bay Area,61.0,6/29/2020,,Retail,Unknown,101.6,United States
New Relic,Portland,20.0,6/29/2020,,Infrastructure,Post-IPO,214.5,United States
Engine eCommerce,Fayetteville,,6/28/2020,1.0,Retail,Unknown,4,United States
Byton,SF Bay Area,,6/27/2020,,Transportation,Series C,1200,United States
Sprinklr,New York City,,6/25/2020,,Support,Series F,228,United States
GoDaddy,Austin,451.0,6/24/2020,0.06,Marketing,Post-IPO,,United States
Sonos,New York City,174.0,6/24/2020,0.12,Consumer,Post-IPO,455.2,United States
OYO,Dallas,,6/24/2020,,Travel,Series F,3200,United States
Gojek,"Jakarta, Non-U.S.",430.0,6/23/2020,0.09,Transportation,Series F,4800,Indonesia
ScaleFactor,Austin,90.0,6/23/2020,0.9,Finance,Series C,103,United States
Dark,SF Bay Area,6.0,6/23/2020,1.0,Product,Seed,3,United States
Intuit,SF Bay Area,715.0,6/22/2020,0.07,Finance,Post-IPO,18,United States
WeWork,"London, Non-U.S.",200.0,6/19/2020,,Real Estate,Series H,19500,United Kingdom
Atlas Obscura ,New York City,15.0,6/18/2020,,Media,Series B,32,United States
Navi,"Bengaluru, Non-U.S.",40.0,6/17/2020,0.25,Finance,Private Equity,582,India
PaisaBazaar,"Gurugram, Non-U.S.",1500.0,6/16/2020,0.5,Finance,Series G,496,India
Grab,"Singapore, Non-U.S.",360.0,6/16/2020,0.05,Transportation,Series I,9900,Singapore
Splunk,SF Bay Area,70.0,6/16/2020,0.01,Data,Post-IPO,40,United States
Redox,Madison,44.0,6/16/2020,0.25,Healthcare,Series C,50,United States
Conga,Denver,,6/15/2020,0.11,Data,Acquired,117,United States
Stockwell AI,SF Bay Area,,6/15/2020,1.0,Retail,Series B,10,United States
Uber,"Amsterdam, Non-U.S.",225.0,6/12/2020,0.25,Transportation,Post-IPO,24700,Netherlands
SynapseFI,SF Bay Area,63.0,6/12/2020,0.48,Finance,Series B,50,United States
ScaleFocus,"Sofia, Non-U.S.",120.0,6/11/2020,0.1,Infrastructure,Unknown,,Bulgaria
Branch,New York City,3.0,6/11/2020,0.27,Retail,Seed,2,United States
Her Campus Media,Boston,10.0,6/10/2020,0.18,Media,Unknown,,United States
Integrate.ai,"Toronto, Non-U.S.",26.0,6/9/2020,,Support,Unknown,39.6,Canada
The Athletic,SF Bay Area,46.0,6/5/2020,0.08,Media,Series D,139,United States
Ethos Life,SF Bay Area,18.0,6/5/2020,0.14,Finance,Series C,106,United States
Lastline,SF Bay Area,50.0,6/4/2020,0.4,Security,Series C,52,United States
Builder,Los Angeles,39.0,6/4/2020,0.14,Product,Series A,29,United States
Outdoorsy,SF Bay Area,,6/4/2020,,Transportation,Series C,75,United States
Monzo,"London, Non-U.S.",120.0,6/3/2020,0.08,Finance,Series F,324,United Kingdom
Kitty Hawk,SF Bay Area,70.0,6/3/2020,,Aerospace,Unknown,1,United States
SpotHero,Chicago,40.0,6/3/2020,0.21,Transportation,Series D,117,United States
Credit Sesame,SF Bay Area,22.0,6/3/2020,0.14,Finance,Series F,120,United States
Circ,"Berlin, Non-U.S.",100.0,6/2/2020,,Transportation,Acquired,55,Germany
Rivian,Detroit,40.0,6/2/2020,0.02,Transportation,Private Equity,3100,United States
Fundbox,SF Bay Area,14.0,6/2/2020,0.15,Finance,Series C,453,United States
Descartes Labs,Santa Fe,12.0,6/2/2020,0.16,Data,Series B,58,United States
MakerBot,New York City,12.0,6/2/2020,,Consumer,Acquired,10,United States
Stitch Fix,SF Bay Area,1400.0,6/1/2020,0.18,Retail,Post-IPO,79,United States
MakeMyTrip,"Gurugram, Non-U.S.",350.0,6/1/2020,0.1,Travel,Post-IPO,548,India
CrowdStreet,Portland,24.0,6/1/2020,0.22,Real Estate,Series C,24,United States
Brex,SF Bay Area,62.0,5/29/2020,0.15,Finance,Series C,732,United States
Loftium,Seattle,32.0,5/29/2020,0.6,Real Estate,Series A,17,United States
BookMyShow,"Mumbai, Non-U.S.",270.0,5/28/2020,0.18,Consumer,Unknown,224,India
TrueCar,Los Angeles,219.0,5/28/2020,0.3,Transportation,Post-IPO,340,United States
StubHub,SF Bay Area,200.0,5/28/2020,,Consumer,Acquired,19,United States
Culture Amp,"Melbourne, Non-U.S.",36.0,5/28/2020,0.08,HR,Series E,157,Australia
The Sill,New York City,20.0,5/28/2020,0.25,Retail,Series A,7,United States
Instructure,Salt Lake City,150.0,5/27/2020,0.12,Education,Acquired,89,United States
Ebanx,"Curitiba, Non-U.S.",62.0,5/27/2020,0.08,Finance,Unknown,30,Brazil
Uber,Bengaluru,600.0,5/26/2020,0.23,Transportation,Post-IPO,24700,India
Bluprint,Denver,137.0,5/26/2020,1.0,Education,Acquired,108,United States
Acorns,Portland,50.0,5/26/2020,,Finance,Unknown,207,United States
CarDekho,"Gurugram, Non-U.S.",200.0,5/25/2020,,Transportation,Series D,247,India
Teamwork,"Cork, Non-U.S.",21.0,5/22/2020,,Other,Unknown,,Ireland
Cvent,Washington D.C.,400.0,5/21/2020,0.1,Marketing,Acquired,146,United States
PickYourTrail,"Chennai, Non-U.S.",70.0,5/21/2020,0.35000000000000003,Travel,Series A,3,India
Glitch,New York City,18.0,5/21/2020,0.36,Product,Series A,30,United States
Kapten / Free Now,"Paris, Non-U.S.",,5/21/2020,,Transportation,Acquired,100,France
Ola,"Bengaluru, Non-U.S.",1400.0,5/20/2020,0.35000000000000003,Transportation,Series J,3800,India
Samsara,SF Bay Area,300.0,5/20/2020,0.18,Logistics,Series F,530,United States
Stay Alfred,Spokane,221.0,5/20/2020,1.0,Travel,Series B,62,United States
SoFi,SF Bay Area,112.0,5/20/2020,0.07,Finance,Private Equity,2500,United States
ShareChat,"Bengaluru, Non-U.S.",101.0,5/20/2020,0.25,Marketing,Series D,222,India
Intercom,SF Bay Area,39.0,5/20/2020,0.06,Support,Series D,240,United States
Livspace,"Bengaluru, Non-U.S.",450.0,5/19/2020,0.15,Retail,Series D,157,India
Pollen,"London, Non-U.S.",69.0,5/19/2020,0.31,Travel,Series B,88,United Kingdom
Dotscience,"London, Non-U.S.",10.0,5/19/2020,1.0,Product,Unknown,,United Kingdom
Divvy,Salt Lake City,,5/19/2020,,Finance,Series C,252,United States
Uber,SF Bay Area,3000.0,5/18/2020,0.13,Transportation,Post-IPO,24700,United States
Agoda,"Singapore, Non-U.S.",1500.0,5/18/2020,0.25,Travel,Acquired,,Singapore
Swiggy,"Bengaluru, Non-U.S.",1100.0,5/18/2020,0.14,Food,Series I,1600,India
WeWork,"New Delhi, Non-U.S.",100.0,5/18/2020,0.2,Real Estate,Series H,19500,India
Rubrik,SF Bay Area,57.0,5/18/2020,,Infrastructure,Series E,553,United States
Intapp,SF Bay Area,45.0,5/18/2020,0.05,Legal,Private Equity,,United States
Checkmarx,"Tel Aviv, Non-U.S.",,5/18/2020,,Security,Acquired,92,Israel
Datera,SF Bay Area,,5/18/2020,0.1,Infrastructure,Series C,63,United States
Magicbricks,"Noida, Non-U.S.",250.0,5/17/2020,,Real Estate,Unknown,300,India
Zomato,"Gurugram, Non-U.S.",520.0,5/15/2020,0.13,Food,Series J,914,India
Lendingkart,"Ahmedabad, Non-U.S.",500.0,5/15/2020,0.5,Finance,Unknown,200,India
Lattice,SF Bay Area,16.0,5/15/2020,0.1,HR,Series C,49,United States
Masse,New York City,,5/15/2020,1.0,Retail,Seed,3,United States
Cruise,SF Bay Area,150.0,5/14/2020,0.08,Transportation,Acquired,5300,United States
Quartz,New York City,80.0,5/14/2020,0.4,Media,Acquired,,United States
Integral Ad Science,New York City,70.0,5/14/2020,0.1,Marketing,Acquired,116,United States
Ridecell,SF Bay Area,35.0,5/14/2020,0.15,Transportation,Series B,73,United States
Veem,SF Bay Area,30.0,5/14/2020,,Finance,Unknown,69,United States
Sift,SF Bay Area,,5/14/2020,,Security,Series D,106,United States
TicketSwap,"Amsterdam, Non-U.S.",,5/14/2020,0.3,Consumer,Unknown,8,Netherlands
Workfront,Salt Lake City,,5/14/2020,,Marketing,Series C,375,United States
Deliv,SF Bay Area,669.0,5/13/2020,1.0,Retail,Series C,80,United States
Mercos,"Joinville, Non-U.S.",51.0,5/13/2020,0.4,Sales,Unknown,2,Brazil
Kickstarter,New York City,25.0,5/13/2020,0.18,Finance,Unknown,10,United States
Intersect,"Toronto, Non-U.S.",19.0,5/13/2020,0.11,Product,Acquired,,Canada
Mode Analytics,SF Bay Area,17.0,5/13/2020,,Data,Series C,46,United States
BetterCloud,New York City,,5/13/2020,,Security,Series E,111,United States
WeFit,"Hanoi, Non-U.S.",,5/13/2020,1.0,Fitness,Seed,1,Vietnam
Zymergen ,SF Bay Area,,5/13/2020,0.1,Other,Series C,574,United States
Stone,"Sao Paulo, Non-U.S.",1300.0,5/12/2020,0.2,Finance,Post-IPO,,Brazil
Zeus Living,SF Bay Area,73.0,5/12/2020,0.5,Real Estate,Series B,79,United States
Mixpanel,SF Bay Area,65.0,5/12/2020,0.19,Data,Series B,77,United States
Hireology,Chicago,36.0,5/12/2020,0.17,Recruiting,Series D,52,United States
Top Hat,"Toronto, Non-U.S.",16.0,5/12/2020,0.03,Education,Series D,104,Canada
Datto,Norwalk,,5/12/2020,,Infrastructure,Acquired,100,United States
Petal,New York City,,5/12/2020,,Finance,Series B,47,United States
Revolut,"London, Non-U.S.",60.0,5/11/2020,0.03,Finance,Series D,837,United Kingdom
Cadre,New York City,28.0,5/11/2020,0.25,Real Estate,Series C,133,United States
N26,New York City,9.0,5/8/2020,0.01,Finance,Series D,782,United States
Jump,New York City,500.0,5/7/2020,1.0,Transportation,Acquired,11,United States
Glassdoor,SF Bay Area,300.0,5/7/2020,0.3,Recruiting,Acquired,204,United States
Numbrs,"Zurich, Non-U.S.",62.0,5/7/2020,0.5,Finance,Series B,78,Switzerland
Flywire,Boston,60.0,5/7/2020,0.12,Finance,Series E,263,United States
SalesLoft,Atlanta,55.0,5/7/2020,,Sales,Series D,145,United States
Tally,SF Bay Area,28.0,5/7/2020,0.23,Finance,Series C,92,United States
Airy Rooms,"Jakarta, Non-U.S.",,5/7/2020,1.0,Travel,Unknown,,Indonesia
Uber,SF Bay Area,3700.0,5/6/2020,0.14,Transportation,Post-IPO,24700,United States
Validity,Boston,130.0,5/6/2020,0.33,Data,Private Equity,,United States
Flatiron School,New York City,100.0,5/6/2020,,Education,Acquired,15,United States
Rubicon Project,Los Angeles,50.0,5/6/2020,0.08,Marketing,Post-IPO,60,United States
Segment,SF Bay Area,50.0,5/6/2020,0.1,Data,Series D,283,United States
OPay,"Lagos, Non-U.S.",,5/6/2020,0.7000000000000001,Finance,Series B,170,Nigeria
ThoughtSpot,SF Bay Area,,5/6/2020,,Data,Series E,743,United States
Airbnb,SF Bay Area,1900.0,5/5/2020,0.25,Travel,Private Equity,5400,United States
Juul,SF Bay Area,900.0,5/5/2020,0.3,Consumer,Unknown,1500,United States
Andela,New York City,135.0,5/5/2020,0.1,Recruiting,Series D,181,United States
Stack Overflow,New York City,40.0,5/5/2020,0.15,Recruiting,Series D,68,United States
Pipedrive,"Tallinn, Non-U.S.",31.0,5/5/2020,,Sales,Series C,90,Estonia
Workable,Boston,25.0,5/5/2020,0.1,Recruiting,Series C,84,United States
Cloudera,SF Bay Area,,5/5/2020,,Infrastructure,Post-IPO,1000,United States
Handshake,SF Bay Area,,5/5/2020,,Recruiting,Series C,74,United States
League,"Toronto, Non-U.S.",,5/5/2020,,Healthcare,Unknown,76,Canada
Curefit,"Bengaluru, Non-U.S.",800.0,5/4/2020,0.16,Fitness,Series D,404,India
Careem,"Dubai, Non-U.S.",536.0,5/4/2020,0.31,Transportation,Acquired,771,United Arab Emirates
Oriente,"Hong Kong, Non-U.S.",400.0,5/4/2020,0.2,Finance,Series B,175,Hong Kong
Veriff,"Tallinn, Non-U.S.",63.0,5/4/2020,0.21,Security,Series A,7,Estonia
Element AI,"Montreal, Non-U.S.",62.0,5/4/2020,0.15,Other,Series B,257,Canada
Deputy,"Sydney, Non-U.S.",60.0,5/4/2020,0.3,HR,Series B,106,Australia
Loopio,"Toronto, Non-U.S.",11.0,5/4/2020,0.08,Sales,Series A,11,Canada
Castlight Health,SF Bay Area,,5/4/2020,0.13,Healthcare,Post-IPO,184,United States
Trivago,"Dusseldorf, Non-U.S.",,5/4/2020,,Travel,Acquired,55,Germany
Trax,"Tel Aviv, Non-U.S.",120.0,5/3/2020,0.1,Retail,Series D,386,Israel
LiveTiles,New York City,50.0,5/3/2020,,Other,Post-IPO,46,United States
OYO,"London, Non-U.S.",150.0,5/1/2020,,Travel,Series F,2400,United Kingdom
Namely,New York City,110.0,5/1/2020,0.4,HR,Series E,217,United States
Culture Trip,"London, Non-U.S.",95.0,5/1/2020,0.32,Media,Series B,102,United Kingdom
Sandbox VR,SF Bay Area,80.0,5/1/2020,0.8,Consumer,Series A,82,United States
Virtudent,Boston,70.0,5/1/2020,,Healthcare,Series A,10,United States
Monese,"Lisbon, Non-U.S.",35.0,5/1/2020,,Finance,Unknown,80,Portugal
TheSkimm,New York City,26.0,5/1/2020,0.2,Media,Series C,28,United States
Automatic,SF Bay Area,,5/1/2020,1.0,Transportation,Acquired,24,United States
Flynote,"Bengaluru, Non-U.S.",,5/1/2020,,Travel,Seed,1,India
Bullhorn,Boston,100.0,4/30/2020,,Sales,Acquired,32,United States
Care.com,Boston,81.0,4/30/2020,,Consumer,Acquired,156,United States
AirMap,Los Angeles,,4/30/2020,,Aerospace,Unknown,75,United States
Cohesity,SF Bay Area,,4/30/2020,,Data,Series E,660,United States
Fandom,SF Bay Area,,4/30/2020,0.14,Media,Series E,145,United States
PicoBrew,Seattle,,4/30/2020,1.0,Food,Series A,15,United States
Lyft,SF Bay Area,982.0,4/29/2020,0.17,Transportation,Post-IPO,4900,United States
WeWork,SF Bay Area,300.0,4/29/2020,,Real Estate,Series H,2250,United States
Kayak / OpenTable,Stamford,160.0,4/29/2020,0.08,Travel,Acquired,229,United States
Kitopi,New York City,124.0,4/29/2020,,Food,Series B,89,United States
Lime,SF Bay Area,80.0,4/29/2020,0.13,Transportation,Series D,765,United States
Transfix,New York City,24.0,4/29/2020,0.1,Logistics,Series D,128,United States
Yoco,"Cape Town, Non-U.S.",,4/29/2020,,Finance,Series B,23,South Africa
TripAdvisor,Boston,900.0,4/28/2020,0.25,Travel,Post-IPO,3,United States
Renmoney,"Lagos, Non-U.S.",391.0,4/28/2020,0.5,Finance,Unknown,,Nigeria
Deliveroo,"London, Non-U.S.",367.0,4/28/2020,0.15,Food,Series G,1500,United Kingdom
App Annie,SF Bay Area,80.0,4/28/2020,0.18,Data,Unknown,156,United States
OpenX,Los Angeles,35.0,4/28/2020,0.15,Marketing,Unknown,70,United States
PayJoy,SF Bay Area,27.0,4/28/2020,0.25,Finance,Series B,71,United States
Shipsi,Los Angeles,20.0,4/28/2020,0.5,Retail,Seed,2,United States
Desktop Metal,Boston,,4/28/2020,,Other,Series E,436,United States
Migo,SF Bay Area,,4/28/2020,0.25,Finance,Series B,37,United States
Automation Anywhere,SF Bay Area,260.0,4/27/2020,0.1,Other,Series B,840,United States
JetClosing,Seattle,20.0,4/27/2020,0.2,Real Estate,Series A,24,United States
Qwick,Phoenix,,4/27/2020,0.7000000000000001,Recruiting,Seed,4,United States
OYO,"Sao Paulo, Non-U.S.",500.0,4/25/2020,,Travel,Series F,2400,Brazil
Stoqo,"Jakarta, Non-U.S.",250.0,4/25/2020,1.0,Food,Series A,,Indonesia
Submittable,Missoula,30.0,4/25/2020,0.2,Other,Series B,17,United States
Divergent 3D,Los Angeles,57.0,4/24/2020,0.36,Transportation,Series B,88,United States
Ada Support,"Toronto, Non-U.S.",36.0,4/24/2020,0.23,Support,Series B,60,Canada
UPshow,Chicago,19.0,4/24/2020,0.3,Marketing,Series A,7,United States
Lighter Capital,Seattle,18.0,4/24/2020,0.22,Finance,Series B,15,United States
Horizn Studios,"Berlin, Non-U.S.",15.0,4/24/2020,0.25,Travel,Series B,30,Germany
Welkin Health,SF Bay Area,10.0,4/24/2020,0.33,Healthcare,Series B,29,United States
Jiobit,Chicago,6.0,4/24/2020,0.21,Consumer,Unknown,12,United States
TutorMundi,"Sao Paulo, Non-U.S.",4.0,4/24/2020,1.0,Education,Series A,2,Brazil
Cheddar,New York City,,4/24/2020,,Media,Acquired,54,United States
GoCardless,"London, Non-U.S.",,4/24/2020,,Finance,Series E,122,United Kingdom
StockX,Detroit,100.0,4/23/2020,0.12,Retail,Series C,160,United States
Zenefits,SF Bay Area,87.0,4/23/2020,0.15,HR,Series C,583,United States
Sisense,New York City,80.0,4/23/2020,0.09,Data,Series F,274,United States
Oscar Health,New York City,70.0,4/23/2020,0.05,Healthcare,Unknown,1300,United States
Simon Data,New York City,6.0,4/23/2020,,Marketing,Series C,68,United States
Convoy,Seattle,,4/23/2020,0.01,Logistics,Series D,665,United States
PowerReviews,Chicago,,4/23/2020,,Retail,Acquired,78,United States
Singular,SF Bay Area,,4/23/2020,,Marketing,Series B,50,United States
Magic Leap,Miami,1000.0,4/22/2020,0.5,Consumer,Series E,2600,United States
When I Work,Minneapolis,55.0,4/22/2020,0.35000000000000003,HR,Series B,24,United States
Ike,SF Bay Area,10.0,4/22/2020,0.14,Transportation,Series A,52,United States
Airy Rooms,"Jakarta, Non-U.S.",,4/22/2020,0.7000000000000001,Travel,Unknown,,Indonesia
Clearbit,SF Bay Area,,4/22/2020,,Data,Series A,17,United States
ExtraHop,Seattle,,4/22/2020,,Security,Series C,61,United States
Nearmap,"Sydney, Non-U.S.",,4/22/2020,0.1,Construction,Post-IPO,15,Australia
Swiggy,"Bengaluru, Non-U.S.",800.0,4/21/2020,,Food,Series I,1600,India
Paytm,"New Delhi, Non-U.S.",500.0,4/21/2020,,Finance,Unknown,2200,India
Lending Club,SF Bay Area,460.0,4/21/2020,0.3,Finance,Post-IPO,392,United States
Houzz,SF Bay Area,155.0,4/21/2020,0.1,Consumer,Series E,613,United States
Casper,New York City,78.0,4/21/2020,0.21,Retail,Post-IPO,339,United States
RealSelf,Seattle,40.0,4/21/2020,0.13,Healthcare,Series B,42,United States
Freshbooks,"Toronto, Non-U.S.",38.0,4/21/2020,0.09,Finance,Series B,75,Canada
Patreon,SF Bay Area,30.0,4/21/2020,0.13,Media,Series D,165,United States
Lambda School,SF Bay Area,19.0,4/21/2020,,Education,Series B,48,United States
Politico / Protocol,Washington D.C.,13.0,4/21/2020,,Media,Unknown,,United States
Bringg,"Tel Aviv, Non-U.S.",10.0,4/21/2020,0.1,Logistics,Series D,84,Israel
Klook,"Hong Kong, Non-U.S.",300.0,4/20/2020,0.15,Travel,Series D,521,Hong Kong
ConsenSys,New York City,91.0,4/20/2020,0.14,Crypto,Unknown,10,United States
GumGum,Los Angeles,90.0,4/20/2020,0.25,Marketing,Series D,58,United States
Kueski,"Guadalajara, Non-U.S.",90.0,4/20/2020,0.3,Finance,Series B,38,Mexico
Movidesk,"Blumenau, Non-U.S.",33.0,4/20/2020,0.25,Support,Seed,1,Brazil
Zum,SF Bay Area,28.0,4/20/2020,,Transportation,Series C,71,United States
Komodo Health,SF Bay Area,23.0,4/20/2020,0.09,Healthcare,Series C,50,United States
Forward,SF Bay Area,10.0,4/20/2020,0.03,Healthcare,Series C,100,United States
Hipcamp,SF Bay Area,,4/20/2020,0.6,Travel,Series B,40.5,United States
Motif Investing,SF Bay Area,,4/18/2020,1.0,Finance,Series E,126,United States
BlackBuck,"Bengaluru, Non-U.S.",200.0,4/17/2020,,Logistics,Series D,293,India
ContaAzul,"Joinville, Non-U.S.",140.0,4/17/2020,0.35000000000000003,Education,Series D,37,Brazil
Greenhouse,New York City,120.0,4/17/2020,0.28,Recruiting,Series D,110,United States
QuintoAndar,"Sao Paulo, Non-U.S.",88.0,4/17/2020,0.08,Real Estate,Series D,335,Brazil
Loft,"Sao Paulo, Non-U.S.",47.0,4/17/2020,0.1,Real Estate,Series C,263,Brazil
Zilingo,"Singapore, Non-U.S.",44.0,4/17/2020,0.05,Retail,Series D,307,Singapore
Labster,"Copenhagen, Non-U.S.",40.0,4/17/2020,,Education,Series B,34,Denmark
Sweetgreen,Los Angeles,35.0,4/17/2020,0.1,Food,Series I,478,United States
People.ai,SF Bay Area,30.0,4/17/2020,0.18,Marketing,Series C,100,United States
Tor,Boston,13.0,4/17/2020,0.37,Security,Unknown,1,United States
BitGo,SF Bay Area,,4/17/2020,0.12,Crypto,Series B,69,United States
Dispatch,Boston,,4/17/2020,0.38,Other,Series A,18,United States
Food52,New York City,,4/17/2020,,Food,Acquired,96,United States
Influitive,"Toronto, Non-U.S.",,4/17/2020,,Marketing,Unknown,59,Canada
CarGurus,Boston,130.0,4/16/2020,0.13,Transportation,Post-IPO,1,United States
Funding Societies,"Singapore, Non-U.S.",65.0,4/16/2020,0.18,Finance,Series B,42,Singapore
CleverTap,"Mumbai, Non-U.S.",60.0,4/16/2020,0.2,Marketing,Series C,76,India
CrowdRiff,"Toronto, Non-U.S.",,4/16/2020,,Marketing,Series A,11,Canada
FullStory,Atlanta,,4/16/2020,,Marketing,Series C,59,United States
Grailed,New York City,,4/16/2020,,Retail,Series A,16,United States
LumenAd,Missoula,,4/16/2020,,Marketing,Unknown,,United States
Purse,SF Bay Area,,4/16/2020,1.0,Crypto,Seed,1,United States
SquadVoice,Columbus,,4/16/2020,,Real Estate,Series A,2,United States
Opendoor,SF Bay Area,600.0,4/15/2020,0.35000000000000003,Real Estate,Series E,1500,United States
GoPro,SF Bay Area,200.0,4/15/2020,0.2,Consumer,Post-IPO,288,United States
Shop101,"Mumbai, Non-U.S.",200.0,4/15/2020,0.4,Retail,Series C,19,India
Zume,SF Bay Area,200.0,4/15/2020,0.67,Food,Unknown,423,United States
Carta,SF Bay Area,161.0,4/15/2020,0.16,Finance,Series E,447,United States
Akulaku,"Jakarta, Non-U.S.",100.0,4/15/2020,,Finance,Series D,160,Indonesia
Parsable,SF Bay Area,40.0,4/15/2020,0.25,HR,Series C,72,United States
Kodiak Robotics,SF Bay Area,15.0,4/15/2020,0.2,Transportation,Series A,40,United States
Tulip Retail,"Toronto, Non-U.S.",14.0,4/15/2020,,Retail,Series B,51,Canada
Trove Recommerce,SF Bay Area,13.0,4/15/2020,,Retail,Series C,34,United States
Dude Solutions,Raleigh,,4/15/2020,0.2,Other,Acquired,100,United States
SweetEscape,"Jakarta, Non-U.S.",,4/15/2020,0.3,Consumer,Series A,7,Indonesia
View,SF Bay Area,,4/15/2020,,Energy,Series H,1800,United States
The RealReal,SF Bay Area,235.0,4/14/2020,0.1,Retail,Post-IPO,358,United States
TouchBistro,"Toronto, Non-U.S.",131.0,4/14/2020,0.23,Food,Series E,224,Canada
Envoy,SF Bay Area,58.0,4/14/2020,0.3,HR,Series B,59,United States
VSCO,SF Bay Area,45.0,4/14/2020,0.35000000000000003,Consumer,Series B,90,United States
Skillz,SF Bay Area,21.0,4/14/2020,,Consumer,Series D,132,United States
DataStax,SF Bay Area,15.0,4/14/2020,,Data,Series E,190,United States
Xerpa,"Sao Paulo, Non-U.S.",10.0,4/14/2020,,HR,Unknown,5,Brazil
Aura Financial,SF Bay Area,,4/14/2020,,Finance,Unknown,584,United States
RedDoorz,"Singapore, Non-U.S.",,4/14/2020,,Travel,Series C,134,Singapore
Groupon,Chicago,2800.0,4/13/2020,0.44,Retail,Post-IPO,1400,United States
Zoox,SF Bay Area,100.0,4/13/2020,0.1,Transportation,Series B,955,United States
Neon,"Sao Paulo, Non-U.S.",70.0,4/13/2020,0.1,Finance,Series B,120,Brazil
EasyPost,SF Bay Area,50.0,4/13/2020,0.25,Logistics,Series A,12,United States
Clearbanc,"Toronto, Non-U.S.",17.0,4/13/2020,0.08,Finance,Series B,119,Canada
Meow Wolf,Santa Fe,201.0,4/10/2020,,Media,Unknown,185,United States
Frontdesk,Milwaukee,35.0,4/10/2020,0.16,Travel,Unknown,3,United States
BeeTech,"Sao Paulo, Non-U.S.",30.0,4/10/2020,,Finance,Series B,14,Brazil
Built In,Chicago,28.0,4/10/2020,,Recruiting,Series C,29,United States
NuoDB,Boston,20.0,4/10/2020,0.29,Data,Unknown,85,United States
Rhumbix,SF Bay Area,16.0,4/10/2020,0.27,Construction,Series B,35,United States
Atsu,Seattle,6.0,4/10/2020,1.0,Infrastructure,Unknown,1,United States
Geekwire,Seattle,5.0,4/10/2020,0.31,Media,Unknown,,United States
FloQast,Los Angeles,,4/10/2020,,Finance,Series C,119,United States
Yelp,SF Bay Area,1000.0,4/9/2020,0.17,Consumer,Post-IPO,56,United States
Monzo,Las Vegas,165.0,4/9/2020,,Finance,Series F,324,United States
OneTrust,Atlanta,150.0,4/9/2020,0.1,Legal,Series B,410,United States
Omie,"Sao Paulo, Non-U.S.",136.0,4/9/2020,0.31,Finance,Series B,26,Brazil
Domo,Salt Lake City,90.0,4/9/2020,0.1,Data,Post-IPO,689,United States
Matterport,SF Bay Area,90.0,4/9/2020,0.34,Data,Series D,114,United States
Clinc,Ann Arbor,40.0,4/9/2020,0.32,Support,Series B,59,United States
Mejuri,"Toronto, Non-U.S.",36.0,4/9/2020,0.15,Retail,Series B,28,Canada
Code42,Minneapolis,25.0,4/9/2020,0.05,Data,Series B,137.5,United States
Lighthouse Labs,"Toronto, Non-U.S.",14.0,4/9/2020,0.07,Education,Unknown,,Canada
LoopMe,"London, Non-U.S.",8.0,4/9/2020,0.04,Marketing,Unknown,32,United Kingdom
CipherTrace,SF Bay Area,,4/9/2020,,Crypto,Unknown,18,United States
Elliptic,"London, Non-U.S.",,4/9/2020,0.3,Crypto,Series B,40,United Kingdom
Zest AI,Los Angeles,,4/9/2020,,Finance,Unknown,217,United States
Eventbrite,SF Bay Area,500.0,4/8/2020,0.45,Consumer,Post-IPO,332,United States
Meesho,"Bengaluru, Non-U.S.",200.0,4/8/2020,0.28,Retail,Series D,215,India
Scoop,SF Bay Area,92.0,4/8/2020,0.33,Transportation,Series C,95,United States
Unison,SF Bay Area,89.0,4/8/2020,0.45,Finance,Series B,40,United States
Lever,SF Bay Area,86.0,4/8/2020,0.4,Recruiting,Series C,72,United States
Unbabel,"Lisbon, Non-U.S.",80.0,4/8/2020,0.35000000000000003,Support,Series C,91,Portugal
Button,New York City,48.0,4/8/2020,0.35000000000000003,Marketing,Series C,64,United States
Eden / Managed By Q,New York City,40.0,4/8/2020,0.4,Real Estate,Series B,40,United States
Quantcast,SF Bay Area,30.0,4/8/2020,0.05,Marketing,Series C,65,United States
BVAccel,San Diego,25.0,4/8/2020,0.25,Marketing,Unknown,,United States
VideoAmp,Los Angeles,21.0,4/8/2020,0.1,Marketing,Series C,106,United States
Kenoby,"Sao Paulo, Non-U.S.",18.0,4/8/2020,0.16,Recruiting,Unknown,23,Brazil
Connected,"Toronto, Non-U.S.",17.0,4/8/2020,0.1,Product,Unknown,,Canada
GetNinjas,"Sao Paulo, Non-U.S.",11.0,4/8/2020,0.1,Consumer,Series B,16,Brazil
Spyce,Boston,4.0,4/8/2020,0.12,Food,Series A,26,United States
Creditas,"Sao Paulo, Non-U.S.",,4/8/2020,0.06,Finance,Series D,314,Brazil
Lytics,Portland,,4/8/2020,,Marketing,Series C,58,United States
RedDoorz,"Singapore, Non-U.S.",,4/8/2020,0.1,Travel,Series C,134,Singapore
Slice Labs,New York City,,4/8/2020,,Finance,Series A,35,United States
TechAdvance,"Lagos, Non-U.S.",,4/8/2020,,Finance,Unknown,1,Nigeria
Zola,New York City,,4/8/2020,0.2,Retail,Series D,140,United States
Toast,Boston,1300.0,4/7/2020,0.5,Food,Series F,902,United States
ezCater,Boston,400.0,4/7/2020,0.44,Food,Series D,319,United States
Sage Therapeutics,Boston,340.0,4/7/2020,0.53,Healthcare,Post-IPO,438,United States
Redfin,Seattle,236.0,4/7/2020,0.07,Real Estate,Post-IPO,319,United States
Branch Metrics,SF Bay Area,100.0,4/7/2020,0.2,Marketing,Series E,367,United States
Newfront Insurance,SF Bay Area,94.0,4/7/2020,,Finance,Unknown,,United States
Ibotta,Denver,87.0,4/7/2020,0.15,Retail,Series D,85,United States
Virta Health,SF Bay Area,65.0,4/7/2020,,Healthcare,Series C,175,United States
Away,New York City,60.0,4/7/2020,0.1,Retail,Series D,181,United States
MediaMath,New York City,53.0,4/7/2020,0.08,Marketing,Private Equity,607,United States
Group Nine Media,New York City,50.0,4/7/2020,0.07,Media,Unknown,190,United States
Payfactors,Boston,46.0,4/7/2020,,HR,Unknown,,United States
Nav,Salt Lake City,30.0,4/7/2020,,Finance,Series C,99,United States
AskNicely,Portland,,4/7/2020,,Support,Series A,15,United States
RainFocus,Salt Lake City,,4/7/2020,,Marketing,Private Equity,41,United States
Metromile,SF Bay Area,100.0,4/6/2020,0.33,Finance,Series E,293,United States
Rock Content,"Belo Horizonte, Non-U.S.",100.0,4/6/2020,0.2,Marketing,Series A,0.7,Brazil
BounceX,New York City,77.0,4/6/2020,0.2,Marketing,Series B,75,United States
C6 Bank,"Sao Paulo, Non-U.S.",60.0,4/6/2020,0.06,Finance,Unknown,,Brazil
Wordstream,Boston,26.0,4/6/2020,0.1,Marketing,Acquired,28,United States
Cogito,Boston,24.0,4/6/2020,0.14,Support,Series C,92,United States
BusBud,"Montreal, Non-U.S.",23.0,4/6/2020,0.32,Transportation,Series B,21,Canada
Borrowell,"Toronto, Non-U.S.",15.0,4/6/2020,0.2,Finance,Series B,72,Canada
PerkSpot,Chicago,10.0,4/6/2020,0.1,HR,Private Equity,50,United States
Bitfarms,"Quebec, Non-U.S.",,4/6/2020,,Crypto,Post-IPO,25,Canada
Hopper,Boston,,4/6/2020,,Travel,Series D,183,United States
Mapbox,Washington D.C.,,4/6/2020,,Data,Series C,227,United States
Astra,SF Bay Area,40.0,4/5/2020,0.25,Aerospace,Unknown,100,United States
Iflix,"Kuala Lumpur, Non-U.S.",50.0,4/4/2020,0.12,Consumer,Unknown,348,Malaysia
Gympass,"Sao Paulo, Non-U.S.",467.0,4/3/2020,0.33,Fitness,Series D,300,Brazil
Sojern,SF Bay Area,300.0,4/3/2020,0.5,Marketing,Series D,162,United States
MaxMilhas,"Belo Horizonte, Non-U.S.",167.0,4/3/2020,0.42,Travel,Unknown,,Brazil
Minted,SF Bay Area,147.0,4/3/2020,0.37,Retail,Series E,297,United States
Velodyne Lidar,SF Bay Area,140.0,4/3/2020,,Transportation,Unknown,225,United States
Zoox,SF Bay Area,120.0,4/3/2020,,Transportation,Series B,955,United States
Traveloka,"Jakarta, Non-U.S.",100.0,4/3/2020,0.1,Travel,Unknown,,Indonesia
Arrive Logistics,Austin,75.0,4/3/2020,0.07,Logistics,Series B,35,United States
Salsify,Boston,60.0,4/3/2020,0.13,Retail,Series D,97,United States
Jetty,New York City,35.0,4/3/2020,0.4,Finance,Series B,40,United States
D2iQ,SF Bay Area,34.0,4/3/2020,0.13,Infrastructure,Series D,247,United States
Bustle Digital Group,New York City,24.0,4/3/2020,0.08,Media,Series E,80,United States
Bustle Digital Group,New York City,19.0,4/3/2020,,Media,Series E,80,United States
Opencare,"Toronto, Non-U.S.",18.0,4/3/2020,0.25,Healthcare,Series A,24,Canada
Anagram,Los Angeles,17.0,4/3/2020,,Healthcare,Series A,14,United States
G/O Media Group,New York City,14.0,4/3/2020,0.05,Media,Unknown,,United States
DSCO,Salt Lake City,12.0,4/3/2020,,Retail,Series A,4,United States
Tripbam,Dallas,10.0,4/3/2020,0.25,Travel,Unknown,,United States
Avantage Entertainment,Minneapolis,5.0,4/3/2020,0.2,Media,Unknown,,United States
Alegion,Austin,,4/3/2020,,Data,Series A,16,United States
AllyO,SF Bay Area,,4/3/2020,,HR,Series B,64,United States
Mews,"Prague, Non-U.S.",,4/3/2020,,Travel,Series B,41,Czech Republic
PeopleGrove,SF Bay Area,,4/3/2020,,HR,Series A,7,United States
The Muse,New York City,,4/3/2020,,Recruiting,Series B,28,United States
The Wing,New York City,,4/3/2020,0.5,Real Estate,Series C,117,United States
MindBody,San Luis Obispo,700.0,4/2/2020,0.35000000000000003,Fitness,Post-IPO,114,United States
Katerra,SF Bay Area,240.0,4/2/2020,0.03,Construction,Series D,1200,United States
Ritual,"Toronto, Non-U.S.",196.0,4/2/2020,0.54,Food,Series C,112,Canada
ClassPass,New York City,154.0,4/2/2020,0.22,Fitness,Series E,549,United States
eGym,"Munich, Non-U.S.",100.0,4/2/2020,0.25,Fitness,Series D,109,Germany
Voi,"Stockholm, Non-U.S.",100.0,4/2/2020,,Transportation,Series B,167,Sweden
Industrious,New York City,90.0,4/2/2020,0.2,Real Estate,Series D,222,United States
1stdibs,New York City,70.0,4/2/2020,0.17,Retail,Series D,253,United States
ThirdLove,SF Bay Area,65.0,4/2/2020,0.3,Retail,Series B,68,United States
Latch,New York City,60.0,4/2/2020,,Security,Series B,152,United States
The Predictive Index,Boston,59.0,4/2/2020,0.25,HR,Acquired,65,United States
Shuttl,"New Delhi, Non-U.S.",40.0,4/2/2020,,Transportation,Series C,122,India
Jobcase,Boston,39.0,4/2/2020,0.2,Recruiting,Private Equity,118,United States
Copper,SF Bay Area,35.0,4/2/2020,,Marketing,Series C,102,United States
Dynamic Signal,SF Bay Area,35.0,4/2/2020,0.19,HR,Series E,114,United States
FiscalNote,Washington D.C.,30.0,4/2/2020,,Media,Series D,50,United States
Sauce Labs,SF Bay Area,30.0,4/2/2020,0.15,Infrastructure,Unknown,151,United States
Humu,SF Bay Area,26.0,4/2/2020,,HR,Series B,40,United States
TripleLift,New York City,23.0,4/2/2020,0.07,Marketing,Series B,16,United States
Coding Dojo,Seattle,7.0,4/2/2020,0.07,Education,Unknown,2,United States
Instamojo,"Bengaluru, Non-U.S.",6.0,4/2/2020,0.06,Finance,Unknown,8,India
Synergysuite,Salt Lake City,5.0,4/2/2020,0.07,Food,Series A,6,United States
Atlanta Tech Village,Atlanta,,4/2/2020,0.5,Real Estate,Unknown,,United States
Capillary,"Bengaluru, Non-U.S.",,4/2/2020,,Retail,Private Equity,102,India
Modsy,SF Bay Area,,4/2/2020,,Retail,Series C,70,United States
The Modist,"Dubai, Non-U.S.",,4/2/2020,1.0,Retail,Unknown,,United Arab Emirates
Wonder,New York City,,4/2/2020,,Other,Unknown,,United States
Booksy,SF Bay Area,200.0,4/1/2020,,Consumer,Series B,48,United States
Flymya,"Yangon, Non-U.S.",200.0,4/1/2020,0.33,Travel,Unknown,,Myanmar
PatientPop,Los Angeles,100.0,4/1/2020,0.2,Healthcare,Series B,75,United States
Showpad,Chicago,52.0,4/1/2020,0.12,Marketing,Series D,159,United States
Highsnobiety,"Berlin, Non-U.S.",51.0,4/1/2020,0.25,Media,Series A,8.5,Germany
Earnin,SF Bay Area,50.0,4/1/2020,0.2,Finance,Series C,190,United States
Wonolo,SF Bay Area,46.0,4/1/2020,0.13,Recruiting,Series C,52,United States
Acko,"Mumbai, Non-U.S.",45.0,4/1/2020,0.09,Finance,Unknown,143,India
Moovel,Portland,28.0,4/1/2020,0.37,Transportation,Unknown,,United States
Aqua Security,"Tel Aviv, Non-U.S.",24.0,4/1/2020,0.09,Security,Series C,100,Israel
Crayon,Boston,20.0,4/1/2020,0.2,Marketing,Series A,16,United States
Pana,Denver,18.0,4/1/2020,,Travel,Series A,11,United States
Sensibill,"Toronto, Non-U.S.",17.0,4/1/2020,0.2,Finance,Series B,50,Canada
Usermind,Seattle,15.0,4/1/2020,0.25,Marketing,Series C,46,United States
Incredible Health,SF Bay Area,9.0,4/1/2020,0.4,Healthcare,Series A,15,United States
Currency,Los Angeles,,4/1/2020,,Finance,Unknown,,United States
GOAT Group,Los Angeles,,4/1/2020,,Retail,Series D,197,United States
Le Tote,SF Bay Area,,4/1/2020,0.5,Retail,Series C,62,United States
Levelset,New Orleans,,4/1/2020,,Construction,Series C,46,United States
Pebblepost,New York City,,4/1/2020,0.6,Marketing,Series C,81,United States
WhyHotel,Washington D.C.,,4/1/2020,0.5,Travel,Series B,33,United States
KeepTruckin,SF Bay Area,349.0,3/31/2020,0.18,Logistics,Series D,227,United States
AdRoll,Salt Lake City,210.0,3/31/2020,0.3,Marketing,Series C,89,United States
Rover,Seattle,194.0,3/31/2020,0.41000000000000003,Consumer,Series G,310,United States
Turo,SF Bay Area,108.0,3/31/2020,0.3,Transportation,Series E,467,United States
uShip,Austin,65.0,3/31/2020,0.37,Logistics,Series D,69,United States
SkySlope,Sacramento,50.0,3/31/2020,0.25,Real Estate,Acquired,,United States
Siteimprove,Minneapolis,40.0,3/31/2020,,Marketing,Unknown,55,United States
AngelList,SF Bay Area,20.0,3/31/2020,,Recruiting,Series B,26,United States
Zenoti,Seattle,17.0,3/31/2020,0.04,Fitness,Series C,91,United States
DialSource,Sacramento,5.0,3/31/2020,0.14,Marketing,Series B,26,United States
Adara,SF Bay Area,,3/31/2020,,Travel,Series C,67,United States
Claravine,Salt Lake City,,3/31/2020,,Marketing,Seed,4,United States
Domio,New York City,,3/31/2020,0.3,Travel,Series B,116,United States
Kazoo,Austin,,3/31/2020,0.35000000000000003,HR,Series A,8,United States
Snap Finance,Salt Lake City,,3/31/2020,,Finance,Unknown,,United States
Zerto,Boston,,3/31/2020,,Infrastructure,Series E,130,United States
Thumbtack,SF Bay Area,250.0,3/30/2020,0.3,Consumer,Series F,423,United States
RigUp,Austin,120.0,3/30/2020,0.25,Energy,Series D,423,United States
FabHotels,"New Delhi, Non-U.S.",80.0,3/30/2020,0.2,Travel,Series B,48,India
Hibob,"Tel Aviv, Non-U.S.",70.0,3/30/2020,0.3,HR,Series A,45,Israel
PeerStreet,Los Angeles,51.0,3/30/2020,0.3,Finance,Series C,110,United States
Maven,Seattle,31.0,3/30/2020,0.09,Media,Post-IPO,77,United States
Blume Global,SF Bay Area,30.0,3/30/2020,0.1,Logistics,Unknown,,United States
Catalant,Boston,30.0,3/30/2020,,Other,Series E,110,United States
Starship Technologies,"Tallinn, Non-U.S.",30.0,3/30/2020,,Transportation,Series A,82,Estonia
Loftsmart,New York City,25.0,3/30/2020,0.75,Real Estate,Series A,18,United States
Caliva,SF Bay Area,20.0,3/30/2020,,Retail,Series A,75,United States
Iris Nova,New York City,9.0,3/30/2020,0.5,Food,Seed,15,United States
Cuyana,SF Bay Area,,3/30/2020,,Retail,Series C,31,United States
ZipRecruiter,Los Angeles,400.0,3/29/2020,0.39,Recruiting,Series B,219,United States
Amplero,Seattle,17.0,3/29/2020,1.0,Marketing,Series B,25,United States
Polarr,SF Bay Area,10.0,3/29/2020,,Consumer,Series A,13,United States
TravelTriangle,"Gurugram, Non-U.S.",250.0,3/28/2020,0.5,Travel,Series D,47,India
WeWork,New York City,250.0,3/28/2020,,Real Estate,Series H,2250,United States
Rent the Runway,New York City,,3/28/2020,,Retail,Series F,541,United States
OneWeb,"London, Non-U.S.",451.0,3/27/2020,0.85,Aerospace,Unknown,3000,United Kingdom
Bird,Los Angeles,406.0,3/27/2020,0.3,Transportation,Series D,623,United States
HOOQ,"Singapore, Non-U.S.",250.0,3/27/2020,1.0,Consumer,Unknown,95,Singapore
Everlane,SF Bay Area,227.0,3/27/2020,,Retail,Unknown,18,United States
DataRobot,Boston,200.0,3/27/2020,,Data,Series E,430,United States
Restaurant365,Los Angeles,175.0,3/27/2020,,Food,Series C,127,United States
Blueground,New York City,130.0,3/27/2020,0.25,Real Estate,Series B,77,United States
Knotel,New York City,127.0,3/27/2020,0.3,Real Estate,Series C,560,United States
Getaround,SF Bay Area,100.0,3/27/2020,0.25,Transportation,Series D,403,United States
Zipcar,Boston,100.0,3/27/2020,0.2,Transportation,Acquired,107,United States
Mogo,"Vancouver, Non-U.S.",78.0,3/27/2020,0.3,Finance,Post-IPO,201,Canada
DISCO,Austin,75.0,3/27/2020,,Legal,Series E,133,United States
Raken,San Diego,60.0,3/27/2020,,Construction,Series A,12,United States
Bench,"Vancouver, Non-U.S.",47.0,3/27/2020,0.1,Finance,Series B,49,Canada
Loft,"Sao Paulo, Non-U.S.",47.0,3/27/2020,,Real Estate,Series C,263,Brazil
Oh My Green,SF Bay Area,40.0,3/27/2020,,Food,Seed,20,United States
Bevi,Boston,30.0,3/27/2020,0.2,Food,Series C,60,United States
Textio,Seattle,30.0,3/27/2020,0.2,Recruiting,Unknown,41,United States
Opal,Portland,20.0,3/27/2020,,Marketing,Series B,25,United States
ThirdLove,New York City,10.0,3/27/2020,,Retail,Series B,68,United States
Bcredi,"Curitiba, Non-U.S.",,3/27/2020,,Finance,Series A,,Brazil
Make School,SF Bay Area,,3/27/2020,,Education,Unknown,,United States
Pivot3,Austin,,3/27/2020,,Infrastructure,Series H,273,United States
B8ta,SF Bay Area,250.0,3/26/2020,0.5,Retail,Series C,88,United States
Fareportal,"Gurugram, Non-U.S.",200.0,3/26/2020,,Travel,Unknown,,India
Puppet,Portland,50.0,3/26/2020,0.1,Infrastructure,Series F,149,United States
Ecobee,"Toronto, Non-U.S.",47.0,3/26/2020,0.1,Energy,Series C,149,Canada
Passport,Charlotte,44.0,3/26/2020,,Transportation,Series D,123,United States
Peerspace,SF Bay Area,41.0,3/26/2020,0.75,Real Estate,Series B,34,United States
GoSpotCheck,Denver,23.0,3/26/2020,0.2,Retail,Series B,47,United States
Consider.co,SF Bay Area,13.0,3/26/2020,1.0,Other,Seed,5,United States
Nativo,Los Angeles,,3/26/2020,0.4,Marketing,Series B,35,United States
TripActions,SF Bay Area,300.0,3/25/2020,0.25,Travel,Series D,981,United States
Lyric,SF Bay Area,100.0,3/25/2020,,Real Estate,Series B,179.1,United States
Rangle,"Toronto, Non-U.S.",78.0,3/25/2020,0.3,Product,Unknown,,Canada
O'Reilly Media,SF Bay Area,75.0,3/25/2020,0.15,Media,Unknown,,United States
WanderJaunt,SF Bay Area,56.0,3/25/2020,0.23,Travel,Series B,26,United States
OutboundEngine,Austin,52.0,3/25/2020,0.28,Marketing,Series C,48,United States
Wonderschool,SF Bay Area,50.0,3/25/2020,0.75,Education,Series A,24,United States
Overtime,New York City,30.0,3/25/2020,0.23,Media,Series B,35,United States
Jama,Portland,12.0,3/25/2020,0.05,Product,Unknown,233,United States
Element Analytics,SF Bay Area,10.0,3/25/2020,,Data,Series A,22,United States
Clever Real Estate,St. Louis,,3/25/2020,,Real Estate,Series A,5,United States
Clutter,Los Angeles,,3/25/2020,0.3,Consumer,Series D,296,United States
Divvy Homes,SF Bay Area,,3/25/2020,0.08,Real Estate,Series B,180,United States
Universal Standard,New York City,,3/25/2020,,Retail,Series A,8,United States
Sonder,SF Bay Area,400.0,3/24/2020,0.33,Travel,Series D,359,United States
Takl,Nashville,130.0,3/24/2020,,Consumer,Unknown,,United States
Foodsby,Minneapolis,87.0,3/24/2020,0.67,Food,Series B,20,United States
Zeus Living,SF Bay Area,80.0,3/24/2020,0.3,Real Estate,Series B,79,United States
TravelBank,SF Bay Area,20.0,3/24/2020,,Travel,Series B,35,United States
Flowr,"Toronto, Non-U.S.",,3/24/2020,0.25,Retail,Unknown,,Canada
Peerfit,Tampa Bay,,3/24/2020,0.4,HR,Unknown,47,United States
SpotHero,Chicago,,3/24/2020,,Transportation,Series D,117,United States
Compass,New York City,375.0,3/23/2020,0.15,Real Estate,Series G,1600,United States
Convene,New York City,150.0,3/23/2020,0.18,Real Estate,Series D,280,United States
Leafly,Seattle,91.0,3/23/2020,0.5,Retail,Acquired,2,United States
The Guild,Austin,38.0,3/23/2020,0.22,Travel,Series B,36,United States
Drip,Salt Lake City,20.0,3/23/2020,,Marketing,Acquired,,United States
GrayMeta,Los Angeles,20.0,3/23/2020,0.4,Data,Unknown,7,United States
Triplebyte,SF Bay Area,15.0,3/23/2020,0.17,Recruiting,Series B,48,United States
Ladder Life,SF Bay Area,13.0,3/23/2020,0.25,Finance,Series C,94,United States
Cabin,SF Bay Area,,3/23/2020,0.2,Travel,Seed,3,United States
Eight Sleep,New York City,,3/23/2020,0.2,Retail,Series C,70,United States
Zwift,Los Angeles,,3/23/2020,,Fitness,Series B,164,United States
Flywheel Sports,New York City,784.0,3/20/2020,0.98,Fitness,Acquired,120,United States
Peek,Salt Lake City,45.0,3/20/2020,,Travel,Series B,39,United States
CTO.ai,"Vancouver, Non-U.S.",30.0,3/20/2020,0.5,Infrastructure,Seed,7,Canada
Yonder,Austin,18.0,3/20/2020,,Media,Series A,16,United States
Service,Los Angeles,,3/20/2020,1.0,Travel,Seed,5,United States
Vacasa,Portland,,3/20/2020,,Travel,Series C,526,United States
Bounce,"Bengaluru, Non-U.S.",120.0,3/19/2020,,Transportation,Series D,214,India
Ejento,SF Bay Area,84.0,3/19/2020,1.0,Recruiting,Unknown,,United States
Remote Year,Chicago,50.0,3/19/2020,0.5,Travel,Series B,17,United States
Lola,Boston,34.0,3/19/2020,,Travel,Series C,81,United States
Anyvision,"Tel Aviv, Non-U.S.",,3/19/2020,,Security,Series A,74,Israel
Popin,New York City,,3/19/2020,1.0,Fitness,Unknown,13,United States
Tuft & Needle,Phoenix,,3/19/2020,,Retail,Acquired,,United States
Flytedesk,Boulder,4.0,3/18/2020,0.2,Marketing,Seed,4,United States
Inspirato,Denver,130.0,3/16/2020,0.22,Travel,Series C,79,United States
Help.com,Austin,16.0,3/16/2020,1.0,Support,Seed,6,United States
Service,Los Angeles,,3/16/2020,1.0,Travel,Seed,5.1,United States
HopSkipDrive,Los Angeles,8.0,3/13/2020,0.1,Transportation,Unknown,45,United States
Panda Squad,SF Bay Area,6.0,3/13/2020,0.75,Consumer,Seed,1,United States
Tamara Mellon,Los Angeles,20.0,3/12/2020,0.4,Retail,Series C,90,United States
EasyPost,Salt Lake City,75.0,3/11/2020,,Logistics,Series A,12,United States
